Workbook

Sheet ESPANOL
E7: CALCULO DE NOTAS | AO7: Calificacion Final | AP7: % DE ASISTENCIA ANUAL | AR7: CALIFICACION COMPLETIVA | AV7: CALIFICACION EXTRAORDINARIA | AZ7: EVALUACION ESPECIAL | BB7: SITUACIONFINAL EN LA ASIGNATURA
A9: NO | B9: ID | C9: NOMBRES | D9: APELLIDOS | E9: CE - LE1 | M9: CE - LE2, LE3 | U9: CE - LE4, LE6 | AC9: CE - LE5, LE7 | AK9: PCP 1 | AL9: PCP 2 | AM9: PCP 3 | AN9: PCP 4 | AR9: 50% C.F | AS9: C.E.C. | AT9: 50% C.E.C. | AU9: C.C.F | AV9: 30% C.F. | AW9: C.E.EX | AX9: 70% C.E.EX | AY9: C.EX.F | AZ9: C.F. | BA9: C.E. | BB9: A | BC9: R
E10: P1 | F10: RP1 | G10: P2 | H10: RP2 | I10: P3 | J10: RP3 | K10: P4 | L10: RP4 | M10: P1 | N10: RP1 | O10: P2 | P10: RP2 | Q10: P3 | R10: RP3 | S10: P4 | T10: RP4 | U10: P1 | V10: RP1 | W10: P2 | X10: RP3 | Y10: P3 | Z10: RP4 | AA10: P4 | AB10: RP4 | AC10: P1 | AD10: RP1 | AE10: P2 | AF10: RP3 | AG10: P3 | AH10: RP4 | AI10: P4 | AJ10: RP4 | BE10: P1 | BF10: P2 | BG10: P3 | BH10: P4 | BI10: C.F
A11: 1 | B11: 1A-A-01 | C11: LUIS ANDRES | D11: ADAMES COLON | E11: 75 | G11: 78 | I11: 77 | K11: 74 | M11: 77 | O11: 82 | Q11: 83 | S11: 78 | U11: 84 | W11: 79 | Y11: 82 | AA11: 87 | AC11: 78 | AE11: 81 | AG11: 84 | AI11: 81 | AK11: =SUMIF(E11:E11, ">=70") / 4 +SUMIF(G11:G11, ">=70") / 4 +SUMIF(I11:I11, ">=70") / 4 +SUMIF(K11:K11, ">=70") / 4 + SUMIF(F11:F11, ">1") / 4 + SUMIF(H11:H11, ">1") / 4 + SUMIF(J11:J11, ">1") / 4 + SUMIF(L11:L11, ">1") / 4 -> 76 | AL11: =SUMIF(M11:M11, ">=70") / 4 +SUMIF(O11:O11, ">=70") / 4 +SUMIF(Q11:Q11, ">=70") / 4 +SUMIF(S11:S11, ">=70") / 4 + SUMIF(N11:N11, ">1") / 4 + SUMIF(P11:P11, ">1") / 4 + SUMIF(R11:R11, ">1") / 4 + SUMIF(T11:T11, ">1") / 4 -> 80 | AM11: =SUMIF(U11:U11, ">=70") / 4 +SUMIF(W11:W11, ">=70") / 4 +SUMIF(Y11:Y11, ">=70") / 4 +SUMIF(AA11:AA11, ">=70") / 4 + SUMIF(V11:V11, ">1") / 4 + SUMIF(X11:X11, ">1") / 4 + SUMIF(Z11:Z11, ">1") / 4 + SUMIF(AB11:AB11, ">1") / 4 -> 83 | AN11: =SUMIF(AC11:AC11, ">=70") / 4 +SUMIF(AE11:AE11, ">=70") / 4 +SUMIF(AG11:AG11, ">=70") / 4 +SUMIF(AI11:AI11, ">=70") / 4 + SUMIF(AD11:AD11, ">1") / 4 + SUMIF(AF11:AF11, ">1") / 4 + SUMIF(AH11:AH11, ">1") / 4 + SUMIF(AJ11:AJ11, ">1") / 4 -> 81 | AO11: =AVERAGE(AK11:AN11) -> 80 | AR11: =IF(AO11<70, AO11*0.5, "") | AT11: =AS11*50% -> 0 | AU11: =IF(AS11<>"", IF(AR11="","",AR11+AT11), "") | AV11: =IF(AU11 < 70, AR11*30%, "") | AX11: =AW11*70% -> 0 | AY11: =IF(AW11<>"", IF(AV11="", "", AV11+AX11), "") | AZ11: =IF(AND(AU11<70, AY11<70), AO11, "") | BB11: =IF(AW11<>"", IF(AY11>=70, AY11, IF(AZ11+BA11>=70, AZ11+BA11, "")), IF(AS11<>"", IF(AU11>=70, AU11, ""), IF(AO11>=70, AO11, ""))) -> 80 | BC11: =IF(AW11<>"", IF(AY11<70, IF(AZ11+BA11<70, AZ11+BA11, ""), ""), IF(AS11<>"", IF(AU11<70, AU11, ""), IF(AO11<70, AO11, ""))) | BE11: =SUM(E11+M11+U11+AC11)/4 -> 78.5 | BF11: =SUM(G11+O11+W11+AE11)/4 -> 80 | BG11: =SUM(I11+Q11+Y11+AG11)/4 -> 81.5 | BH11: =SUM(K11+S11+AA11+AI11)/4 -> 80 | BI11: =AVERAGE(BE11:BH11) -> 80
A12: 2 | B12: 1A-A-02 | C12: ANEURIS | D12: ANDERSON | E12: 83 | G12: 85 | I12: 80 | K12: 88 | M12: 85 | O12: 87 | Q12: 84 | S12: 88 | U12: 82 | W12: 84 | Y12: 80 | AA12: 86 | AC12: 86 | AE12: 88 | AG12: 85 | AI12: 87 | AK12: =SUMIF(E12:E12, ">=70") / 4 +SUMIF(G12:G12, ">=70") / 4 +SUMIF(I12:I12, ">=70") / 4 +SUMIF(K12:K12, ">=70") / 4 + SUMIF(F12:F12, ">1") / 4 + SUMIF(H12:H12, ">1") / 4 + SUMIF(J12:J12, ">1") / 4 + SUMIF(L12:L12, ">1") / 4 -> 84 | AL12: =SUMIF(M12:M12, ">=70") / 4 +SUMIF(O12:O12, ">=70") / 4 +SUMIF(Q12:Q12, ">=70") / 4 +SUMIF(S12:S12, ">=70") / 4 + SUMIF(N12:N12, ">1") / 4 + SUMIF(P12:P12, ">1") / 4 + SUMIF(R12:R12, ">1") / 4 + SUMIF(T12:T12, ">1") / 4 -> 86 | AM12: =SUMIF(U12:U12, ">=70") / 4 +SUMIF(W12:W12, ">=70") / 4 +SUMIF(Y12:Y12, ">=70") / 4 +SUMIF(AA12:AA12, ">=70") / 4 + SUMIF(V12:V12, ">1") / 4 + SUMIF(X12:X12, ">1") / 4 + SUMIF(Z12:Z12, ">1") / 4 + SUMIF(AB12:AB12, ">1") / 4 -> 83 | AN12: =SUMIF(AC12:AC12, ">=65") / 4 +SUMIF(AE12:AE12, ">=65") / 4 +SUMIF(AG12:AG12, ">=65") / 4 +SUMIF(AI12:AI12, ">=65") / 4 + SUMIF(AD12:AD12, ">1") / 4 + SUMIF(AF12:AF12, ">1") / 4 + SUMIF(AH12:AH12, ">1") / 4 + SUMIF(AJ12:AJ12, ">1") / 4 -> 86.5 | AO12: =AVERAGE(AK12:AN12) -> 84.875 | AR12: =IF(AO12<70, AO12*0.5, "") | AT12: =AS12*50% -> 0 | AU12: =IF(AS12<>"", IF(AR12="","",AR12+AT12), "") | AV12: =IF(AU12 < 70, AR12*30%, "") | AX12: =AW12*70% -> 0 | AY12: =IF(AW12<>"", IF(AV12="", "", AV12+AX12), "") | AZ12: =IF(AND(AU12<70, AY12<70), AO12, "") | BB12: =IF(AW12<>"", IF(AY12>=70, AY12, IF(AZ12+BA12>=70, AZ12+BA12, "")), IF(AS12<>"", IF(AU12>=70, AU12, ""), IF(AO12>=70, AO12, ""))) -> 84.875 | BC12: =IF(AW12<>"", IF(AY12<70, IF(AZ12+BA12<70, AZ12+BA12, ""), ""), IF(AS12<>"", IF(AU12<70, AU12, ""), IF(AO12<70, AO12, ""))) | BE12: =SUM(E12+M12+U12+AC12)/4 -> 84 | BF12: =SUM(G12+O12+W12+AE12)/4 -> 86 | BG12: =SUM(I12+Q12+Y12+AG12)/4 -> 82.25 | BH12: =SUM(K12+S12+AA12+AI12)/4 -> 87.25 | BI12: =AVERAGE(BE12:BH12) -> 84.875
A13: 3 | B13: 1A-A-03 | C13: ANGEL ARIEL | D13: AZCONA BALBUENA | E13: 82 | G13: 84 | I13: 86 | K13: 80 | M13: 84 | O13: 86 | Q13: 88 | S13: 82 | U13: 90 | W13: 93 | Y13: 94 | AA13: 91 | AC13: 96 | AE13: 97 | AG13: 92 | AI13: 91 | AK13: =SUMIF(E13:E13, ">=70") / 4 +SUMIF(G13:G13, ">=70") / 4 +SUMIF(I13:I13, ">=70") / 4 +SUMIF(K13:K13, ">=70") / 4 + SUMIF(F13:F13, ">1") / 4 + SUMIF(H13:H13, ">1") / 4 + SUMIF(J13:J13, ">1") / 4 + SUMIF(L13:L13, ">1") / 4 -> 83 | AL13: =SUMIF(M13:M13, ">=70") / 4 +SUMIF(O13:O13, ">=70") / 4 +SUMIF(Q13:Q13, ">=70") / 4 +SUMIF(S13:S13, ">=70") / 4 + SUMIF(N13:N13, ">1") / 4 + SUMIF(P13:P13, ">1") / 4 + SUMIF(R13:R13, ">1") / 4 + SUMIF(T13:T13, ">1") / 4 -> 85 | AM13: =SUMIF(U13:U13, ">=70") / 4 +SUMIF(W13:W13, ">=70") / 4 +SUMIF(Y13:Y13, ">=70") / 4 +SUMIF(AA13:AA13, ">=70") / 4 + SUMIF(V13:V13, ">1") / 4 + SUMIF(X13:X13, ">1") / 4 + SUMIF(Z13:Z13, ">1") / 4 + SUMIF(AB13:AB13, ">1") / 4 -> 92 | AN13: =SUMIF(AC13:AC13, ">=65") / 4 +SUMIF(AE13:AE13, ">=65") / 4 +SUMIF(AG13:AG13, ">=65") / 4 +SUMIF(AI13:AI13, ">=65") / 4 + SUMIF(AD13:AD13, ">1") / 4 + SUMIF(AF13:AF13, ">1") / 4 + SUMIF(AH13:AH13, ">1") / 4 + SUMIF(AJ13:AJ13, ">1") / 4 -> 94 | AO13: =AVERAGE(AK13:AN13) -> 88.5 | AR13: =IF(AO13<70, AO13*0.5, "") | AT13: =AS13*50% -> 0 | AU13: =IF(AS13<>"", IF(AR13="","",AR13+AT13), "") | AV13: =IF(AU13 < 70, AR13*30%, "") | AX13: =AW13*70% -> 0 | AY13: =IF(AW13<>"", IF(AV13="", "", AV13+AX13), "") | AZ13: =IF(AND(AU13<70, AY13<70), AO13, "") | BB13: =IF(AW13<>"", IF(AY13>=70, AY13, IF(AZ13+BA13>=70, AZ13+BA13, "")), IF(AS13<>"", IF(AU13>=70, AU13, ""), IF(AO13>=70, AO13, ""))) -> 88.5 | BC13: =IF(AW13<>"", IF(AY13<70, IF(AZ13+BA13<70, AZ13+BA13, ""), ""), IF(AS13<>"", IF(AU13<70, AU13, ""), IF(AO13<70, AO13, ""))) | BE13: =SUM(E13+M13+U13+AC13)/4 -> 88 | BF13: =SUM(G13+O13+W13+AE13)/4 -> 90 | BG13: =SUM(I13+Q13+Y13+AG13)/4 -> 90 | BH13: =SUM(K13+S13+AA13+AI13)/4 -> 86 | BI13: =AVERAGE(BE13:BH13) -> 88.5
A14: 4 | B14: 1A-A-04 | C14: WISLINE | D14: BERNADEAU | E14: 80 | G14: 85 | I14: 81 | K14: 82 | M14: 84 | O14: 87 | Q14: 85 | S14: 88 | U14: 81 | W14: 84 | Y14: 82 | AA14: 85 | AC14: 83 | AE14: 88 | AG14: 82 | AI14: 87 | AK14: =SUMIF(E14:E14, ">=70") / 4 +SUMIF(G14:G14, ">=70") / 4 +SUMIF(I14:I14, ">=70") / 4 +SUMIF(K14:K14, ">=70") / 4 + SUMIF(F14:F14, ">1") / 4 + SUMIF(H14:H14, ">1") / 4 + SUMIF(J14:J14, ">1") / 4 + SUMIF(L14:L14, ">1") / 4 -> 82 | AL14: =SUMIF(M14:M14, ">=70") / 4 +SUMIF(O14:O14, ">=70") / 4 +SUMIF(Q14:Q14, ">=70") / 4 +SUMIF(S14:S14, ">=70") / 4 + SUMIF(N14:N14, ">1") / 4 + SUMIF(P14:P14, ">1") / 4 + SUMIF(R14:R14, ">1") / 4 + SUMIF(T14:T14, ">1") / 4 -> 86 | AM14: =SUMIF(U14:U14, ">=70") / 4 +SUMIF(W14:W14, ">=70") / 4 +SUMIF(Y14:Y14, ">=70") / 4 +SUMIF(AA14:AA14, ">=70") / 4 + SUMIF(V14:V14, ">1") / 4 + SUMIF(X14:X14, ">1") / 4 + SUMIF(Z14:Z14, ">1") / 4 + SUMIF(AB14:AB14, ">1") / 4 -> 83 | AN14: =SUMIF(AC14:AC14, ">=65") / 4 +SUMIF(AE14:AE14, ">=65") / 4 +SUMIF(AG14:AG14, ">=65") / 4 +SUMIF(AI14:AI14, ">=65") / 4 + SUMIF(AD14:AD14, ">1") / 4 + SUMIF(AF14:AF14, ">1") / 4 + SUMIF(AH14:AH14, ">1") / 4 + SUMIF(AJ14:AJ14, ">1") / 4 -> 85 | AO14: =AVERAGE(AK14:AN14) -> 84 | AR14: =IF(AO14<70, AO14*0.5, "") | AT14: =AS14*50% -> 0 | AU14: =IF(AS14<>"", IF(AR14="","",AR14+AT14), "") | AV14: =IF(AU14 < 70, AR14*30%, "") | AX14: =AW14*70% -> 0 | AY14: =IF(AW14<>"", IF(AV14="", "", AV14+AX14), "") | AZ14: =IF(AND(AU14<70, AY14<70), AO14, "") | BB14: =IF(AW14<>"", IF(AY14>=70, AY14, IF(AZ14+BA14>=70, AZ14+BA14, "")), IF(AS14<>"", IF(AU14>=70, AU14, ""), IF(AO14>=70, AO14, ""))) -> 84 | BC14: =IF(AW14<>"", IF(AY14<70, IF(AZ14+BA14<70, AZ14+BA14, ""), ""), IF(AS14<>"", IF(AU14<70, AU14, ""), IF(AO14<70, AO14, ""))) | BE14: =SUM(E14+M14+U14+AC14)/4 -> 82 | BF14: =SUM(G14+O14+W14+AE14)/4 -> 86 | BG14: =SUM(I14+Q14+Y14+AG14)/4 -> 82.5 | BH14: =SUM(K14+S14+AA14+AI14)/4 -> 85.5 | BI14: =AVERAGE(BE14:BH14) -> 84
A15: 5 | B15: 1A-A-05 | C15: LISAIRY | D15: BREA CONTRERA | E15: 80 | G15: 82 | I15: 80 | K15: 82 | M15: 82 | O15: 84 | Q15: 80 | S15: 86 | U15: 82 | W15: 81 | Y15: 78 | AA15: 79 | AC15: 80 | AE15: 85 | AG15: 88 | AI15: 83 | AK15: =SUMIF(E15:E15, ">=70") / 4 +SUMIF(G15:G15, ">=70") / 4 +SUMIF(I15:I15, ">=70") / 4 +SUMIF(K15:K15, ">=70") / 4 + SUMIF(F15:F15, ">1") / 4 + SUMIF(H15:H15, ">1") / 4 + SUMIF(J15:J15, ">1") / 4 + SUMIF(L15:L15, ">1") / 4 -> 81 | AL15: =SUMIF(M15:M15, ">=70") / 4 +SUMIF(O15:O15, ">=70") / 4 +SUMIF(Q15:Q15, ">=70") / 4 +SUMIF(S15:S15, ">=70") / 4 + SUMIF(N15:N15, ">1") / 4 + SUMIF(P15:P15, ">1") / 4 + SUMIF(R15:R15, ">1") / 4 + SUMIF(T15:T15, ">1") / 4 -> 83 | AM15: =SUMIF(U15:U15, ">=70") / 4 +SUMIF(W15:W15, ">=70") / 4 +SUMIF(Y15:Y15, ">=70") / 4 +SUMIF(AA15:AA15, ">=70") / 4 + SUMIF(V15:V15, ">1") / 4 + SUMIF(X15:X15, ">1") / 4 + SUMIF(Z15:Z15, ">1") / 4 + SUMIF(AB15:AB15, ">1") / 4 -> 80 | AN15: =SUMIF(AC15:AC15, ">=65") / 4 +SUMIF(AE15:AE15, ">=65") / 4 +SUMIF(AG15:AG15, ">=65") / 4 +SUMIF(AI15:AI15, ">=65") / 4 + SUMIF(AD15:AD15, ">1") / 4 + SUMIF(AF15:AF15, ">1") / 4 + SUMIF(AH15:AH15, ">1") / 4 + SUMIF(AJ15:AJ15, ">1") / 4 -> 84 | AO15: =AVERAGE(AK15:AN15) -> 82 | AR15: =IF(AO15<70, AO15*0.5, "") | AT15: =AS15*50% -> 0 | AU15: =IF(AS15<>"", IF(AR15="","",AR15+AT15), "") | AV15: =IF(AU15 < 70, AR15*30%, "") | AX15: =AW15*70% -> 0 | AY15: =IF(AW15<>"", IF(AV15="", "", AV15+AX15), "") | AZ15: =IF(AND(AU15<70, AY15<70), AO15, "") | BB15: =IF(AW15<>"", IF(AY15>=70, AY15, IF(AZ15+BA15>=70, AZ15+BA15, "")), IF(AS15<>"", IF(AU15>=70, AU15, ""), IF(AO15>=70, AO15, ""))) -> 82 | BC15: =IF(AW15<>"", IF(AY15<70, IF(AZ15+BA15<70, AZ15+BA15, ""), ""), IF(AS15<>"", IF(AU15<70, AU15, ""), IF(AO15<70, AO15, ""))) | BE15: =SUM(E15+M15+U15+AC15)/4 -> 81 | BF15: =SUM(G15+O15+W15+AE15)/4 -> 83 | BG15: =SUM(I15+Q15+Y15+AG15)/4 -> 81.5 | BH15: =SUM(K15+S15+AA15+AI15)/4 -> 82.5 | BI15: =AVERAGE(BE15:BH15) -> 82
A16: 6 | B16: 1A-A-06 | C16: RODENEL | D16: CACEUS DABOIS | E16: 75 | G16: 78 | I16: 77 | K16: 74 | M16: 77 | O16: 82 | Q16: 83 | S16: 78 | U16: 84 | W16: 79 | Y16: 82 | AA16: 87 | AC16: 78 | AE16: 81 | AG16: 84 | AI16: 81 | AK16: =SUMIF(E16:E16, ">=70") / 4 +SUMIF(G16:G16, ">=70") / 4 +SUMIF(I16:I16, ">=70") / 4 +SUMIF(K16:K16, ">=70") / 4 + SUMIF(F16:F16, ">1") / 4 + SUMIF(H16:H16, ">1") / 4 + SUMIF(J16:J16, ">1") / 4 + SUMIF(L16:L16, ">1") / 4 -> 76 | AL16: =SUMIF(M16:M16, ">=70") / 4 +SUMIF(O16:O16, ">=70") / 4 +SUMIF(Q16:Q16, ">=70") / 4 +SUMIF(S16:S16, ">=70") / 4 + SUMIF(N16:N16, ">1") / 4 + SUMIF(P16:P16, ">1") / 4 + SUMIF(R16:R16, ">1") / 4 + SUMIF(T16:T16, ">1") / 4 -> 80 | AM16: =SUMIF(U16:U16, ">=70") / 4 +SUMIF(W16:W16, ">=70") / 4 +SUMIF(Y16:Y16, ">=70") / 4 +SUMIF(AA16:AA16, ">=70") / 4 + SUMIF(V16:V16, ">1") / 4 + SUMIF(X16:X16, ">1") / 4 + SUMIF(Z16:Z16, ">1") / 4 + SUMIF(AB16:AB16, ">1") / 4 -> 83 | AN16: =SUMIF(AC16:AC16, ">=65") / 4 +SUMIF(AE16:AE16, ">=65") / 4 +SUMIF(AG16:AG16, ">=65") / 4 +SUMIF(AI16:AI16, ">=65") / 4 + SUMIF(AD16:AD16, ">1") / 4 + SUMIF(AF16:AF16, ">1") / 4 + SUMIF(AH16:AH16, ">1") / 4 + SUMIF(AJ16:AJ16, ">1") / 4 -> 81 | AO16: =AVERAGE(AK16:AN16) -> 80 | AR16: =IF(AO16<70, AO16*0.5, "") | AT16: =AS16*50% -> 0 | AU16: =IF(AS16<>"", IF(AR16="","",AR16+AT16), "") | AV16: =IF(AU16 < 70, AR16*30%, "") | AX16: =AW16*70% -> 0 | AY16: =IF(AW16<>"", IF(AV16="", "", AV16+AX16), "") | AZ16: =IF(AND(AU16<70, AY16<70), AO16, "") | BB16: =IF(AW16<>"", IF(AY16>=70, AY16, IF(AZ16+BA16>=70, AZ16+BA16, "")), IF(AS16<>"", IF(AU16>=70, AU16, ""), IF(AO16>=70, AO16, ""))) -> 80 | BC16: =IF(AW16<>"", IF(AY16<70, IF(AZ16+BA16<70, AZ16+BA16, ""), ""), IF(AS16<>"", IF(AU16<70, AU16, ""), IF(AO16<70, AO16, ""))) | BE16: =SUM(E16+M16+U16+AC16)/4 -> 78.5 | BF16: =SUM(G16+O16+W16+AE16)/4 -> 80 | BG16: =SUM(I16+Q16+Y16+AG16)/4 -> 81.5 | BH16: =SUM(K16+S16+AA16+AI16)/4 -> 80 | BI16: =AVERAGE(BE16:BH16) -> 80
A17: 7 | B17: 1A-A-07 | C17: MARY LUZ | D17: CAMILO ESPINAL | E17: 83 | G17: 85 | I17: 80 | K17: 88 | M17: 85 | O17: 87 | Q17: 84 | S17: 88 | U17: 82 | W17: 84 | Y17: 80 | AA17: 86 | AC17: 86 | AE17: 88 | AG17: 85 | AI17: 87 | AK17: =SUMIF(E17:E17, ">=70") / 4 +SUMIF(G17:G17, ">=70") / 4 +SUMIF(I17:I17, ">=70") / 4 +SUMIF(K17:K17, ">=70") / 4 + SUMIF(F17:F17, ">1") / 4 + SUMIF(H17:H17, ">1") / 4 + SUMIF(J17:J17, ">1") / 4 + SUMIF(L17:L17, ">1") / 4 -> 84 | AL17: =SUMIF(M17:M17, ">=70") / 4 +SUMIF(O17:O17, ">=70") / 4 +SUMIF(Q17:Q17, ">=70") / 4 +SUMIF(S17:S17, ">=70") / 4 + SUMIF(N17:N17, ">1") / 4 + SUMIF(P17:P17, ">1") / 4 + SUMIF(R17:R17, ">1") / 4 + SUMIF(T17:T17, ">1") / 4 -> 86 | AM17: =SUMIF(U17:U17, ">=70") / 4 +SUMIF(W17:W17, ">=70") / 4 +SUMIF(Y17:Y17, ">=70") / 4 +SUMIF(AA17:AA17, ">=70") / 4 + SUMIF(V17:V17, ">1") / 4 + SUMIF(X17:X17, ">1") / 4 + SUMIF(Z17:Z17, ">1") / 4 + SUMIF(AB17:AB17, ">1") / 4 -> 83 | AN17: =SUMIF(AC17:AC17, ">=65") / 4 +SUMIF(AE17:AE17, ">=65") / 4 +SUMIF(AG17:AG17, ">=65") / 4 +SUMIF(AI17:AI17, ">=65") / 4 + SUMIF(AD17:AD17, ">1") / 4 + SUMIF(AF17:AF17, ">1") / 4 + SUMIF(AH17:AH17, ">1") / 4 + SUMIF(AJ17:AJ17, ">1") / 4 -> 86.5 | AO17: =AVERAGE(AK17:AN17) -> 84.875 | AR17: =IF(AO17<70, AO17*0.5, "") | AT17: =AS17*50% -> 0 | AU17: =IF(AS17<>"", IF(AR17="","",AR17+AT17), "") | AV17: =IF(AU17 < 70, AR17*30%, "") | AX17: =AW17*70% -> 0 | AY17: =IF(AW17<>"", IF(AV17="", "", AV17+AX17), "") | AZ17: =IF(AND(AU17<70, AY17<70), AO17, "") | BB17: =IF(AW17<>"", IF(AY17>=70, AY17, IF(AZ17+BA17>=70, AZ17+BA17, "")), IF(AS17<>"", IF(AU17>=70, AU17, ""), IF(AO17>=70, AO17, ""))) -> 84.875 | BC17: =IF(AW17<>"", IF(AY17<70, IF(AZ17+BA17<70, AZ17+BA17, ""), ""), IF(AS17<>"", IF(AU17<70, AU17, ""), IF(AO17<70, AO17, ""))) | BE17: =SUM(E17+M17+U17+AC17)/4 -> 84 | BF17: =SUM(G17+O17+W17+AE17)/4 -> 86 | BG17: =SUM(I17+Q17+Y17+AG17)/4 -> 82.25 | BH17: =SUM(K17+S17+AA17+AI17)/4 -> 87.25 | BI17: =AVERAGE(BE17:BH17) -> 84.875
A18: 8 | B18: 1A-A-08 | C18: ANA ROSA | D18: CARRION VILORIO | E18: 82 | G18: 84 | I18: 86 | K18: 80 | M18: 84 | O18: 86 | Q18: 88 | S18: 82 | U18: 90 | W18: 93 | Y18: 94 | AA18: 91 | AC18: 96 | AE18: 97 | AG18: 92 | AI18: 91 | AK18: =SUMIF(E18:E18, ">=70") / 4 +SUMIF(G18:G18, ">=70") / 4 +SUMIF(I18:I18, ">=70") / 4 +SUMIF(K18:K18, ">=70") / 4 + SUMIF(F18:F18, ">1") / 4 + SUMIF(H18:H18, ">1") / 4 + SUMIF(J18:J18, ">1") / 4 + SUMIF(L18:L18, ">1") / 4 -> 83 | AL18: =SUMIF(M18:M18, ">=70") / 4 +SUMIF(O18:O18, ">=70") / 4 +SUMIF(Q18:Q18, ">=70") / 4 +SUMIF(S18:S18, ">=70") / 4 + SUMIF(N18:N18, ">1") / 4 + SUMIF(P18:P18, ">1") / 4 + SUMIF(R18:R18, ">1") / 4 + SUMIF(T18:T18, ">1") / 4 -> 85 | AM18: =SUMIF(U18:U18, ">=70") / 4 +SUMIF(W18:W18, ">=70") / 4 +SUMIF(Y18:Y18, ">=70") / 4 +SUMIF(AA18:AA18, ">=70") / 4 + SUMIF(V18:V18, ">1") / 4 + SUMIF(X18:X18, ">1") / 4 + SUMIF(Z18:Z18, ">1") / 4 + SUMIF(AB18:AB18, ">1") / 4 -> 92 | AN18: =SUMIF(AC18:AC18, ">=65") / 4 +SUMIF(AE18:AE18, ">=65") / 4 +SUMIF(AG18:AG18, ">=65") / 4 +SUMIF(AI18:AI18, ">=65") / 4 + SUMIF(AD18:AD18, ">1") / 4 + SUMIF(AF18:AF18, ">1") / 4 + SUMIF(AH18:AH18, ">1") / 4 + SUMIF(AJ18:AJ18, ">1") / 4 -> 94 | AO18: =AVERAGE(AK18:AN18) -> 88.5 | AR18: =IF(AO18<70, AO18*0.5, "") | AT18: =AS18*50% -> 0 | AU18: =IF(AS18<>"", IF(AR18="","",AR18+AT18), "") | AV18: =IF(AU18 < 70, AR18*30%, "") | AX18: =AW18*70% -> 0 | AY18: =IF(AW18<>"", IF(AV18="", "", AV18+AX18), "") | AZ18: =IF(AND(AU18<70, AY18<70), AO18, "") | BB18: =IF(AW18<>"", IF(AY18>=70, AY18, IF(AZ18+BA18>=70, AZ18+BA18, "")), IF(AS18<>"", IF(AU18>=70, AU18, ""), IF(AO18>=70, AO18, ""))) -> 88.5 | BC18: =IF(AW18<>"", IF(AY18<70, IF(AZ18+BA18<70, AZ18+BA18, ""), ""), IF(AS18<>"", IF(AU18<70, AU18, ""), IF(AO18<70, AO18, ""))) | BE18: =SUM(E18+M18+U18+AC18)/4 -> 88 | BF18: =SUM(G18+O18+W18+AE18)/4 -> 90 | BG18: =SUM(I18+Q18+Y18+AG18)/4 -> 90 | BH18: =SUM(K18+S18+AA18+AI18)/4 -> 86 | BI18: =AVERAGE(BE18:BH18) -> 88.5
A19: 9 | B19: 1A-A-09 | C19: WILDIANA | D19: CASSEUS | E19: 80 | G19: 85 | I19: 81 | K19: 82 | M19: 84 | O19: 87 | Q19: 85 | S19: 88 | U19: 81 | W19: 84 | Y19: 82 | AA19: 85 | AC19: 83 | AE19: 88 | AG19: 82 | AI19: 87 | AK19: =SUMIF(E19:E19, ">=70") / 4 +SUMIF(G19:G19, ">=70") / 4 +SUMIF(I19:I19, ">=70") / 4 +SUMIF(K19:K19, ">=70") / 4 + SUMIF(F19:F19, ">1") / 4 + SUMIF(H19:H19, ">1") / 4 + SUMIF(J19:J19, ">1") / 4 + SUMIF(L19:L19, ">1") / 4 -> 82 | AL19: =SUMIF(M19:M19, ">=70") / 4 +SUMIF(O19:O19, ">=70") / 4 +SUMIF(Q19:Q19, ">=70") / 4 +SUMIF(S19:S19, ">=70") / 4 + SUMIF(N19:N19, ">1") / 4 + SUMIF(P19:P19, ">1") / 4 + SUMIF(R19:R19, ">1") / 4 + SUMIF(T19:T19, ">1") / 4 -> 86 | AM19: =SUMIF(U19:U19, ">=70") / 4 +SUMIF(W19:W19, ">=70") / 4 +SUMIF(Y19:Y19, ">=70") / 4 +SUMIF(AA19:AA19, ">=70") / 4 + SUMIF(V19:V19, ">1") / 4 + SUMIF(X19:X19, ">1") / 4 + SUMIF(Z19:Z19, ">1") / 4 + SUMIF(AB19:AB19, ">1") / 4 -> 83 | AN19: =SUMIF(AC19:AC19, ">=65") / 4 +SUMIF(AE19:AE19, ">=65") / 4 +SUMIF(AG19:AG19, ">=65") / 4 +SUMIF(AI19:AI19, ">=65") / 4 + SUMIF(AD19:AD19, ">1") / 4 + SUMIF(AF19:AF19, ">1") / 4 + SUMIF(AH19:AH19, ">1") / 4 + SUMIF(AJ19:AJ19, ">1") / 4 -> 85 | AO19: =AVERAGE(AK19:AN19) -> 84 | AR19: =IF(AO19<70, AO19*0.5, "") | AT19: =AS19*50% -> 0 | AU19: =IF(AS19<>"", IF(AR19="","",AR19+AT19), "") | AV19: =IF(AU19 < 70, AR19*30%, "") | AX19: =AW19*70% -> 0 | AY19: =IF(AW19<>"", IF(AV19="", "", AV19+AX19), "") | AZ19: =IF(AND(AU19<70, AY19<70), AO19, "") | BB19: =IF(AW19<>"", IF(AY19>=70, AY19, IF(AZ19+BA19>=70, AZ19+BA19, "")), IF(AS19<>"", IF(AU19>=70, AU19, ""), IF(AO19>=70, AO19, ""))) -> 84 | BC19: =IF(AW19<>"", IF(AY19<70, IF(AZ19+BA19<70, AZ19+BA19, ""), ""), IF(AS19<>"", IF(AU19<70, AU19, ""), IF(AO19<70, AO19, ""))) | BE19: =SUM(E19+M19+U19+AC19)/4 -> 82 | BF19: =SUM(G19+O19+W19+AE19)/4 -> 86 | BG19: =SUM(I19+Q19+Y19+AG19)/4 -> 82.5 | BH19: =SUM(K19+S19+AA19+AI19)/4 -> 85.5 | BI19: =AVERAGE(BE19:BH19) -> 84
A20: 10 | B20: 1A-A-10 | C20: JERVIN | D20: CASTRO ALMONTE | E20: 75 | G20: 78 | I20: 77 | K20: 74 | M20: 77 | O20: 82 | Q20: 83 | S20: 78 | U20: 84 | W20: 79 | Y20: 82 | AA20: 87 | AC20: 78 | AE20: 81 | AG20: 84 | AI20: 81 | AK20: =SUMIF(E20:E20, ">=70") / 4 +SUMIF(G20:G20, ">=70") / 4 +SUMIF(I20:I20, ">=70") / 4 +SUMIF(K20:K20, ">=70") / 4 + SUMIF(F20:F20, ">1") / 4 + SUMIF(H20:H20, ">1") / 4 + SUMIF(J20:J20, ">1") / 4 + SUMIF(L20:L20, ">1") / 4 -> 76 | AL20: =SUMIF(M20:M20, ">=70") / 4 +SUMIF(O20:O20, ">=70") / 4 +SUMIF(Q20:Q20, ">=70") / 4 +SUMIF(S20:S20, ">=70") / 4 + SUMIF(N20:N20, ">1") / 4 + SUMIF(P20:P20, ">1") / 4 + SUMIF(R20:R20, ">1") / 4 + SUMIF(T20:T20, ">1") / 4 -> 80 | AM20: =SUMIF(U20:U20, ">=70") / 4 +SUMIF(W20:W20, ">=70") / 4 +SUMIF(Y20:Y20, ">=70") / 4 +SUMIF(AA20:AA20, ">=70") / 4 + SUMIF(V20:V20, ">1") / 4 + SUMIF(X20:X20, ">1") / 4 + SUMIF(Z20:Z20, ">1") / 4 + SUMIF(AB20:AB20, ">1") / 4 -> 83 | AN20: =SUMIF(AC20:AC20, ">=65") / 4 +SUMIF(AE20:AE20, ">=65") / 4 +SUMIF(AG20:AG20, ">=65") / 4 +SUMIF(AI20:AI20, ">=65") / 4 + SUMIF(AD20:AD20, ">1") / 4 + SUMIF(AF20:AF20, ">1") / 4 + SUMIF(AH20:AH20, ">1") / 4 + SUMIF(AJ20:AJ20, ">1") / 4 -> 81 | AO20: =AVERAGE(AK20:AN20) -> 80 | AR20: =IF(AO20<70, AO20*0.5, "") | AT20: =AS20*50% -> 0 | AU20: =IF(AS20<>"", IF(AR20="","",AR20+AT20), "") | AV20: =IF(AU20 < 70, AR20*30%, "") | AX20: =AW20*70% -> 0 | AY20: =IF(AW20<>"", IF(AV20="", "", AV20+AX20), "") | AZ20: =IF(AND(AU20<70, AY20<70), AO20, "") | BB20: =IF(AW20<>"", IF(AY20>=70, AY20, IF(AZ20+BA20>=70, AZ20+BA20, "")), IF(AS20<>"", IF(AU20>=70, AU20, ""), IF(AO20>=70, AO20, ""))) -> 80 | BC20: =IF(AW20<>"", IF(AY20<70, IF(AZ20+BA20<70, AZ20+BA20, ""), ""), IF(AS20<>"", IF(AU20<70, AU20, ""), IF(AO20<70, AO20, ""))) | BE20: =SUM(E20+M20+U20+AC20)/4 -> 78.5 | BF20: =SUM(G20+O20+W20+AE20)/4 -> 80 | BG20: =SUM(I20+Q20+Y20+AG20)/4 -> 81.5 | BH20: =SUM(K20+S20+AA20+AI20)/4 -> 80 | BI20: =AVERAGE(BE20:BH20) -> 80
A21: 11 | B21: 1A-A-11 | C21: SONDJY | D21: CESAIRE | E21: 73 | G21: 75 | I21: 70 | K21: 78 | M21: 75 | O21: 77 | Q21: 74 | S21: 78 | U21: 71 | W21: 73 | Y21: 70 | AA21: 74 | AC21: 76 | AE21: 80 | AG21: 77 | AI21: 79 | AK21: =SUMIF(E21:E21, ">=70") / 4 +SUMIF(G21:G21, ">=70") / 4 +SUMIF(I21:I21, ">=70") / 4 +SUMIF(K21:K21, ">=70") / 4 + SUMIF(F21:F21, ">1") / 4 + SUMIF(H21:H21, ">1") / 4 + SUMIF(J21:J21, ">1") / 4 + SUMIF(L21:L21, ">1") / 4 -> 74 | AL21: =SUMIF(M21:M21, ">=70") / 4 +SUMIF(O21:O21, ">=70") / 4 +SUMIF(Q21:Q21, ">=70") / 4 +SUMIF(S21:S21, ">=70") / 4 + SUMIF(N21:N21, ">1") / 4 + SUMIF(P21:P21, ">1") / 4 + SUMIF(R21:R21, ">1") / 4 + SUMIF(T21:T21, ">1") / 4 -> 76 | AM21: =SUMIF(U21:U21, ">=70") / 4 +SUMIF(W21:W21, ">=70") / 4 +SUMIF(Y21:Y21, ">=70") / 4 +SUMIF(AA21:AA21, ">=70") / 4 + SUMIF(V21:V21, ">1") / 4 + SUMIF(X21:X21, ">1") / 4 + SUMIF(Z21:Z21, ">1") / 4 + SUMIF(AB21:AB21, ">1") / 4 -> 72 | AN21: =SUMIF(AC21:AC21, ">=65") / 4 +SUMIF(AE21:AE21, ">=65") / 4 +SUMIF(AG21:AG21, ">=65") / 4 +SUMIF(AI21:AI21, ">=65") / 4 + SUMIF(AD21:AD21, ">1") / 4 + SUMIF(AF21:AF21, ">1") / 4 + SUMIF(AH21:AH21, ">1") / 4 + SUMIF(AJ21:AJ21, ">1") / 4 -> 78 | AO21: =AVERAGE(AK21:AN21) -> 75 | AR21: =IF(AO21<70, AO21*0.5, "") | AT21: =AS21*50% -> 0 | AU21: =IF(AS21<>"", IF(AR21="","",AR21+AT21), "") | AV21: =IF(AU21 < 70, AR21*30%, "") | AX21: =AW21*70% -> 0 | AY21: =IF(AW21<>"", IF(AV21="", "", AV21+AX21), "") | AZ21: =IF(AND(AU21<70, AY21<70), AO21, "") | BB21: =IF(AW21<>"", IF(AY21>=70, AY21, IF(AZ21+BA21>=70, AZ21+BA21, "")), IF(AS21<>"", IF(AU21>=70, AU21, ""), IF(AO21>=70, AO21, ""))) -> 75 | BC21: =IF(AW21<>"", IF(AY21<70, IF(AZ21+BA21<70, AZ21+BA21, ""), ""), IF(AS21<>"", IF(AU21<70, AU21, ""), IF(AO21<70, AO21, ""))) | BE21: =SUM(E21+M21+U21+AC21)/4 -> 73.75 | BF21: =SUM(G21+O21+W21+AE21)/4 -> 76.25 | BG21: =SUM(I21+Q21+Y21+AG21)/4 -> 72.75 | BH21: =SUM(K21+S21+AA21+AI21)/4 -> 77.25 | BI21: =AVERAGE(BE21:BH21) -> 75
A22: 12 | B22: 1A-A-12 | C22: ANDERSON | D22: CHARLES | E22: 82 | G22: 84 | I22: 80 | K22: 86 | M22: 84 | O22: 86 | Q22: 82 | S22: 88 | U22: 87 | W22: 88 | Y22: 86 | AA22: 87 | AC22: 85 | AE22: 87 | AG22: 85 | AI22: 83 | AK22: =SUMIF(E22:E22, ">=70") / 4 +SUMIF(G22:G22, ">=70") / 4 +SUMIF(I22:I22, ">=70") / 4 +SUMIF(K22:K22, ">=70") / 4 + SUMIF(F22:F22, ">1") / 4 + SUMIF(H22:H22, ">1") / 4 + SUMIF(J22:J22, ">1") / 4 + SUMIF(L22:L22, ">1") / 4 -> 83 | AL22: =SUMIF(M22:M22, ">=70") / 4 +SUMIF(O22:O22, ">=70") / 4 +SUMIF(Q22:Q22, ">=70") / 4 +SUMIF(S22:S22, ">=70") / 4 + SUMIF(N22:N22, ">1") / 4 + SUMIF(P22:P22, ">1") / 4 + SUMIF(R22:R22, ">1") / 4 + SUMIF(T22:T22, ">1") / 4 -> 85 | AM22: =SUMIF(U22:U22, ">=70") / 4 +SUMIF(W22:W22, ">=70") / 4 +SUMIF(Y22:Y22, ">=70") / 4 +SUMIF(AA22:AA22, ">=70") / 4 + SUMIF(V22:V22, ">1") / 4 + SUMIF(X22:X22, ">1") / 4 + SUMIF(Z22:Z22, ">1") / 4 + SUMIF(AB22:AB22, ">1") / 4 -> 87 | AN22: =SUMIF(AC22:AC22, ">=65") / 4 +SUMIF(AE22:AE22, ">=65") / 4 +SUMIF(AG22:AG22, ">=65") / 4 +SUMIF(AI22:AI22, ">=65") / 4 + SUMIF(AD22:AD22, ">1") / 4 + SUMIF(AF22:AF22, ">1") / 4 + SUMIF(AH22:AH22, ">1") / 4 + SUMIF(AJ22:AJ22, ">1") / 4 -> 85 | AO22: =AVERAGE(AK22:AN22) -> 85 | AR22: =IF(AO22<70, AO22*0.5, "") | AT22: =AS22*50% -> 0 | AU22: =IF(AS22<>"", IF(AR22="","",AR22+AT22), "") | AV22: =IF(AU22 < 70, AR22*30%, "") | AX22: =AW22*70% -> 0 | AY22: =IF(AW22<>"", IF(AV22="", "", AV22+AX22), "") | AZ22: =IF(AND(AU22<70, AY22<70), AO22, "") | BB22: =IF(AW22<>"", IF(AY22>=70, AY22, IF(AZ22+BA22>=70, AZ22+BA22, "")), IF(AS22<>"", IF(AU22>=70, AU22, ""), IF(AO22>=70, AO22, ""))) -> 85 | BC22: =IF(AW22<>"", IF(AY22<70, IF(AZ22+BA22<70, AZ22+BA22, ""), ""), IF(AS22<>"", IF(AU22<70, AU22, ""), IF(AO22<70, AO22, ""))) | BE22: =SUM(E22+M22+U22+AC22)/4 -> 84.5 | BF22: =SUM(G22+O22+W22+AE22)/4 -> 86.25 | BG22: =SUM(I22+Q22+Y22+AG22)/4 -> 83.25 | BH22: =SUM(K22+S22+AA22+AI22)/4 -> 86 | BI22: =AVERAGE(BE22:BH22) -> 85
A23: 13 | B23: 1A-A-13 | C23: SALOMON MANUEL | D23: DE JESUS MANZUETA | E23: 75 | G23: 78 | I23: 77 | K23: 74 | M23: 77 | O23: 82 | Q23: 83 | S23: 78 | U23: 84 | W23: 79 | Y23: 82 | AA23: 87 | AC23: 78 | AE23: 81 | AG23: 84 | AI23: 81 | AK23: =SUMIF(E23:E23, ">=70") / 4 +SUMIF(G23:G23, ">=70") / 4 +SUMIF(I23:I23, ">=70") / 4 +SUMIF(K23:K23, ">=70") / 4 + SUMIF(F23:F23, ">1") / 4 + SUMIF(H23:H23, ">1") / 4 + SUMIF(J23:J23, ">1") / 4 + SUMIF(L23:L23, ">1") / 4 -> 76 | AL23: =SUMIF(M23:M23, ">=70") / 4 +SUMIF(O23:O23, ">=70") / 4 +SUMIF(Q23:Q23, ">=70") / 4 +SUMIF(S23:S23, ">=70") / 4 + SUMIF(N23:N23, ">1") / 4 + SUMIF(P23:P23, ">1") / 4 + SUMIF(R23:R23, ">1") / 4 + SUMIF(T23:T23, ">1") / 4 -> 80 | AM23: =SUMIF(U23:U23, ">=70") / 4 +SUMIF(W23:W23, ">=70") / 4 +SUMIF(Y23:Y23, ">=70") / 4 +SUMIF(AA23:AA23, ">=70") / 4 + SUMIF(V23:V23, ">1") / 4 + SUMIF(X23:X23, ">1") / 4 + SUMIF(Z23:Z23, ">1") / 4 + SUMIF(AB23:AB23, ">1") / 4 -> 83 | AN23: =SUMIF(AC23:AC23, ">=65") / 4 +SUMIF(AE23:AE23, ">=65") / 4 +SUMIF(AG23:AG23, ">=65") / 4 +SUMIF(AI23:AI23, ">=65") / 4 + SUMIF(AD23:AD23, ">1") / 4 + SUMIF(AF23:AF23, ">1") / 4 + SUMIF(AH23:AH23, ">1") / 4 + SUMIF(AJ23:AJ23, ">1") / 4 -> 81 | AO23: =AVERAGE(AK23:AN23) -> 80 | AR23: =IF(AO23<70, AO23*0.5, "") | AT23: =AS23*50% -> 0 | AU23: =IF(AS23<>"", IF(AR23="","",AR23+AT23), "") | AV23: =IF(AU23 < 70, AR23*30%, "") | AX23: =AW23*70% -> 0 | AY23: =IF(AW23<>"", IF(AV23="", "", AV23+AX23), "") | AZ23: =IF(AND(AU23<70, AY23<70), AO23, "") | BB23: =IF(AW23<>"", IF(AY23>=70, AY23, IF(AZ23+BA23>=70, AZ23+BA23, "")), IF(AS23<>"", IF(AU23>=70, AU23, ""), IF(AO23>=70, AO23, ""))) -> 80 | BC23: =IF(AW23<>"", IF(AY23<70, IF(AZ23+BA23<70, AZ23+BA23, ""), ""), IF(AS23<>"", IF(AU23<70, AU23, ""), IF(AO23<70, AO23, ""))) | BE23: =SUM(E23+M23+U23+AC23)/4 -> 78.5 | BF23: =SUM(G23+O23+W23+AE23)/4 -> 80 | BG23: =SUM(I23+Q23+Y23+AG23)/4 -> 81.5 | BH23: =SUM(K23+S23+AA23+AI23)/4 -> 80 | BI23: =AVERAGE(BE23:BH23) -> 80
... A55: 45 | B55: 1A-A-45 | C55: RANYELINA | D55: SINE | E55: 81 | G55: 85 | I55: 80 | K55: 82 | M55: 83 | O55: 87 | Q55: 85 | S55: 89 | U55: 90 | W55: 94 | Y55: 90 | AA55: 94 | AC55: 94 | AE55: 98 | AG55: 90 | AI55: 94 | AK55: =SUMIF(E55:E55, ">=70") / 4 +SUMIF(G55:G55, ">=70") / 4 +SUMIF(I55:I55, ">=70") / 4 +SUMIF(K55:K55, ">=70") / 4 + SUMIF(F55:F55, ">1") / 4 + SUMIF(H55:H55, ">1") / 4 + SUMIF(J55:J55, ">1") / 4 + SUMIF(L55:L55, ">1") / 4 -> 82 | AL55: =SUMIF(M55:M55, ">=70") / 4 +SUMIF(O55:O55, ">=70") / 4 +SUMIF(Q55:Q55, ">=70") / 4 +SUMIF(S55:S55, ">=70") / 4 + SUMIF(N55:N55, ">1") / 4 + SUMIF(P55:P55, ">1") / 4 + SUMIF(R55:R55, ">1") / 4 + SUMIF(T55:T55, ">1") / 4 -> 86 | AM55: =SUMIF(U55:U55, ">=70") / 4 +SUMIF(W55:W55, ">=70") / 4 +SUMIF(Y55:Y55, ">=70") / 4 +SUMIF(AA55:AA55, ">=70") / 4 + SUMIF(V55:V55, ">1") / 4 + SUMIF(X55:X55, ">1") / 4 + SUMIF(Z55:Z55, ">1") / 4 + SUMIF(AB55:AB55, ">1") / 4 -> 92 | AN55: =SUMIF(AC55:AC55, ">=65") / 4 +SUMIF(AE55:AE55, ">=65") / 4 +SUMIF(AG55:AG55, ">=65") / 4 +SUMIF(AI55:AI55, ">=65") / 4 + SUMIF(AD55:AD55, ">1") / 4 + SUMIF(AF55:AF55, ">1") / 4 + SUMIF(AH55:AH55, ">1") / 4 + SUMIF(AJ55:AJ55, ">1") / 4 -> 94 | AO55: =AVERAGE(AK55:AN55) -> 88.5 | AR55: =IF(AO55<70, AO55*0.5, "") | AT55: =AS55*50% -> 0 | AU55: =IF(AS55<>"", IF(AR55="","",AR55+AT55), "") | AV55: =IF(AU55 < 70, AR55*30%, "") | AX55: =AW55*70% -> 0 | AY55: =IF(AW55<>"", IF(AV55="", "", AV55+AX55), "") | AZ55: =IF(AND(AU55<70, AY55<70), AO55, "") | BB55: =IF(AW55<>"", IF(AY55>=70, AY55, IF(AZ55+BA55>=70, AZ55+BA55, "")), IF(AS55<>"", IF(AU55>=70, AU55, ""), IF(AO55>=70, AO55, ""))) -> 88.5 | BC55: =IF(AW55<>"", IF(AY55<70, IF(AZ55+BA55<70, AZ55+BA55, ""), ""), IF(AS55<>"", IF(AU55<70, AU55, ""), IF(AO55<70, AO55, ""))) | BE55: =SUM(E55+M55+U55+AC55)/4 -> 87 | BF55: =SUM(G55+O55+W55+AE55)/4 -> 91 | BG55: =SUM(I55+Q55+Y55+AG55)/4 -> 86.25 | BH55: =SUM(K55+S55+AA55+AI55)/4 -> 89.75 | BI55: =AVERAGE(BE55:BH55) -> 88.5

Sheet INGLES
E7: CALCULO DE NOTAS | AO7: Calificacion Final | AP7: % DE ASISTENCIA ANUAL | AR7: CALIFICACION COMPLETIVA | AV7: CALIFICACION EXTRAORDINARIA | AZ7: EVALUACION ESPECIAL | BB7: SITUACIONFINAL EN LA ASIGNATURA
A9: NO | B9: ID | C9: NOMBRES | D9: APELLIDOS | E9: CE - LE1 | M9: CE - LE2, LE3 | U9: CE - LE4, LE6 | AC9: CE - LE5, LE7 | AK9: PCP 1 | AL9: PCP 2 | AM9: PCP 3 | AN9: PCP 4 | AR9: 50% C.F | AS9: C.E.C. | AT9: 50% C.E.C. | AU9: C.C.F | AV9: 30% C.F. | AW9: C.E.EX | AX9: 70% C.E.EX | AY9: C.EX.F | AZ9: C.F. | BA9: C.E. | BB9: A | BC9: R
E10: P1 | F10: RP1 | G10: P2 | H10: RP2 | I10: P3 | J10: RP3 | K10: P4 | L10: RP4 | M10: P1 | N10: RP1 | O10: P2 | P10: RP2 | Q10: P3 | R10: RP3 | S10: P4 | T10: RP4 | U10: P1 | V10: RP1 | W10: P2 | X10: RP3 | Y10: P3 | Z10: RP4 | AA10: P4 | AB10: RP4 | AC10: P1 | AD10: RP1 | AE10: P2 | AF10: RP3 | AG10: P3 | AH10: RP4 | AI10: P4 | AJ10: RP4 | BE10: P1 | BF10: P2 | BG10: P3 | BH10: P4 | BI10: C.F
A11: 1 | B11: 1A-A-01 | C11: LUIS ANDRES | D11: ADAMES COLON | E11: 82 | G11: 86 | I11: 80 | K11: 84 | M11: 84 | O11: 88 | Q11: 90 | S11: 86 | U11: 80 | W11: 80 | Y11: 72 | AA11: 72 | AC11: 86 | AE11: 89 | AG11: 76 | AI11: 75 | AK11: =SUMIF(E11:E11, ">=70") / 4 +SUMIF(G11:G11, ">=70") / 4 +SUMIF(I11:I11, ">=70") / 4 +SUMIF(K11:K11, ">=70") / 4 + SUMIF(F11:F11, ">1") / 4 + SUMIF(H11:H11, ">1") / 4 + SUMIF(J11:J11, ">1") / 4 + SUMIF(L11:L11, ">1") / 4 -> 83 | AL11: =SUMIF(M11:M11, ">=70") / 4 +SUMIF(O11:O11, ">=70") / 4 +SUMIF(Q11:Q11, ">=70") / 4 +SUMIF(S11:S11, ">=70") / 4 + SUMIF(N11:N11, ">1") / 4 + SUMIF(P11:P11, ">1") / 4 + SUMIF(R11:R11, ">1") / 4 + SUMIF(T11:T11, ">1") / 4 -> 87 | AM11: =SUMIF(U11:U11, ">=70") / 4 +SUMIF(W11:W11, ">=70") / 4 +SUMIF(Y11:Y11, ">=70") / 4 +SUMIF(AA11:AA11, ">=70") / 4 + SUMIF(V11:V11, ">1") / 4 + SUMIF(X11:X11, ">1") / 4 + SUMIF(Z11:Z11, ">1") / 4 + SUMIF(AB11:AB11, ">1") / 4 -> 76 | AN11: =SUMIF(AC11:AC11, ">=70") / 4 +SUMIF(AE11:AE11, ">=70") / 4 +SUMIF(AG11:AG11, ">=70") / 4 +SUMIF(AI11:AI11, ">=70") / 4 + SUMIF(AD11:AD11, ">1") / 4 + SUMIF(AF11:AF11, ">1") / 4 + SUMIF(AH11:AH11, ">1") / 4 + SUMIF(AJ11:AJ11, ">1") / 4 -> 81.5 | AO11: =AVERAGE(AK11:AN11) -> 81.875 | AR11: =IF(AO11<70, AO11*0.5, "") | AT11: =AS11*50% -> 0 | AU11: =IF(AS11<>"", IF(AR11="","",AR11+AT11), "") | AV11: =IF(AU11 < 70, AR11*30%, "") | AX11: =AW11*70% -> 0 | AY11: =IF(AW11<>"", IF(AV11="", "", AV11+AX11), "") | AZ11: =IF(AND(AU11<70, AY11<70), AO11, "") | BB11: =IF(AW11<>"", IF(AY11>=70, AY11, IF(AZ11+BA11>=70, AZ11+BA11, "")), IF(AS11<>"", IF(AU11>=70, AU11, ""), IF(AO11>=70, AO11, ""))) -> 81.875 | BC11: =IF(AW11<>"", IF(AY11<70, IF(AZ11+BA11<70, AZ11+BA11, ""), ""), IF(AS11<>"", IF(AU11<70, AU11, ""), IF(AO11<70, AO11, ""))) | BE11: =SUM(E11+M11+U11+AC11)/4 -> 83 | BF11: =SUM(G11+O11+W11+AE11)/4 -> 85.75 | BG11: =SUM(I11+Q11+Y11+AG11)/4 -> 79.5 | BH11: =SUM(K11+S11+AA11+AI11)/4 -> 79.25 | BI11: =AVERAGE(BE11:BH11) -> 81.875
A12: 2 | B12: 1A-A-02 | C12: ANEURIS | D12: ANDERSON | E12: 81 | G12: 85 | I12: 80 | K12: 82 | M12: 83 | O12: 87 | Q12: 85 | S12: 89 | U12: 84 | W12: 88 | Y12: 74 | AA12: 81 | AC12: 80 | AE12: 84 | AG12: 89 | AI12: 87 | AK12: =SUMIF(E12:E12, ">=70") / 4 +SUMIF(G12:G12, ">=70") / 4 +SUMIF(I12:I12, ">=70") / 4 +SUMIF(K12:K12, ">=70") / 4 + SUMIF(F12:F12, ">1") / 4 + SUMIF(H12:H12, ">1") / 4 + SUMIF(J12:J12, ">1") / 4 + SUMIF(L12:L12, ">1") / 4 -> 82 | AL12: =SUMIF(M12:M12, ">=70") / 4 +SUMIF(O12:O12, ">=70") / 4 +SUMIF(Q12:Q12, ">=70") / 4 +SUMIF(S12:S12, ">=70") / 4 + SUMIF(N12:N12, ">1") / 4 + SUMIF(P12:P12, ">1") / 4 + SUMIF(R12:R12, ">1") / 4 + SUMIF(T12:T12, ">1") / 4 -> 86 | AM12: =SUMIF(U12:U12, ">=70") / 4 +SUMIF(W12:W12, ">=70") / 4 +SUMIF(Y12:Y12, ">=70") / 4 +SUMIF(AA12:AA12, ">=70") / 4 + SUMIF(V12:V12, ">1") / 4 + SUMIF(X12:X12, ">1") / 4 + SUMIF(Z12:Z12, ">1") / 4 + SUMIF(AB12:AB12, ">1") / 4 -> 81.75 | AN12: =SUMIF(AC12:AC12, ">=65") / 4 +SUMIF(AE12:AE12, ">=65") / 4 +SUMIF(AG12:AG12, ">=65") / 4 +SUMIF(AI12:AI12, ">=65") / 4 + SUMIF(AD12:AD12, ">1") / 4 + SUMIF(AF12:AF12, ">1") / 4 + SUMIF(AH12:AH12, ">1") / 4 + SUMIF(AJ12:AJ12, ">1") / 4 -> 85 | AO12: =AVERAGE(AK12:AN12) -> 83.6875 | AR12: =IF(AO12<70, AO12*0.5, "") | AT12: =AS12*50% -> 0 | AU12: =IF(AS12<>"", IF(AR12="","",AR12+AT12), "") | AV12: =IF(AU12 < 70, AR12*30%, "") | AX12: =AW12*70% -> 0 | AY12: =IF(AW12<>"", IF(AV12="", "", AV12+AX12), "") | AZ12: =IF(AND(AU12<70, AY12<70), AO12, "") | BB12: =IF(AW12<>"", IF(AY12>=70, AY12, IF(AZ12+BA12>=70, AZ12+BA12, "")), IF(AS12<>"", IF(AU12>=70, AU12, ""), IF(AO12>=70, AO12, ""))) -> 83.6875 | BC12: =IF(AW12<>"", IF(AY12<70, IF(AZ12+BA12<70, AZ12+BA12, ""), ""), IF(AS12<>"", IF(AU12<70, AU12, ""), IF(AO12<70, AO12, ""))) | BE12: =SUM(E12+M12+U12+AC12)/4 -> 82 | BF12: =SUM(G12+O12+W12+AE12)/4 -> 86 | BG12: =SUM(I12+Q12+Y12+AG12)/4 -> 82 | BH12: =SUM(K12+S12+AA12+AI12)/4 -> 84.75 | BI12: =AVERAGE(BE12:BH12) -> 83.6875
A13: 3 | B13: 1A-A-03 | C13: ANGEL ARIEL | D13: AZCONA BALBUENA | E13: 86 | G13: 88 | I13: 85 | K13: 89 | M13: 88 | O13: 90 | Q13: 87 | S13: 91 | U13: 85 | W13: 87 | Y13: 84 | AA13: 88 | AC13: 89 | AE13: 91 | AG13: 88 | AI13: 92 | AK13: =SUMIF(E13:E13, ">=70") / 4 +SUMIF(G13:G13, ">=70") / 4 +SUMIF(I13:I13, ">=70") / 4 +SUMIF(K13:K13, ">=70") / 4 + SUMIF(F13:F13, ">1") / 4 + SUMIF(H13:H13, ">1") / 4 + SUMIF(J13:J13, ">1") / 4 + SUMIF(L13:L13, ">1") / 4 -> 87 | AL13: =SUMIF(M13:M13, ">=70") / 4 +SUMIF(O13:O13, ">=70") / 4 +SUMIF(Q13:Q13, ">=70") / 4 +SUMIF(S13:S13, ">=70") / 4 + SUMIF(N13:N13, ">1") / 4 + SUMIF(P13:P13, ">1") / 4 + SUMIF(R13:R13, ">1") / 4 + SUMIF(T13:T13, ">1") / 4 -> 89 | AM13: =SUMIF(U13:U13, ">=70") / 4 +SUMIF(W13:W13, ">=70") / 4 +SUMIF(Y13:Y13, ">=70") / 4 +SUMIF(AA13:AA13, ">=70") / 4 + SUMIF(V13:V13, ">1") / 4 + SUMIF(X13:X13, ">1") / 4 + SUMIF(Z13:Z13, ">1") / 4 + SUMIF(AB13:AB13, ">1") / 4 -> 86 | AN13: =SUMIF(AC13:AC13, ">=65") / 4 +SUMIF(AE13:AE13, ">=65") / 4 +SUMIF(AG13:AG13, ">=65") / 4 +SUMIF(AI13:AI13, ">=65") / 4 + SUMIF(AD13:AD13, ">1") / 4 + SUMIF(AF13:AF13, ">1") / 4 + SUMIF(AH13:AH13, ">1") / 4 + SUMIF(AJ13:AJ13, ">1") / 4 -> 90 | AO13: =AVERAGE(AK13:AN13) -> 88 | AR13: =IF(AO13<70, AO13*0.5, "") | AT13: =AS13*50% -> 0 | AU13: =IF(AS13<>"", IF(AR13="","",AR13+AT13), "") | AV13: =IF(AU13 < 70, AR13*30%, "") | AX13: =AW13*70% -> 0 | AY13: =IF(AW13<>"", IF(AV13="", "", AV13+AX13), "") | AZ13: =IF(AND(AU13<70, AY13<70), AO13, "") | BB13: =IF(AW13<>"", IF(AY13>=70, AY13, IF(AZ13+BA13>=70, AZ13+BA13, "")), IF(AS13<>"", IF(AU13>=70, AU13, ""), IF(AO13>=70, AO13, ""))) -> 88 | BC13: =IF(AW13<>"", IF(AY13<70, IF(AZ13+BA13<70, AZ13+BA13, ""), ""), IF(AS13<>"", IF(AU13<70, AU13, ""), IF(AO13<70, AO13, ""))) | BE13: =SUM(E13+M13+U13+AC13)/4 -> 87 | BF13: =SUM(G13+O13+W13+AE13)/4 -> 89 | BG13: =SUM(I13+Q13+Y13+AG13)/4 -> 86 | BH13: =SUM(K13+S13+AA13+AI13)/4 -> 90 | BI13: =AVERAGE(BE13:BH13) -> 88
A14: 4 | B14: 1A-A-04 | C14: WISLINE | D14: BERNADEAU | E14: 85 | G14: 88 | I14: 86 | K14: 89 | M14: 89 | O14: 90 | Q14: 88 | S14: 89 | U14: 86 | W14: 87 | Y14: 85 | AA14: 86 | AC14: 88 | AE14: 91 | AG14: 89 | AI14: 92 | AK14: =SUMIF(E14:E14, ">=70") / 4 +SUMIF(G14:G14, ">=70") / 4 +SUMIF(I14:I14, ">=70") / 4 +SUMIF(K14:K14, ">=70") / 4 + SUMIF(F14:F14, ">1") / 4 + SUMIF(H14:H14, ">1") / 4 + SUMIF(J14:J14, ">1") / 4 + SUMIF(L14:L14, ">1") / 4 -> 87 | AL14: =SUMIF(M14:M14, ">=70") / 4 +SUMIF(O14:O14, ">=70") / 4 +SUMIF(Q14:Q14, ">=70") / 4 +SUMIF(S14:S14, ">=70") / 4 + SUMIF(N14:N14, ">1") / 4 + SUMIF(P14:P14, ">1") / 4 + SUMIF(R14:R14, ">1") / 4 + SUMIF(T14:T14, ">1") / 4 -> 89 | AM14: =SUMIF(U14:U14, ">=70") / 4 +SUMIF(W14:W14, ">=70") / 4 +SUMIF(Y14:Y14, ">=70") / 4 +SUMIF(AA14:AA14, ">=70") / 4 + SUMIF(V14:V14, ">1") / 4 + SUMIF(X14:X14, ">1") / 4 + SUMIF(Z14:Z14, ">1") / 4 + SUMIF(AB14:AB14, ">1") / 4 -> 86 | AN14: =SUMIF(AC14:AC14, ">=65") / 4 +SUMIF(AE14:AE14, ">=65") / 4 +SUMIF(AG14:AG14, ">=65") / 4 +SUMIF(AI14:AI14, ">=65") / 4 + SUMIF(AD14:AD14, ">1") / 4 + SUMIF(AF14:AF14, ">1") / 4 + SUMIF(AH14:AH14, ">1") / 4 + SUMIF(AJ14:AJ14, ">1") / 4 -> 90 | AO14: =AVERAGE(AK14:AN14) -> 88 | AR14: =IF(AO14<70, AO14*0.5, "") | AT14: =AS14*50% -> 0 | AU14: =IF(AS14<>"", IF(AR14="","",AR14+AT14), "") | AV14: =IF(AU14 < 70, AR14*30%, "") | AX14: =AW14*70% -> 0 | AY14: =IF(AW14<>"", IF(AV14="", "", AV14+AX14), "") | AZ14: =IF(AND(AU14<70, AY14<70), AO14, "") | BB14: =IF(AW14<>"", IF(AY14>=70, AY14, IF(AZ14+BA14>=70, AZ14+BA14, "")), IF(AS14<>"", IF(AU14>=70, AU14, ""), IF(AO14>=70, AO14, ""))) -> 88 | BC14: =IF(AW14<>"", IF(AY14<70, IF(AZ14+BA14<70, AZ14+BA14, ""), ""), IF(AS14<>"", IF(AU14<70, AU14, ""), IF(AO14<70, AO14, ""))) | BE14: =SUM(E14+M14+U14+AC14)/4 -> 87 | BF14: =SUM(G14+O14+W14+AE14)/4 -> 89 | BG14: =SUM(I14+Q14+Y14+AG14)/4 -> 87 | BH14: =SUM(K14+S14+AA14+AI14)/4 -> 89 | BI14: =AVERAGE(BE14:BH14) -> 88
A15: 5 | B15: 1A-A-05 | C15: LISAIRY | D15: BREA CONTRERA | E15: 75 | G15: 78 | I15: 77 | K15: 74 | M15: 77 | O15: 82 | Q15: 83 | S15: 78 | U15: 84 | W15: 79 | Y15: 82 | AA15: 87 | AC15: 78 | AE15: 81 | AG15: 84 | AI15: 81 | AK15: =SUMIF(E15:E15, ">=70") / 4 +SUMIF(G15:G15, ">=70") / 4 +SUMIF(I15:I15, ">=70") / 4 +SUMIF(K15:K15, ">=70") / 4 + SUMIF(F15:F15, ">1") / 4 + SUMIF(H15:H15, ">1") / 4 + SUMIF(J15:J15, ">1") / 4 + SUMIF(L15:L15, ">1") / 4 -> 76 | AL15: =SUMIF(M15:M15, ">=70") / 4 +SUMIF(O15:O15, ">=70") / 4 +SUMIF(Q15:Q15, ">=70") / 4 +SUMIF(S15:S15, ">=70") / 4 + SUMIF(N15:N15, ">1") / 4 + SUMIF(P15:P15, ">1") / 4 + SUMIF(R15:R15, ">1") / 4 + SUMIF(T15:T15, ">1") / 4 -> 80 | AM15: =SUMIF(U15:U15, ">=70") / 4 +SUMIF(W15:W15, ">=70") / 4 +SUMIF(Y15:Y15, ">=70") / 4 +SUMIF(AA15:AA15, ">=70") / 4 + SUMIF(V15:V15, ">1") / 4 + SUMIF(X15:X15, ">1") / 4 + SUMIF(Z15:Z15, ">1") / 4 + SUMIF(AB15:AB15, ">1") / 4 -> 83 | AN15: =SUMIF(AC15:AC15, ">=65") / 4 +SUMIF(AE15:AE15, ">=65") / 4 +SUMIF(AG15:AG15, ">=65") / 4 +SUMIF(AI15:AI15, ">=65") / 4 + SUMIF(AD15:AD15, ">1") / 4 + SUMIF(AF15:AF15, ">1") / 4 + SUMIF(AH15:AH15, ">1") / 4 + SUMIF(AJ15:AJ15, ">1") / 4 -> 81 | AO15: =AVERAGE(AK15:AN15) -> 80 | AR15: =IF(AO15<70, AO15*0.5, "") | AT15: =AS15*50% -> 0 | AU15: =IF(AS15<>"", IF(AR15="","",AR15+AT15), "") | AV15: =IF(AU15 < 70, AR15*30%, "") | AX15: =AW15*70% -> 0 | AY15: =IF(AW15<>"", IF(AV15="", "", AV15+AX15), "") | AZ15: =IF(AND(AU15<70, AY15<70), AO15, "") | BB15: =IF(AW15<>"", IF(AY15>=70, AY15, IF(AZ15+BA15>=70, AZ15+BA15, "")), IF(AS15<>"", IF(AU15>=70, AU15, ""), IF(AO15>=70, AO15, ""))) -> 80 | BC15: =IF(AW15<>"", IF(AY15<70, IF(AZ15+BA15<70, AZ15+BA15, ""), ""), IF(AS15<>"", IF(AU15<70, AU15, ""), IF(AO15<70, AO15, ""))) | BE15: =SUM(E15+M15+U15+AC15)/4 -> 78.5 | BF15: =SUM(G15+O15+W15+AE15)/4 -> 80 | BG15: =SUM(I15+Q15+Y15+AG15)/4 -> 81.5 | BH15: =SUM(K15+S15+AA15+AI15)/4 -> 80 | BI15: =AVERAGE(BE15:BH15) -> 80
A16: 6 | B16: 1A-A-06 | C16: RODENEL | D16: CACEUS DABOIS | E16: 75 | G16: 78 | I16: 77 | K16: 74 | M16: 77 | O16: 82 | Q16: 83 | S16: 78 | U16: 84 | W16: 79 | Y16: 82 | AA16: 87 | AC16: 78 | AE16: 81 | AG16: 84 | AI16: 81 | AK16: =SUMIF(E16:E16, ">=70") / 4 +SUMIF(G16:G16, ">=70") / 4 +SUMIF(I16:I16, ">=70") / 4 +SUMIF(K16:K16, ">=70") / 4 + SUMIF(F16:F16, ">1") / 4 + SUMIF(H16:H16, ">1") / 4 + SUMIF(J16:J16, ">1") / 4 + SUMIF(L16:L16, ">1") / 4 -> 76 | AL16: =SUMIF(M16:M16, ">=70") / 4 +SUMIF(O16:O16, ">=70") / 4 +SUMIF(Q16:Q16, ">=70") / 4 +SUMIF(S16:S16, ">=70") / 4 + SUMIF(N16:N16, ">1") / 4 + SUMIF(P16:P16, ">1") / 4 + SUMIF(R16:R16, ">1") / 4 + SUMIF(T16:T16, ">1") / 4 -> 80 | AM16: =SUMIF(U16:U16, ">=70") / 4 +SUMIF(W16:W16, ">=70") / 4 +SUMIF(Y16:Y16, ">=70") / 4 +SUMIF(AA16:AA16, ">=70") / 4 + SUMIF(V16:V16, ">1") / 4 + SUMIF(X16:X16, ">1") / 4 + SUMIF(Z16:Z16, ">1") / 4 + SUMIF(AB16:AB16, ">1") / 4 -> 83 | AN16: =SUMIF(AC16:AC16, ">=65") / 4 +SUMIF(AE16:AE16, ">=65") / 4 +SUMIF(AG16:AG16, ">=65") / 4 +SUMIF(AI16:AI16, ">=65") / 4 + SUMIF(AD16:AD16, ">1") / 4 + SUMIF(AF16:AF16, ">1") / 4 + SUMIF(AH16:AH16, ">1") / 4 + SUMIF(AJ16:AJ16, ">1") / 4 -> 81 | AO16: =AVERAGE(AK16:AN16) -> 80 | AR16: =IF(AO16<70, AO16*0.5, "") | AT16: =AS16*50% -> 0 | AU16: =IF(AS16<>"", IF(AR16="","",AR16+AT16), "") | AV16: =IF(AU16 < 70, AR16*30%, "") | AX16: =AW16*70% -> 0 | AY16: =IF(AW16<>"", IF(AV16="", "", AV16+AX16), "") | AZ16: =IF(AND(AU16<70, AY16<70), AO16, "") | BB16: =IF(AW16<>"", IF(AY16>=70, AY16, IF(AZ16+BA16>=70, AZ16+BA16, "")), IF(AS16<>"", IF(AU16>=70, AU16, ""), IF(AO16>=70, AO16, ""))) -> 80 | BC16: =IF(AW16<>"", IF(AY16<70, IF(AZ16+BA16<70, AZ16+BA16, ""), ""), IF(AS16<>"", IF(AU16<70, AU16, ""), IF(AO16<70, AO16, ""))) | BE16: =SUM(E16+M16+U16+AC16)/4 -> 78.5 | BF16: =SUM(G16+O16+W16+AE16)/4 -> 80 | BG16: =SUM(I16+Q16+Y16+AG16)/4 -> 81.5 | BH16: =SUM(K16+S16+AA16+AI16)/4 -> 80 | BI16: =AVERAGE(BE16:BH16) -> 80
A17: 7 | B17: 1A-A-07 | C17: MARY LUZ | D17: CAMILO ESPINAL | E17: 82 | G17: 86 | I17: 80 | K17: 84 | M17: 84 | O17: 88 | Q17: 90 | S17: 86 | U17: 80 | W17: 80 | Y17: 72 | AA17: 72 | AC17: 86 | AE17: 89 | AG17: 76 | AI17: 75 | AK17: =SUMIF(E17:E17, ">=70") / 4 +SUMIF(G17:G17, ">=70") / 4 +SUMIF(I17:I17, ">=70") / 4 +SUMIF(K17:K17, ">=70") / 4 + SUMIF(F17:F17, ">1") / 4 + SUMIF(H17:H17, ">1") / 4 + SUMIF(J17:J17, ">1") / 4 + SUMIF(L17:L17, ">1") / 4 -> 83 | AL17: =SUMIF(M17:M17, ">=70") / 4 +SUMIF(O17:O17, ">=70") / 4 +SUMIF(Q17:Q17, ">=70") / 4 +SUMIF(S17:S17, ">=70") / 4 + SUMIF(N17:N17, ">1") / 4 + SUMIF(P17:P17, ">1") / 4 + SUMIF(R17:R17, ">1") / 4 + SUMIF(T17:T17, ">1") / 4 -> 87 | AM17: =SUMIF(U17:U17, ">=70") / 4 +SUMIF(W17:W17, ">=70") / 4 +SUMIF(Y17:Y17, ">=70") / 4 +SUMIF(AA17:AA17, ">=70") / 4 + SUMIF(V17:V17, ">1") / 4 + SUMIF(X17:X17, ">1") / 4 + SUMIF(Z17:Z17, ">1") / 4 + SUMIF(AB17:AB17, ">1") / 4 -> 76 | AN17: =SUMIF(AC17:AC17, ">=65") / 4 +SUMIF(AE17:AE17, ">=65") / 4 +SUMIF(AG17:AG17, ">=65") / 4 +SUMIF(AI17:AI17, ">=65") / 4 + SUMIF(AD17:AD17, ">1") / 4 + SUMIF(AF17:AF17, ">1") / 4 + SUMIF(AH17:AH17, ">1") / 4 + SUMIF(AJ17:AJ17, ">1") / 4 -> 81.5 | AO17: =AVERAGE(AK17:AN17) -> 81.875 | AR17: =IF(AO17<70, AO17*0.5, "") | AT17: =AS17*50% -> 0 | AU17: =IF(AS17<>"", IF(AR17="","",AR17+AT17), "") | AV17: =IF(AU17 < 70, AR17*30%, "") | AX17: =AW17*70% -> 0 | AY17: =IF(AW17<>"", IF(AV17="", "", AV17+AX17), "") | AZ17: =IF(AND(AU17<70, AY17<70), AO17, "") | BB17: =IF(AW17<>"", IF(AY17>=70, AY17, IF(AZ17+BA17>=70, AZ17+BA17, "")), IF(AS17<>"", IF(AU17>=70, AU17, ""), IF(AO17>=70, AO17, ""))) -> 81.875 | BC17: =IF(AW17<>"", IF(AY17<70, IF(AZ17+BA17<70, AZ17+BA17, ""), ""), IF(AS17<>"", IF(AU17<70, AU17, ""), IF(AO17<70, AO17, ""))) | BE17: =SUM(E17+M17+U17+AC17)/4 -> 83 | BF17: =SUM(G17+O17+W17+AE17)/4 -> 85.75 | BG17: =SUM(I17+Q17+Y17+AG17)/4 -> 79.5 | BH17: =SUM(K17+S17+AA17+AI17)/4 -> 79.25 | BI17: =AVERAGE(BE17:BH17) -> 81.875
A18: 8 | B18: 1A-A-08 | C18: ANA ROSA | D18: CARRION VILORIO | E18: 81 | G18: 85 | I18: 80 | K18: 82 | M18: 83 | O18: 87 | Q18: 85 | S18: 89 | U18: 84 | W18: 88 | Y18: 74 | AA18: 81 | AC18: 80 | AE18: 84 | AG18: 89 | AI18: 87 | AK18: =SUMIF(E18:E18, ">=70") / 4 +SUMIF(G18:G18, ">=70") / 4 +SUMIF(I18:I18, ">=70") / 4 +SUMIF(K18:K18, ">=70") / 4 + SUMIF(F18:F18, ">1") / 4 + SUMIF(H18:H18, ">1") / 4 + SUMIF(J18:J18, ">1") / 4 + SUMIF(L18:L18, ">1") / 4 -> 82 | AL18: =SUMIF(M18:M18, ">=70") / 4 +SUMIF(O18:O18, ">=70") / 4 +SUMIF(Q18:Q18, ">=70") / 4 +SUMIF(S18:S18, ">=70") / 4 + SUMIF(N18:N18, ">1") / 4 + SUMIF(P18:P18, ">1") / 4 + SUMIF(R18:R18, ">1") / 4 + SUMIF(T18:T18, ">1") / 4 -> 86 | AM18: =SUMIF(U18:U18, ">=70") / 4 +SUMIF(W18:W18, ">=70") / 4 +SUMIF(Y18:Y18, ">=70") / 4 +SUMIF(AA18:AA18, ">=70") / 4 + SUMIF(V18:V18, ">1") / 4 + SUMIF(X18:X18, ">1") / 4 + SUMIF(Z18:Z18, ">1") / 4 + SUMIF(AB18:AB18, ">1") / 4 -> 81.75 | AN18: =SUMIF(AC18:AC18, ">=65") / 4 +SUMIF(AE18:AE18, ">=65") / 4 +SUMIF(AG18:AG18, ">=65") / 4 +SUMIF(AI18:AI18, ">=65") / 4 + SUMIF(AD18:AD18, ">1") / 4 + SUMIF(AF18:AF18, ">1") / 4 + SUMIF(AH18:AH18, ">1") / 4 + SUMIF(AJ18:AJ18, ">1") / 4 -> 85 | AO18: =AVERAGE(AK18:AN18) -> 83.6875 | AR18: =IF(AO18<70, AO18*0.5, "") | AT18: =AS18*50% -> 0 | AU18: =IF(AS18<>"", IF(AR18="","",AR18+AT18), "") | AV18: =IF(AU18 < 70, AR18*30%, "") | AX18: =AW18*70% -> 0 | AY18: =IF(AW18<>"", IF(AV18="", "", AV18+AX18), "") | AZ18: =IF(AND(AU18<70, AY18<70), AO18, "") | BB18: =IF(AW18<>"", IF(AY18>=70, AY18, IF(AZ18+BA18>=70, AZ18+BA18, "")), IF(AS18<>"", IF(AU18>=70, AU18, ""), IF(AO18>=70, AO18, ""))) -> 83.6875 | BC18: =IF(AW18<>"", IF(AY18<70, IF(AZ18+BA18<70, AZ18+BA18, ""), ""), IF(AS18<>"", IF(AU18<70, AU18, ""), IF(AO18<70, AO18, ""))) | BE18: =SUM(E18+M18+U18+AC18)/4 -> 82 | BF18: =SUM(G18+O18+W18+AE18)/4 -> 86 | BG18: =SUM(I18+Q18+Y18+AG18)/4 -> 82 | BH18: =SUM(K18+S18+AA18+AI18)/4 -> 84.75 | BI18: =AVERAGE(BE18:BH18) -> 83.6875
A19: 9 | B19: 1A-A-09 | C19: WILDIANA | D19: CASSEUS | E19: 86 | G19: 88 | I19: 85 | K19: 89 | M19: 88 | O19: 90 | Q19: 87 | S19: 91 | U19: 85 | W19: 87 | Y19: 84 | AA19: 88 | AC19: 89 | AE19: 91 | AG19: 88 | AI19: 92 | AK19: =SUMIF(E19:E19, ">=70") / 4 +SUMIF(G19:G19, ">=70") / 4 +SUMIF(I19:I19, ">=70") / 4 +SUMIF(K19:K19, ">=70") / 4 + SUMIF(F19:F19, ">1") / 4 + SUMIF(H19:H19, ">1") / 4 + SUMIF(J19:J19, ">1") / 4 + SUMIF(L19:L19, ">1") / 4 -> 87 | AL19: =SUMIF(M19:M19, ">=70") / 4 +SUMIF(O19:O19, ">=70") / 4 +SUMIF(Q19:Q19, ">=70") / 4 +SUMIF(S19:S19, ">=70") / 4 + SUMIF(N19:N19, ">1") / 4 + SUMIF(P19:P19, ">1") / 4 + SUMIF(R19:R19, ">1") / 4 + SUMIF(T19:T19, ">1") / 4 -> 89 | AM19: =SUMIF(U19:U19, ">=70") / 4 +SUMIF(W19:W19, ">=70") / 4 +SUMIF(Y19:Y19, ">=70") / 4 +SUMIF(AA19:AA19, ">=70") / 4 + SUMIF(V19:V19, ">1") / 4 + SUMIF(X19:X19, ">1") / 4 + SUMIF(Z19:Z19, ">1") / 4 + SUMIF(AB19:AB19, ">1") / 4 -> 86 | AN19: =SUMIF(AC19:AC19, ">=65") / 4 +SUMIF(AE19:AE19, ">=65") / 4 +SUMIF(AG19:AG19, ">=65") / 4 +SUMIF(AI19:AI19, ">=65") / 4 + SUMIF(AD19:AD19, ">1") / 4 + SUMIF(AF19:AF19, ">1") / 4 + SUMIF(AH19:AH19, ">1") / 4 + SUMIF(AJ19:AJ19, ">1") / 4 -> 90 | AO19: =AVERAGE(AK19:AN19) -> 88 | AR19: =IF(AO19<70, AO19*0.5, "") | AT19: =AS19*50% -> 0 | AU19: =IF(AS19<>"", IF(AR19="","",AR19+AT19), "") | AV19: =IF(AU19 < 70, AR19*30%, "") | AX19: =AW19*70% -> 0 | AY19: =IF(AW19<>"", IF(AV19="", "", AV19+AX19), "") | AZ19: =IF(AND(AU19<70, AY19<70), AO19, "") | BB19: =IF(AW19<>"", IF(AY19>=70, AY19, IF(AZ19+BA19>=70, AZ19+BA19, "")), IF(AS19<>"", IF(AU19>=70, AU19, ""), IF(AO19>=70, AO19, ""))) -> 88 | BC19: =IF(AW19<>"", IF(AY19<70, IF(AZ19+BA19<70, AZ19+BA19, ""), ""), IF(AS19<>"", IF(AU19<70, AU19, ""), IF(AO19<70, AO19, ""))) | BE19: =SUM(E19+M19+U19+AC19)/4 -> 87 | BF19: =SUM(G19+O19+W19+AE19)/4 -> 89 | BG19: =SUM(I19+Q19+Y19+AG19)/4 -> 86 | BH19: =SUM(K19+S19+AA19+AI19)/4 -> 90 | BI19: =AVERAGE(BE19:BH19) -> 88
A20: 10 | B20: 1A-A-10 | C20: JERVIN | D20: CASTRO ALMONTE | E20: 82 | G20: 86 | I20: 80 | K20: 84 | M20: 84 | O20: 88 | Q20: 90 | S20: 86 | U20: 80 | W20: 80 | Y20: 72 | AA20: 72 | AC20: 86 | AE20: 89 | AG20: 76 | AI20: 75 | AK20: =SUMIF(E20:E20, ">=70") / 4 +SUMIF(G20:G20, ">=70") / 4 +SUMIF(I20:I20, ">=70") / 4 +SUMIF(K20:K20, ">=70") / 4 + SUMIF(F20:F20, ">1") / 4 + SUMIF(H20:H20, ">1") / 4 + SUMIF(J20:J20, ">1") / 4 + SUMIF(L20:L20, ">1") / 4 -> 83 | AL20: =SUMIF(M20:M20, ">=70") / 4 +SUMIF(O20:O20, ">=70") / 4 +SUMIF(Q20:Q20, ">=70") / 4 +SUMIF(S20:S20, ">=70") / 4 + SUMIF(N20:N20, ">1") / 4 + SUMIF(P20:P20, ">1") / 4 + SUMIF(R20:R20, ">1") / 4 + SUMIF(T20:T20, ">1") / 4 -> 87 | AM20: =SUMIF(U20:U20, ">=70") / 4 +SUMIF(W20:W20, ">=70") / 4 +SUMIF(Y20:Y20, ">=70") / 4 +SUMIF(AA20:AA20, ">=70") / 4 + SUMIF(V20:V20, ">1") / 4 + SUMIF(X20:X20, ">1") / 4 + SUMIF(Z20:Z20, ">1") / 4 + SUMIF(AB20:AB20, ">1") / 4 -> 76 | AN20: =SUMIF(AC20:AC20, ">=65") / 4 +SUMIF(AE20:AE20, ">=65") / 4 +SUMIF(AG20:AG20, ">=65") / 4 +SUMIF(AI20:AI20, ">=65") / 4 + SUMIF(AD20:AD20, ">1") / 4 + SUMIF(AF20:AF20, ">1") / 4 + SUMIF(AH20:AH20, ">1") / 4 + SUMIF(AJ20:AJ20, ">1") / 4 -> 81.5 | AO20: =AVERAGE(AK20:AN20) -> 81.875 | AR20: =IF(AO20<70, AO20*0.5, "") | AT20: =AS20*50% -> 0 | AU20: =IF(AS20<>"", IF(AR20="","",AR20+AT20), "") | AV20: =IF(AU20 < 70, AR20*30%, "") | AX20: =AW20*70% -> 0 | AY20: =IF(AW20<>"", IF(AV20="", "", AV20+AX20), "") | AZ20: =IF(AND(AU20<70, AY20<70), AO20, "") | BB20: =IF(AW20<>"", IF(AY20>=70, AY20, IF(AZ20+BA20>=70, AZ20+BA20, "")), IF(AS20<>"", IF(AU20>=70, AU20, ""), IF(AO20>=70, AO20, ""))) -> 81.875 | BC20: =IF(AW20<>"", IF(AY20<70, IF(AZ20+BA20<70, AZ20+BA20, ""), ""), IF(AS20<>"", IF(AU20<70, AU20, ""), IF(AO20<70, AO20, ""))) | BE20: =SUM(E20+M20+U20+AC20)/4 -> 83 | BF20: =SUM(G20+O20+W20+AE20)/4 -> 85.75 | BG20: =SUM(I20+Q20+Y20+AG20)/4 -> 79.5 | BH20: =SUM(K20+S20+AA20+AI20)/4 -> 79.25 | BI20: =AVERAGE(BE20:BH20) -> 81.875
A21: 11 | B21: 1A-A-11 | C21: SONDJY | D21: CESAIRE | E21: 81 | G21: 85 | I21: 80 | K21: 82 | M21: 83 | O21: 87 | Q21: 85 | S21: 89 | U21: 84 | W21: 88 | Y21: 74 | AA21: 81 | AC21: 80 | AE21: 84 | AG21: 89 | AI21: 87 | AK21: =SUMIF(E21:E21, ">=70") / 4 +SUMIF(G21:G21, ">=70") / 4 +SUMIF(I21:I21, ">=70") / 4 +SUMIF(K21:K21, ">=70") / 4 + SUMIF(F21:F21, ">1") / 4 + SUMIF(H21:H21, ">1") / 4 + SUMIF(J21:J21, ">1") / 4 + SUMIF(L21:L21, ">1") / 4 -> 82 | AL21: =SUMIF(M21:M21, ">=70") / 4 +SUMIF(O21:O21, ">=70") / 4 +SUMIF(Q21:Q21, ">=70") / 4 +SUMIF(S21:S21, ">=70") / 4 + SUMIF(N21:N21, ">1") / 4 + SUMIF(P21:P21, ">1") / 4 + SUMIF(R21:R21, ">1") / 4 + SUMIF(T21:T21, ">1") / 4 -> 86 | AM21: =SUMIF(U21:U21, ">=70") / 4 +SUMIF(W21:W21, ">=70") / 4 +SUMIF(Y21:Y21, ">=70") / 4 +SUMIF(AA21:AA21, ">=70") / 4 + SUMIF(V21:V21, ">1") / 4 + SUMIF(X21:X21, ">1") / 4 + SUMIF(Z21:Z21, ">1") / 4 + SUMIF(AB21:AB21, ">1") / 4 -> 81.75 | AN21: =SUMIF(AC21:AC21, ">=65") / 4 +SUMIF(AE21:AE21, ">=65") / 4 +SUMIF(AG21:AG21, ">=65") / 4 +SUMIF(AI21:AI21, ">=65") / 4 + SUMIF(AD21:AD21, ">1") / 4 + SUMIF(AF21:AF21, ">1") / 4 + SUMIF(AH21:AH21, ">1") / 4 + SUMIF(AJ21:AJ21, ">1") / 4 -> 85 | AO21: =AVERAGE(AK21:AN21) -> 83.6875 | AR21: =IF(AO21<70, AO21*0.5, "") | AT21: =AS21*50% -> 0 | AU21: =IF(AS21<>"", IF(AR21="","",AR21+AT21), "") | AV21: =IF(AU21 < 70, AR21*30%, "") | AX21: =AW21*70% -> 0 | AY21: =IF(AW21<>"", IF(AV21="", "", AV21+AX21), "") | AZ21: =IF(AND(AU21<70, AY21<70), AO21, "") | BB21: =IF(AW21<>"", IF(AY21>=70, AY21, IF(AZ21+BA21>=70, AZ21+BA21, "")), IF(AS21<>"", IF(AU21>=70, AU21, ""), IF(AO21>=70, AO21, ""))) -> 83.6875 | BC21: =IF(AW21<>"", IF(AY21<70, IF(AZ21+BA21<70, AZ21+BA21, ""), ""), IF(AS21<>"", IF(AU21<70, AU21, ""), IF(AO21<70, AO21, ""))) | BE21: =SUM(E21+M21+U21+AC21)/4 -> 82 | BF21: =SUM(G21+O21+W21+AE21)/4 -> 86 | BG21: =SUM(I21+Q21+Y21+AG21)/4 -> 82 | BH21: =SUM(K21+S21+AA21+AI21)/4 -> 84.75 | BI21: =AVERAGE(BE21:BH21) -> 83.6875
A22: 12 | B22: 1A-A-12 | C22: ANDERSON | D22: CHARLES | E22: 86 | G22: 88 | I22: 85 | K22: 89 | M22: 88 | O22: 90 | Q22: 87 | S22: 91 | U22: 85 | W22: 87 | Y22: 84 | AA22: 88 | AC22: 89 | AE22: 91 | AG22: 88 | AI22: 92 | AK22: =SUMIF(E22:E22, ">=70") / 4 +SUMIF(G22:G22, ">=70") / 4 +SUMIF(I22:I22, ">=70") / 4 +SUMIF(K22:K22, ">=70") / 4 + SUMIF(F22:F22, ">1") / 4 + SUMIF(H22:H22, ">1") / 4 + SUMIF(J22:J22, ">1") / 4 + SUMIF(L22:L22, ">1") / 4 -> 87 | AL22: =SUMIF(M22:M22, ">=70") / 4 +SUMIF(O22:O22, ">=70") / 4 +SUMIF(Q22:Q22, ">=70") / 4 +SUMIF(S22:S22, ">=70") / 4 + SUMIF(N22:N22, ">1") / 4 + SUMIF(P22:P22, ">1") / 4 + SUMIF(R22:R22, ">1") / 4 + SUMIF(T22:T22, ">1") / 4 -> 89 | AM22: =SUMIF(U22:U22, ">=70") / 4 +SUMIF(W22:W22, ">=70") / 4 +SUMIF(Y22:Y22, ">=70") / 4 +SUMIF(AA22:AA22, ">=70") / 4 + SUMIF(V22:V22, ">1") / 4 + SUMIF(X22:X22, ">1") / 4 + SUMIF(Z22:Z22, ">1") / 4 + SUMIF(AB22:AB22, ">1") / 4 -> 86 | AN22: =SUMIF(AC22:AC22, ">=65") / 4 +SUMIF(AE22:AE22, ">=65") / 4 +SUMIF(AG22:AG22, ">=65") / 4 +SUMIF(AI22:AI22, ">=65") / 4 + SUMIF(AD22:AD22, ">1") / 4 + SUMIF(AF22:AF22, ">1") / 4 + SUMIF(AH22:AH22, ">1") / 4 + SUMIF(AJ22:AJ22, ">1") / 4 -> 90 | AO22: =AVERAGE(AK22:AN22) -> 88 | AR22: =IF(AO22<70, AO22*0.5, "") | AT22: =AS22*50% -> 0 | AU22: =IF(AS22<>"", IF(AR22="","",AR22+AT22), "") | AV22: =IF(AU22 < 70, AR22*30%, "") | AX22: =AW22*70% -> 0 | AY22: =IF(AW22<>"", IF(AV22="", "", AV22+AX22), "") | AZ22: =IF(AND(AU22<70, AY22<70), AO22, "") | BB22: =IF(AW22<>"", IF(AY22>=70, AY22, IF(AZ22+BA22>=70, AZ22+BA22, "")), IF(AS22<>"", IF(AU22>=70, AU22, ""), IF(AO22>=70, AO22, ""))) -> 88 | BC22: =IF(AW22<>"", IF(AY22<70, IF(AZ22+BA22<70, AZ22+BA22, ""), ""), IF(AS22<>"", IF(AU22<70, AU22, ""), IF(AO22<70, AO22, ""))) | BE22: =SUM(E22+M22+U22+AC22)/4 -> 87 | BF22: =SUM(G22+O22+W22+AE22)/4 -> 89 | BG22: =SUM(I22+Q22+Y22+AG22)/4 -> 86 | BH22: =SUM(K22+S22+AA22+AI22)/4 -> 90 | BI22: =AVERAGE(BE22:BH22) -> 88
A23: 13 | B23: 1A-A-13 | C23: SALOMON MANUEL | D23: DE JESUS MANZUETA | E23: 75 | G23: 78 | I23: 77 | K23: 74 | M23: 77 | O23: 82 | Q23: 83 | S23: 78 | U23: 84 | W23: 79 | Y23: 82 | AA23: 87 | AC23: 78 | AE23: 81 | AG23: 84 | AI23: 81 | AK23: =SUMIF(E23:E23, ">=70") / 4 +SUMIF(G23:G23, ">=70") / 4 +SUMIF(I23:I23, ">=70") / 4 +SUMIF(K23:K23, ">=70") / 4 + SUMIF(F23:F23, ">1") / 4 + SUMIF(H23:H23, ">1") / 4 + SUMIF(J23:J23, ">1") / 4 + SUMIF(L23:L23, ">1") / 4 -> 76 | AL23: =SUMIF(M23:M23, ">=70") / 4 +SUMIF(O23:O23, ">=70") / 4 +SUMIF(Q23:Q23, ">=70") / 4 +SUMIF(S23:S23, ">=70") / 4 + SUMIF(N23:N23, ">1") / 4 + SUMIF(P23:P23, ">1") / 4 + SUMIF(R23:R23, ">1") / 4 + SUMIF(T23:T23, ">1") / 4 -> 80 | AM23: =SUMIF(U23:U23, ">=70") / 4 +SUMIF(W23:W23, ">=70") / 4 +SUMIF(Y23:Y23, ">=70") / 4 +SUMIF(AA23:AA23, ">=70") / 4 + SUMIF(V23:V23, ">1") / 4 + SUMIF(X23:X23, ">1") / 4 + SUMIF(Z23:Z23, ">1") / 4 + SUMIF(AB23:AB23, ">1") / 4 -> 83 | AN23: =SUMIF(AC23:AC23, ">=65") / 4 +SUMIF(AE23:AE23, ">=65") / 4 +SUMIF(AG23:AG23, ">=65") / 4 +SUMIF(AI23:AI23, ">=65") / 4 + SUMIF(AD23:AD23, ">1") / 4 + SUMIF(AF23:AF23, ">1") / 4 + SUMIF(AH23:AH23, ">1") / 4 + SUMIF(AJ23:AJ23, ">1") / 4 -> 81 | AO23: =AVERAGE(AK23:AN23) -> 80 | AR23: =IF(AO23<70, AO23*0.5, "") | AT23: =AS23*50% -> 0 | AU23: =IF(AS23<>"", IF(AR23="","",AR23+AT23), "") | AV23: =IF(AU23 < 70, AR23*30%, "") | AX23: =AW23*70% -> 0 | AY23: =IF(AW23<>"", IF(AV23="", "", AV23+AX23), "") | AZ23: =IF(AND(AU23<70, AY23<70), AO23, "") | BB23: =IF(AW23<>"", IF(AY23>=70, AY23, IF(AZ23+BA23>=70, AZ23+BA23, "")), IF(AS23<>"", IF(AU23>=70, AU23, ""), IF(AO23>=70, AO23, ""))) -> 80 | BC23: =IF(AW23<>"", IF(AY23<70, IF(AZ23+BA23<70, AZ23+BA23, ""), ""), IF(AS23<>"", IF(AU23<70, AU23, ""), IF(AO23<70, AO23, ""))) | BE23: =SUM(E23+M23+U23+AC23)/4 -> 78.5 | BF23: =SUM(G23+O23+W23+AE23)/4 -> 80 | BG23: =SUM(I23+Q23+Y23+AG23)/4 -> 81.5 | BH23: =SUM(K23+S23+AA23+AI23)/4 -> 80 | BI23: =AVERAGE(BE23:BH23) -> 80
... A55: 45 | B55: 1A-A-45 | C55: RANYELINA | D55: SINE | E55: 75 | G55: 78 | I55: 77 | K55: 74 | M55: 77 | O55: 82 | Q55: 83 | S55: 78 | U55: 84 | W55: 79 | Y55: 82 | AA55: 87 | AC55: 78 | AE55: 81 | AG55: 84 | AI55: 81 | AK55: =SUMIF(E55:E55, ">=70") / 4 +SUMIF(G55:G55, ">=70") / 4 +SUMIF(I55:I55, ">=70") / 4 +SUMIF(K55:K55, ">=70") / 4 + SUMIF(F55:F55, ">1") / 4 + SUMIF(H55:H55, ">1") / 4 + SUMIF(J55:J55, ">1") / 4 + SUMIF(L55:L55, ">1") / 4 -> 76 | AL55: =SUMIF(M55:M55, ">=70") / 4 +SUMIF(O55:O55, ">=70") / 4 +SUMIF(Q55:Q55, ">=70") / 4 +SUMIF(S55:S55, ">=70") / 4 + SUMIF(N55:N55, ">1") / 4 + SUMIF(P55:P55, ">1") / 4 + SUMIF(R55:R55, ">1") / 4 + SUMIF(T55:T55, ">1") / 4 -> 80 | AM55: =SUMIF(U55:U55, ">=70") / 4 +SUMIF(W55:W55, ">=70") / 4 +SUMIF(Y55:Y55, ">=70") / 4 +SUMIF(AA55:AA55, ">=70") / 4 + SUMIF(V55:V55, ">1") / 4 + SUMIF(X55:X55, ">1") / 4 + SUMIF(Z55:Z55, ">1") / 4 + SUMIF(AB55:AB55, ">1") / 4 -> 83 | AN55: =SUMIF(AC55:AC55, ">=65") / 4 +SUMIF(AE55:AE55, ">=65") / 4 +SUMIF(AG55:AG55, ">=65") / 4 +SUMIF(AI55:AI55, ">=65") / 4 + SUMIF(AD55:AD55, ">1") / 4 + SUMIF(AF55:AF55, ">1") / 4 + SUMIF(AH55:AH55, ">1") / 4 + SUMIF(AJ55:AJ55, ">1") / 4 -> 81 | AO55: =AVERAGE(AK55:AN55) -> 80 | AR55: =IF(AO55<70, AO55*0.5, "") | AT55: =AS55*50% -> 0 | AU55: =IF(AS55<>"", IF(AR55="","",AR55+AT55), "") | AV55: =IF(AU55 < 70, AR55*30%, "") | AX55: =AW55*70% -> 0 | AY55: =IF(AW55<>"", IF(AV55="", "", AV55+AX55), "") | AZ55: =IF(AND(AU55<70, AY55<70), AO55, "") | BB55: =IF(AW55<>"", IF(AY55>=70, AY55, IF(AZ55+BA55>=70, AZ55+BA55, "")), IF(AS55<>"", IF(AU55>=70, AU55, ""), IF(AO55>=70, AO55, ""))) -> 80 | BC55: =IF(AW55<>"", IF(AY55<70, IF(AZ55+BA55<70, AZ55+BA55, ""), ""), IF(AS55<>"", IF(AU55<70, AU55, ""), IF(AO55<70, AO55, ""))) | BE55: =SUM(E55+M55+U55+AC55)/4 -> 78.5 | BF55: =SUM(G55+O55+W55+AE55)/4 -> 80 | BG55: =SUM(I55+Q55+Y55+AG55)/4 -> 81.5 | BH55: =SUM(K55+S55+AA55+AI55)/4 -> 80 | BI55: =AVERAGE(BE55:BH55) -> 80

Sheet MATEMATICA
E7: CALCULO DE NOTAS | AO7: Calificacion Final | AP7: % DE ASISTENCIA ANUAL | AR7: CALIFICACION COMPLETIVA | AV7: CALIFICACION EXTRAORDINARIA | AZ7: EVALUACION ESPECIAL | BB7: SITUACIONFINAL EN LA ASIGNATURA
A9: NO | B9: ID | C9: NOMBRES | D9: APELLIDOS | E9: CE - LE1 | M9: CE - LE2, LE3 | U9: CE - LE4, LE6 | AC9: CE - LE5, LE7 | AK9: PCP 1 | AL9: PCP 2 | AM9: PCP 3 | AN9: PCP 4 | AR9: 50% C.F | AS9: C.E.C. | AT9: 50% C.E.C. | AU9: C.C.F | AV9: 30% C.F. | AW9: C.E.EX | AX9: 70% C.E.EX | AY9: C.EX.F | AZ9: C.F. | BA9: C.E. | BB9: A | BC9: R
E10: P1 | F10: RP1 | G10: P2 | H10: RP2 | I10: P3 | J10: RP3 | K10: P4 | L10: RP4 | M10: P1 | N10: RP1 | O10: P2 | P10: RP2 | Q10: P3 | R10: RP3 | S10: P4 | T10: RP4 | U10: P1 | V10: RP1 | W10: P2 | X10: RP3 | Y10: P3 | Z10: RP4 | AA10: P4 | AB10: RP4 | AC10: P1 | AD10: RP1 | AE10: P2 | AF10: RP3 | AG10: P3 | AH10: RP4 | AI10: P4 | AJ10: RP4 | BE10: P1 | BF10: P2 | BG10: P3 | BH10: P4 | BI10: C.F
A11: 1 | B11: 1A-A-01 | C11: LUIS ANDRES | D11: ADAMES COLON | E11: 82 | G11: 86 | I11: 80 | K11: 84 | M11: 84 | O11: 88 | Q11: 90 | S11: 86 | U11: 80 | W11: 80 | Y11: 72 | AA11: 72 | AC11: 86 | AE11: 89 | AG11: 76 | AI11: 75 | AK11: =SUMIF(E11:E11, ">=70") / 4 +SUMIF(G11:G11, ">=70") / 4 +SUMIF(I11:I11, ">=70") / 4 +SUMIF(K11:K11, ">=70") / 4 + SUMIF(F11:F11, ">1") / 4 + SUMIF(H11:H11, ">1") / 4 + SUMIF(J11:J11, ">1") / 4 + SUMIF(L11:L11, ">1") / 4 -> 83 | AL11: =SUMIF(M11:M11, ">=70") / 4 +SUMIF(O11:O11, ">=70") / 4 +SUMIF(Q11:Q11, ">=70") / 4 +SUMIF(S11:S11, ">=70") / 4 + SUMIF(N11:N11, ">1") / 4 + SUMIF(P11:P11, ">1") / 4 + SUMIF(R11:R11, ">1") / 4 + SUMIF(T11:T11, ">1") / 4 -> 87 | AM11: =SUMIF(U11:U11, ">=70") / 4 +SUMIF(W11:W11, ">=70") / 4 +SUMIF(Y11:Y11, ">=70") / 4 +SUMIF(AA11:AA11, ">=70") / 4 + SUMIF(V11:V11, ">1") / 4 + SUMIF(X11:X11, ">1") / 4 + SUMIF(Z11:Z11, ">1") / 4 + SUMIF(AB11:AB11, ">1") / 4 -> 76 | AN11: =SUMIF(AC11:AC11, ">=70") / 4 +SUMIF(AE11:AE11, ">=70") / 4 +SUMIF(AG11:AG11, ">=70") / 4 +SUMIF(AI11:AI11, ">=70") / 4 + SUMIF(AD11:AD11, ">1") / 4 + SUMIF(AF11:AF11, ">1") / 4 + SUMIF(AH11:AH11, ">1") / 4 + SUMIF(AJ11:AJ11, ">1") / 4 -> 81.5 | AO11: =AVERAGE(AK11:AN11) -> 81.875 | AR11: =IF(AO11<70, AO11*0.5, "") | AT11: =AS11*50% -> 0 | AU11: =IF(AS11<>"", IF(AR11="","",AR11+AT11), "") | AV11: =IF(AU11 < 70, AR11*30%, "") | AX11: =AW11*70% -> 0 | AY11: =IF(AW11<>"", IF(AV11="", "", AV11+AX11), "") | AZ11: =IF(AND(AU11<70, AY11<70), AO11, "") | BB11: =IF(AW11<>"", IF(AY11>=70, AY11, IF(AZ11+BA11>=70, AZ11+BA11, "")), IF(AS11<>"", IF(AU11>=70, AU11, ""), IF(AO11>=70, AO11, ""))) -> 81.875 | BC11: =IF(AW11<>"", IF(AY11<70, IF(AZ11+BA11<70, AZ11+BA11, ""), ""), IF(AS11<>"", IF(AU11<70, AU11, ""), IF(AO11<70, AO11, ""))) | BE11: =SUM(E11+M11+U11+AC11)/4 -> 83 | BF11: =SUM(G11+O11+W11+AE11)/4 -> 85.75 | BG11: =SUM(I11+Q11+Y11+AG11)/4 -> 79.5 | BH11: =SUM(K11+S11+AA11+AI11)/4 -> 79.25 | BI11: =AVERAGE(BE11:BH11) -> 81.875
A12: 2 | B12: 1A-A-02 | C12: ANEURIS | D12: ANDERSON | E12: 81 | G12: 85 | I12: 80 | K12: 82 | M12: 83 | O12: 87 | Q12: 85 | S12: 89 | U12: 84 | W12: 88 | Y12: 74 | AA12: 81 | AC12: 80 | AE12: 84 | AG12: 89 | AI12: 87 | AK12: =SUMIF(E12:E12, ">=70") / 4 +SUMIF(G12:G12, ">=70") / 4 +SUMIF(I12:I12, ">=70") / 4 +SUMIF(K12:K12, ">=70") / 4 + SUMIF(F12:F12, ">1") / 4 + SUMIF(H12:H12, ">1") / 4 + SUMIF(J12:J12, ">1") / 4 + SUMIF(L12:L12, ">1") / 4 -> 82 | AL12: =SUMIF(M12:M12, ">=70") / 4 +SUMIF(O12:O12, ">=70") / 4 +SUMIF(Q12:Q12, ">=70") / 4 +SUMIF(S12:S12, ">=70") / 4 + SUMIF(N12:N12, ">1") / 4 + SUMIF(P12:P12, ">1") / 4 + SUMIF(R12:R12, ">1") / 4 + SUMIF(T12:T12, ">1") / 4 -> 86 | AM12: =SUMIF(U12:U12, ">=70") / 4 +SUMIF(W12:W12, ">=70") / 4 +SUMIF(Y12:Y12, ">=70") / 4 +SUMIF(AA12:AA12, ">=70") / 4 + SUMIF(V12:V12, ">1") / 4 + SUMIF(X12:X12, ">1") / 4 + SUMIF(Z12:Z12, ">1") / 4 + SUMIF(AB12:AB12, ">1") / 4 -> 81.75 | AN12: =SUMIF(AC12:AC12, ">=65") / 4 +SUMIF(AE12:AE12, ">=65") / 4 +SUMIF(AG12:AG12, ">=65") / 4 +SUMIF(AI12:AI12, ">=65") / 4 + SUMIF(AD12:AD12, ">1") / 4 + SUMIF(AF12:AF12, ">1") / 4 + SUMIF(AH12:AH12, ">1") / 4 + SUMIF(AJ12:AJ12, ">1") / 4 -> 85 | AO12: =AVERAGE(AK12:AN12) -> 83.6875 | AR12: =IF(AO12<70, AO12*0.5, "") | AT12: =AS12*50% -> 0 | AU12: =IF(AS12<>"", IF(AR12="","",AR12+AT12), "") | AV12: =IF(AU12 < 70, AR12*30%, "") | AX12: =AW12*70% -> 0 | AY12: =IF(AW12<>"", IF(AV12="", "", AV12+AX12), "") | AZ12: =IF(AND(AU12<70, AY12<70), AO12, "") | BB12: =IF(AW12<>"", IF(AY12>=70, AY12, IF(AZ12+BA12>=70, AZ12+BA12, "")), IF(AS12<>"", IF(AU12>=70, AU12, ""), IF(AO12>=70, AO12, ""))) -> 83.6875 | BC12: =IF(AW12<>"", IF(AY12<70, IF(AZ12+BA12<70, AZ12+BA12, ""), ""), IF(AS12<>"", IF(AU12<70, AU12, ""), IF(AO12<70, AO12, ""))) | BE12: =SUM(E12+M12+U12+AC12)/4 -> 82 | BF12: =SUM(G12+O12+W12+AE12)/4 -> 86 | BG12: =SUM(I12+Q12+Y12+AG12)/4 -> 82 | BH12: =SUM(K12+S12+AA12+AI12)/4 -> 84.75 | BI12: =AVERAGE(BE12:BH12) -> 83.6875
A13: 3 | B13: 1A-A-03 | C13: ANGEL ARIEL | D13: AZCONA BALBUENA | E13: 86 | G13: 88 | I13: 85 | K13: 89 | M13: 88 | O13: 90 | Q13: 87 | S13: 91 | U13: 85 | W13: 87 | Y13: 84 | AA13: 88 | AC13: 89 | AE13: 91 | AG13: 88 | AI13: 92 | AK13: =SUMIF(E13:E13, ">=70") / 4 +SUMIF(G13:G13, ">=70") / 4 +SUMIF(I13:I13, ">=70") / 4 +SUMIF(K13:K13, ">=70") / 4 + SUMIF(F13:F13, ">1") / 4 + SUMIF(H13:H13, ">1") / 4 + SUMIF(J13:J13, ">1") / 4 + SUMIF(L13:L13, ">1") / 4 -> 87 | AL13: =SUMIF(M13:M13, ">=70") / 4 +SUMIF(O13:O13, ">=70") / 4 +SUMIF(Q13:Q13, ">=70") / 4 +SUMIF(S13:S13, ">=70") / 4 + SUMIF(N13:N13, ">1") / 4 + SUMIF(P13:P13, ">1") / 4 + SUMIF(R13:R13, ">1") / 4 + SUMIF(T13:T13, ">1") / 4 -> 89 | AM13: =SUMIF(U13:U13, ">=70") / 4 +SUMIF(W13:W13, ">=70") / 4 +SUMIF(Y13:Y13, ">=70") / 4 +SUMIF(AA13:AA13, ">=70") / 4 + SUMIF(V13:V13, ">1") / 4 + SUMIF(X13:X13, ">1") / 4 + SUMIF(Z13:Z13, ">1") / 4 + SUMIF(AB13:AB13, ">1") / 4 -> 86 | AN13: =SUMIF(AC13:AC13, ">=65") / 4 +SUMIF(AE13:AE13, ">=65") / 4 +SUMIF(AG13:AG13, ">=65") / 4 +SUMIF(AI13:AI13, ">=65") / 4 + SUMIF(AD13:AD13, ">1") / 4 + SUMIF(AF13:AF13, ">1") / 4 + SUMIF(AH13:AH13, ">1") / 4 + SUMIF(AJ13:AJ13, ">1") / 4 -> 90 | AO13: =AVERAGE(AK13:AN13) -> 88 | AR13: =IF(AO13<70, AO13*0.5, "") | AT13: =AS13*50% -> 0 | AU13: =IF(AS13<>"", IF(AR13="","",AR13+AT13), "") | AV13: =IF(AU13 < 70, AR13*30%, "") | AX13: =AW13*70% -> 0 | AY13: =IF(AW13<>"", IF(AV13="", "", AV13+AX13), "") | AZ13: =IF(AND(AU13<70, AY13<70), AO13, "") | BB13: =IF(AW13<>"", IF(AY13>=70, AY13, IF(AZ13+BA13>=70, AZ13+BA13, "")), IF(AS13<>"", IF(AU13>=70, AU13, ""), IF(AO13>=70, AO13, ""))) -> 88 | BC13: =IF(AW13<>"", IF(AY13<70, IF(AZ13+BA13<70, AZ13+BA13, ""), ""), IF(AS13<>"", IF(AU13<70, AU13, ""), IF(AO13<70, AO13, ""))) | BE13: =SUM(E13+M13+U13+AC13)/4 -> 87 | BF13: =SUM(G13+O13+W13+AE13)/4 -> 89 | BG13: =SUM(I13+Q13+Y13+AG13)/4 -> 86 | BH13: =SUM(K13+S13+AA13+AI13)/4 -> 90 | BI13: =AVERAGE(BE13:BH13) -> 88
A14: 4 | B14: 1A-A-04 | C14: WISLINE | D14: BERNADEAU | E14: 85 | G14: 88 | I14: 86 | K14: 89 | M14: 89 | O14: 90 | Q14: 88 | S14: 89 | U14: 86 | W14: 87 | Y14: 85 | AA14: 86 | AC14: 88 | AE14: 91 | AG14: 89 | AI14: 92 | AK14: =SUMIF(E14:E14, ">=70") / 4 +SUMIF(G14:G14, ">=70") / 4 +SUMIF(I14:I14, ">=70") / 4 +SUMIF(K14:K14, ">=70") / 4 + SUMIF(F14:F14, ">1") / 4 + SUMIF(H14:H14, ">1") / 4 + SUMIF(J14:J14, ">1") / 4 + SUMIF(L14:L14, ">1") / 4 -> 87 | AL14: =SUMIF(M14:M14, ">=70") / 4 +SUMIF(O14:O14, ">=70") / 4 +SUMIF(Q14:Q14, ">=70") / 4 +SUMIF(S14:S14, ">=70") / 4 + SUMIF(N14:N14, ">1") / 4 + SUMIF(P14:P14, ">1") / 4 + SUMIF(R14:R14, ">1") / 4 + SUMIF(T14:T14, ">1") / 4 -> 89 | AM14: =SUMIF(U14:U14, ">=70") / 4 +SUMIF(W14:W14, ">=70") / 4 +SUMIF(Y14:Y14, ">=70") / 4 +SUMIF(AA14:AA14, ">=70") / 4 + SUMIF(V14:V14, ">1") / 4 + SUMIF(X14:X14, ">1") / 4 + SUMIF(Z14:Z14, ">1") / 4 + SUMIF(AB14:AB14, ">1") / 4 -> 86 | AN14: =SUMIF(AC14:AC14, ">=65") / 4 +SUMIF(AE14:AE14, ">=65") / 4 +SUMIF(AG14:AG14, ">=65") / 4 +SUMIF(AI14:AI14, ">=65") / 4 + SUMIF(AD14:AD14, ">1") / 4 + SUMIF(AF14:AF14, ">1") / 4 + SUMIF(AH14:AH14, ">1") / 4 + SUMIF(AJ14:AJ14, ">1") / 4 -> 90 | AO14: =AVERAGE(AK14:AN14) -> 88 | AR14: =IF(AO14<70, AO14*0.5, "") | AT14: =AS14*50% -> 0 | AU14: =IF(AS14<>"", IF(AR14="","",AR14+AT14), "") | AV14: =IF(AU14 < 70, AR14*30%, "") | AX14: =AW14*70% -> 0 | AY14: =IF(AW14<>"", IF(AV14="", "", AV14+AX14), "") | AZ14: =IF(AND(AU14<70, AY14<70), AO14, "") | BB14: =IF(AW14<>"", IF(AY14>=70, AY14, IF(AZ14+BA14>=70, AZ14+BA14, "")), IF(AS14<>"", IF(AU14>=70, AU14, ""), IF(AO14>=70, AO14, ""))) -> 88 | BC14: =IF(AW14<>"", IF(AY14<70, IF(AZ14+BA14<70, AZ14+BA14, ""), ""), IF(AS14<>"", IF(AU14<70, AU14, ""), IF(AO14<70, AO14, ""))) | BE14: =SUM(E14+M14+U14+AC14)/4 -> 87 | BF14: =SUM(G14+O14+W14+AE14)/4 -> 89 | BG14: =SUM(I14+Q14+Y14+AG14)/4 -> 87 | BH14: =SUM(K14+S14+AA14+AI14)/4 -> 89 | BI14: =AVERAGE(BE14:BH14) -> 88
A15: 5 | B15: 1A-A-05 | C15: LISAIRY | D15: BREA CONTRERA | E15: 75 | G15: 78 | I15: 77 | K15: 74 | M15: 77 | O15: 82 | Q15: 83 | S15: 78 | U15: 84 | W15: 79 | Y15: 82 | AA15: 87 | AC15: 78 | AE15: 81 | AG15: 84 | AI15: 81 | AK15: =SUMIF(E15:E15, ">=70") / 4 +SUMIF(G15:G15, ">=70") / 4 +SUMIF(I15:I15, ">=70") / 4 +SUMIF(K15:K15, ">=70") / 4 + SUMIF(F15:F15, ">1") / 4 + SUMIF(H15:H15, ">1") / 4 + SUMIF(J15:J15, ">1") / 4 + SUMIF(L15:L15, ">1") / 4 -> 76 | AL15: =SUMIF(M15:M15, ">=70") / 4 +SUMIF(O15:O15, ">=70") / 4 +SUMIF(Q15:Q15, ">=70") / 4 +SUMIF(S15:S15, ">=70") / 4 + SUMIF(N15:N15, ">1") / 4 + SUMIF(P15:P15, ">1") / 4 + SUMIF(R15:R15, ">1") / 4 + SUMIF(T15:T15, ">1") / 4 -> 80 | AM15: =SUMIF(U15:U15, ">=70") / 4 +SUMIF(W15:W15, ">=70") / 4 +SUMIF(Y15:Y15, ">=70") / 4 +SUMIF(AA15:AA15, ">=70") / 4 + SUMIF(V15:V15, ">1") / 4 + SUMIF(X15:X15, ">1") / 4 + SUMIF(Z15:Z15, ">1") / 4 + SUMIF(AB15:AB15, ">1") / 4 -> 83 | AN15: =SUMIF(AC15:AC15, ">=65") / 4 +SUMIF(AE15:AE15, ">=65") / 4 +SUMIF(AG15:AG15, ">=65") / 4 +SUMIF(AI15:AI15, ">=65") / 4 + SUMIF(AD15:AD15, ">1") / 4 + SUMIF(AF15:AF15, ">1") / 4 + SUMIF(AH15:AH15, ">1") / 4 + SUMIF(AJ15:AJ15, ">1") / 4 -> 81 | AO15: =AVERAGE(AK15:AN15) -> 80 | AR15: =IF(AO15<70, AO15*0.5, "") | AT15: =AS15*50% -> 0 | AU15: =IF(AS15<>"", IF(AR15="","",AR15+AT15), "") | AV15: =IF(AU15 < 70, AR15*30%, "") | AX15: =AW15*70% -> 0 | AY15: =IF(AW15<>"", IF(AV15="", "", AV15+AX15), "") | AZ15: =IF(AND(AU15<70, AY15<70), AO15, "") | BB15: =IF(AW15<>"", IF(AY15>=70, AY15, IF(AZ15+BA15>=70, AZ15+BA15, "")), IF(AS15<>"", IF(AU15>=70, AU15, ""), IF(AO15>=70, AO15, ""))) -> 80 | BC15: =IF(AW15<>"", IF(AY15<70, IF(AZ15+BA15<70, AZ15+BA15, ""), ""), IF(AS15<>"", IF(AU15<70, AU15, ""), IF(AO15<70, AO15, ""))) | BE15: =SUM(E15+M15+U15+AC15)/4 -> 78.5 | BF15: =SUM(G15+O15+W15+AE15)/4 -> 80 | BG15: =SUM(I15+Q15+Y15+AG15)/4 -> 81.5 | BH15: =SUM(K15+S15+AA15+AI15)/4 -> 80 | BI15: =AVERAGE(BE15:BH15) -> 80
A16: 6 | B16: 1A-A-06 | C16: RODENEL | D16: CACEUS DABOIS | E16: 75 | G16: 78 | I16: 77 | K16: 74 | M16: 77 | O16: 82 | Q16: 83 | S16: 78 | U16: 84 | W16: 79 | Y16: 82 | AA16: 87 | AC16: 78 | AE16: 81 | AG16: 84 | AI16: 81 | AK16: =SUMIF(E16:E16, ">=70") / 4 +SUMIF(G16:G16, ">=70") / 4 +SUMIF(I16:I16, ">=70") / 4 +SUMIF(K16:K16, ">=70") / 4 + SUMIF(F16:F16, ">1") / 4 + SUMIF(H16:H16, ">1") / 4 + SUMIF(J16:J16, ">1") / 4 + SUMIF(L16:L16, ">1") / 4 -> 76 | AL16: =SUMIF(M16:M16, ">=70") / 4 +SUMIF(O16:O16, ">=70") / 4 +SUMIF(Q16:Q16, ">=70") / 4 +SUMIF(S16:S16, ">=70") / 4 + SUMIF(N16:N16, ">1") / 4 + SUMIF(P16:P16, ">1") / 4 + SUMIF(R16:R16, ">1") / 4 + SUMIF(T16:T16, ">1") / 4 -> 80 | AM16: =SUMIF(U16:U16, ">=70") / 4 +SUMIF(W16:W16, ">=70") / 4 +SUMIF(Y16:Y16, ">=70") / 4 +SUMIF(AA16:AA16, ">=70") / 4 + SUMIF(V16:V16, ">1") / 4 + SUMIF(X16:X16, ">1") / 4 + SUMIF(Z16:Z16, ">1") / 4 + SUMIF(AB16:AB16, ">1") / 4 -> 83 | AN16: =SUMIF(AC16:AC16, ">=65") / 4 +SUMIF(AE16:AE16, ">=65") / 4 +SUMIF(AG16:AG16, ">=65") / 4 +SUMIF(AI16:AI16, ">=65") / 4 + SUMIF(AD16:AD16, ">1") / 4 + SUMIF(AF16:AF16, ">1") / 4 + SUMIF(AH16:AH16, ">1") / 4 + SUMIF(AJ16:AJ16, ">1") / 4 -> 81 | AO16: =AVERAGE(AK16:AN16) -> 80 | AR16: =IF(AO16<70, AO16*0.5, "") | AT16: =AS16*50% -> 0 | AU16: =IF(AS16<>"", IF(AR16="","",AR16+AT16), "") | AV16: =IF(AU16 < 70, AR16*30%, "") | AX16: =AW16*70% -> 0 | AY16: =IF(AW16<>"", IF(AV16="", "", AV16+AX16), "") | AZ16: =IF(AND(AU16<70, AY16<70), AO16, "") | BB16: =IF(AW16<>"", IF(AY16>=70, AY16, IF(AZ16+BA16>=70, AZ16+BA16, "")), IF(AS16<>"", IF(AU16>=70, AU16, ""), IF(AO16>=70, AO16, ""))) -> 80 | BC16: =IF(AW16<>"", IF(AY16<70, IF(AZ16+BA16<70, AZ16+BA16, ""), ""), IF(AS16<>"", IF(AU16<70, AU16, ""), IF(AO16<70, AO16, ""))) | BE16: =SUM(E16+M16+U16+AC16)/4 -> 78.5 | BF16: =SUM(G16+O16+W16+AE16)/4 -> 80 | BG16: =SUM(I16+Q16+Y16+AG16)/4 -> 81.5 | BH16: =SUM(K16+S16+AA16+AI16)/4 -> 80 | BI16: =AVERAGE(BE16:BH16) -> 80
A17: 7 | B17: 1A-A-07 | C17: MARY LUZ | D17: CAMILO ESPINAL | E17: 82 | G17: 86 | I17: 80 | K17: 84 | M17: 84 | O17: 88 | Q17: 90 | S17: 86 | U17: 80 | W17: 80 | Y17: 72 | AA17: 72 | AC17: 86 | AE17: 89 | AG17: 76 | AI17: 75 | AK17: =SUMIF(E17:E17, ">=70") / 4 +SUMIF(G17:G17, ">=70") / 4 +SUMIF(I17:I17, ">=70") / 4 +SUMIF(K17:K17, ">=70") / 4 + SUMIF(F17:F17, ">1") / 4 + SUMIF(H17:H17, ">1") / 4 + SUMIF(J17:J17, ">1") / 4 + SUMIF(L17:L17, ">1") / 4 -> 83 | AL17: =SUMIF(M17:M17, ">=70") / 4 +SUMIF(O17:O17, ">=70") / 4 +SUMIF(Q17:Q17, ">=70") / 4 +SUMIF(S17:S17, ">=70") / 4 + SUMIF(N17:N17, ">1") / 4 + SUMIF(P17:P17, ">1") / 4 + SUMIF(R17:R17, ">1") / 4 + SUMIF(T17:T17, ">1") / 4 -> 87 | AM17: =SUMIF(U17:U17, ">=70") / 4 +SUMIF(W17:W17, ">=70") / 4 +SUMIF(Y17:Y17, ">=70") / 4 +SUMIF(AA17:AA17, ">=70") / 4 + SUMIF(V17:V17, ">1") / 4 + SUMIF(X17:X17, ">1") / 4 + SUMIF(Z17:Z17, ">1") / 4 + SUMIF(AB17:AB17, ">1") / 4 -> 76 | AN17: =SUMIF(AC17:AC17, ">=65") / 4 +SUMIF(AE17:AE17, ">=65") / 4 +SUMIF(AG17:AG17, ">=65") / 4 +SUMIF(AI17:AI17, ">=65") / 4 + SUMIF(AD17:AD17, ">1") / 4 + SUMIF(AF17:AF17, ">1") / 4 + SUMIF(AH17:AH17, ">1") / 4 + SUMIF(AJ17:AJ17, ">1") / 4 -> 81.5 | AO17: =AVERAGE(AK17:AN17) -> 81.875 | AR17: =IF(AO17<70, AO17*0.5, "") | AT17: =AS17*50% -> 0 | AU17: =IF(AS17<>"", IF(AR17="","",AR17+AT17), "") | AV17: =IF(AU17 < 70, AR17*30%, "") | AX17: =AW17*70% -> 0 | AY17: =IF(AW17<>"", IF(AV17="", "", AV17+AX17), "") | AZ17: =IF(AND(AU17<70, AY17<70), AO17, "") | BB17: =IF(AW17<>"", IF(AY17>=70, AY17, IF(AZ17+BA17>=70, AZ17+BA17, "")), IF(AS17<>"", IF(AU17>=70, AU17, ""), IF(AO17>=70, AO17, ""))) -> 81.875 | BC17: =IF(AW17<>"", IF(AY17<70, IF(AZ17+BA17<70, AZ17+BA17, ""), ""), IF(AS17<>"", IF(AU17<70, AU17, ""), IF(AO17<70, AO17, ""))) | BE17: =SUM(E17+M17+U17+AC17)/4 -> 83 | BF17: =SUM(G17+O17+W17+AE17)/4 -> 85.75 | BG17: =SUM(I17+Q17+Y17+AG17)/4 -> 79.5 | BH17: =SUM(K17+S17+AA17+AI17)/4 -> 79.25 | BI17: =AVERAGE(BE17:BH17) -> 81.875
A18: 8 | B18: 1A-A-08 | C18: ANA ROSA | D18: CARRION VILORIO | E18: 81 | G18: 85 | I18: 80 | K18: 82 | M18: 83 | O18: 87 | Q18: 85 | S18: 89 | U18: 84 | W18: 88 | Y18: 74 | AA18: 81 | AC18: 80 | AE18: 84 | AG18: 89 | AI18: 87 | AK18: =SUMIF(E18:E18, ">=70") / 4 +SUMIF(G18:G18, ">=70") / 4 +SUMIF(I18:I18, ">=70") / 4 +SUMIF(K18:K18, ">=70") / 4 + SUMIF(F18:F18, ">1") / 4 + SUMIF(H18:H18, ">1") / 4 + SUMIF(J18:J18, ">1") / 4 + SUMIF(L18:L18, ">1") / 4 -> 82 | AL18: =SUMIF(M18:M18, ">=70") / 4 +SUMIF(O18:O18, ">=70") / 4 +SUMIF(Q18:Q18, ">=70") / 4 +SUMIF(S18:S18, ">=70") / 4 + SUMIF(N18:N18, ">1") / 4 + SUMIF(P18:P18, ">1") / 4 + SUMIF(R18:R18, ">1") / 4 + SUMIF(T18:T18, ">1") / 4 -> 86 | AM18: =SUMIF(U18:U18, ">=70") / 4 +SUMIF(W18:W18, ">=70") / 4 +SUMIF(Y18:Y18, ">=70") / 4 +SUMIF(AA18:AA18, ">=70") / 4 + SUMIF(V18:V18, ">1") / 4 + SUMIF(X18:X18, ">1") / 4 + SUMIF(Z18:Z18, ">1") / 4 + SUMIF(AB18:AB18, ">1") / 4 -> 81.75 | AN18: =SUMIF(AC18:AC18, ">=65") / 4 +SUMIF(AE18:AE18, ">=65") / 4 +SUMIF(AG18:AG18, ">=65") / 4 +SUMIF(AI18:AI18, ">=65") / 4 + SUMIF(AD18:AD18, ">1") / 4 + SUMIF(AF18:AF18, ">1") / 4 + SUMIF(AH18:AH18, ">1") / 4 + SUMIF(AJ18:AJ18, ">1") / 4 -> 85 | AO18: =AVERAGE(AK18:AN18) -> 83.6875 | AR18: =IF(AO18<70, AO18*0.5, "") | AT18: =AS18*50% -> 0 | AU18: =IF(AS18<>"", IF(AR18="","",AR18+AT18), "") | AV18: =IF(AU18 < 70, AR18*30%, "") | AX18: =AW18*70% -> 0 | AY18: =IF(AW18<>"", IF(AV18="", "", AV18+AX18), "") | AZ18: =IF(AND(AU18<70, AY18<70), AO18, "") | BB18: =IF(AW18<>"", IF(AY18>=70, AY18, IF(AZ18+BA18>=70, AZ18+BA18, "")), IF(AS18<>"", IF(AU18>=70, AU18, ""), IF(AO18>=70, AO18, ""))) -> 83.6875 | BC18: =IF(AW18<>"", IF(AY18<70, IF(AZ18+BA18<70, AZ18+BA18, ""), ""), IF(AS18<>"", IF(AU18<70, AU18, ""), IF(AO18<70, AO18, ""))) | BE18: =SUM(E18+M18+U18+AC18)/4 -> 82 | BF18: =SUM(G18+O18+W18+AE18)/4 -> 86 | BG18: =SUM(I18+Q18+Y18+AG18)/4 -> 82 | BH18: =SUM(K18+S18+AA18+AI18)/4 -> 84.75 | BI18: =AVERAGE(BE18:BH18) -> 83.6875
A19: 9 | B19: 1A-A-09 | C19: WILDIANA | D19: CASSEUS | E19: 86 | G19: 88 | I19: 85 | K19: 89 | M19: 88 | O19: 90 | Q19: 87 | S19: 91 | U19: 85 | W19: 87 | Y19: 84 | AA19: 88 | AC19: 89 | AE19: 91 | AG19: 88 | AI19: 92 | AK19: =SUMIF(E19:E19, ">=70") / 4 +SUMIF(G19:G19, ">=70") / 4 +SUMIF(I19:I19, ">=70") / 4 +SUMIF(K19:K19, ">=70") / 4 + SUMIF(F19:F19, ">1") / 4 + SUMIF(H19:H19, ">1") / 4 + SUMIF(J19:J19, ">1") / 4 + SUMIF(L19:L19, ">1") / 4 -> 87 | AL19: =SUMIF(M19:M19, ">=70") / 4 +SUMIF(O19:O19, ">=70") / 4 +SUMIF(Q19:Q19, ">=70") / 4 +SUMIF(S19:S19, ">=70") / 4 + SUMIF(N19:N19, ">1") / 4 + SUMIF(P19:P19, ">1") / 4 + SUMIF(R19:R19, ">1") / 4 + SUMIF(T19:T19, ">1") / 4 -> 89 | AM19: =SUMIF(U19:U19, ">=70") / 4 +SUMIF(W19:W19, ">=70") / 4 +SUMIF(Y19:Y19, ">=70") / 4 +SUMIF(AA19:AA19, ">=70") / 4 + SUMIF(V19:V19, ">1") / 4 + SUMIF(X19:X19, ">1") / 4 + SUMIF(Z19:Z19, ">1") / 4 + SUMIF(AB19:AB19, ">1") / 4 -> 86 | AN19: =SUMIF(AC19:AC19, ">=65") / 4 +SUMIF(AE19:AE19, ">=65") / 4 +SUMIF(AG19:AG19, ">=65") / 4 +SUMIF(AI19:AI19, ">=65") / 4 + SUMIF(AD19:AD19, ">1") / 4 + SUMIF(AF19:AF19, ">1") / 4 + SUMIF(AH19:AH19, ">1") / 4 + SUMIF(AJ19:AJ19, ">1") / 4 -> 90 | AO19: =AVERAGE(AK19:AN19) -> 88 | AR19: =IF(AO19<70, AO19*0.5, "") | AT19: =AS19*50% -> 0 | AU19: =IF(AS19<>"", IF(AR19="","",AR19+AT19), "") | AV19: =IF(AU19 < 70, AR19*30%, "") | AX19: =AW19*70% -> 0 | AY19: =IF(AW19<>"", IF(AV19="", "", AV19+AX19), "") | AZ19: =IF(AND(AU19<70, AY19<70), AO19, "") | BB19: =IF(AW19<>"", IF(AY19>=70, AY19, IF(AZ19+BA19>=70, AZ19+BA19, "")), IF(AS19<>"", IF(AU19>=70, AU19, ""), IF(AO19>=70, AO19, ""))) -> 88 | BC19: =IF(AW19<>"", IF(AY19<70, IF(AZ19+BA19<70, AZ19+BA19, ""), ""), IF(AS19<>"", IF(AU19<70, AU19, ""), IF(AO19<70, AO19, ""))) | BE19: =SUM(E19+M19+U19+AC19)/4 -> 87 | BF19: =SUM(G19+O19+W19+AE19)/4 -> 89 | BG19: =SUM(I19+Q19+Y19+AG19)/4 -> 86 | BH19: =SUM(K19+S19+AA19+AI19)/4 -> 90 | BI19: =AVERAGE(BE19:BH19) -> 88
A20: 10 | B20: 1A-A-10 | C20: JERVIN | D20: CASTRO ALMONTE | E20: 82 | G20: 86 | I20: 80 | K20: 84 | M20: 84 | O20: 88 | Q20: 90 | S20: 86 | U20: 80 | W20: 80 | Y20: 72 | AA20: 72 | AC20: 86 | AE20: 89 | AG20: 76 | AI20: 75 | AK20: =SUMIF(E20:E20, ">=70") / 4 +SUMIF(G20:G20, ">=70") / 4 +SUMIF(I20:I20, ">=70") / 4 +SUMIF(K20:K20, ">=70") / 4 + SUMIF(F20:F20, ">1") / 4 + SUMIF(H20:H20, ">1") / 4 + SUMIF(J20:J20, ">1") / 4 + SUMIF(L20:L20, ">1") / 4 -> 83 | AL20: =SUMIF(M20:M20, ">=70") / 4 +SUMIF(O20:O20, ">=70") / 4 +SUMIF(Q20:Q20, ">=70") / 4 +SUMIF(S20:S20, ">=70") / 4 + SUMIF(N20:N20, ">1") / 4 + SUMIF(P20:P20, ">1") / 4 + SUMIF(R20:R20, ">1") / 4 + SUMIF(T20:T20, ">1") / 4 -> 87 | AM20: =SUMIF(U20:U20, ">=70") / 4 +SUMIF(W20:W20, ">=70") / 4 +SUMIF(Y20:Y20, ">=70") / 4 +SUMIF(AA20:AA20, ">=70") / 4 + SUMIF(V20:V20, ">1") / 4 + SUMIF(X20:X20, ">1") / 4 + SUMIF(Z20:Z20, ">1") / 4 + SUMIF(AB20:AB20, ">1") / 4 -> 76 | AN20: =SUMIF(AC20:AC20, ">=65") / 4 +SUMIF(AE20:AE20, ">=65") / 4 +SUMIF(AG20:AG20, ">=65") / 4 +SUMIF(AI20:AI20, ">=65") / 4 + SUMIF(AD20:AD20, ">1") / 4 + SUMIF(AF20:AF20, ">1") / 4 + SUMIF(AH20:AH20, ">1") / 4 + SUMIF(AJ20:AJ20, ">1") / 4 -> 81.5 | AO20: =AVERAGE(AK20:AN20) -> 81.875 | AR20: =IF(AO20<70, AO20*0.5, "") | AT20: =AS20*50% -> 0 | AU20: =IF(AS20<>"", IF(AR20="","",AR20+AT20), "") | AV20: =IF(AU20 < 70, AR20*30%, "") | AX20: =AW20*70% -> 0 | AY20: =IF(AW20<>"", IF(AV20="", "", AV20+AX20), "") | AZ20: =IF(AND(AU20<70, AY20<70), AO20, "") | BB20: =IF(AW20<>"", IF(AY20>=70, AY20, IF(AZ20+BA20>=70, AZ20+BA20, "")), IF(AS20<>"", IF(AU20>=70, AU20, ""), IF(AO20>=70, AO20, ""))) -> 81.875 | BC20: =IF(AW20<>"", IF(AY20<70, IF(AZ20+BA20<70, AZ20+BA20, ""), ""), IF(AS20<>"", IF(AU20<70, AU20, ""), IF(AO20<70, AO20, ""))) | BE20: =SUM(E20+M20+U20+AC20)/4 -> 83 | BF20: =SUM(G20+O20+W20+AE20)/4 -> 85.75 | BG20: =SUM(I20+Q20+Y20+AG20)/4 -> 79.5 | BH20: =SUM(K20+S20+AA20+AI20)/4 -> 79.25 | BI20: =AVERAGE(BE20:BH20) -> 81.875
A21: 11 | B21: 1A-A-11 | C21: SONDJY | D21: CESAIRE | E21: 81 | G21: 85 | I21: 80 | K21: 82 | M21: 83 | O21: 87 | Q21: 85 | S21: 89 | U21: 84 | W21: 88 | Y21: 74 | AA21: 81 | AC21: 80 | AE21: 84 | AG21: 89 | AI21: 87 | AK21: =SUMIF(E21:E21, ">=70") / 4 +SUMIF(G21:G21, ">=70") / 4 +SUMIF(I21:I21, ">=70") / 4 +SUMIF(K21:K21, ">=70") / 4 + SUMIF(F21:F21, ">1") / 4 + SUMIF(H21:H21, ">1") / 4 + SUMIF(J21:J21, ">1") / 4 + SUMIF(L21:L21, ">1") / 4 -> 82 | AL21: =SUMIF(M21:M21, ">=70") / 4 +SUMIF(O21:O21, ">=70") / 4 +SUMIF(Q21:Q21, ">=70") / 4 +SUMIF(S21:S21, ">=70") / 4 + SUMIF(N21:N21, ">1") / 4 + SUMIF(P21:P21, ">1") / 4 + SUMIF(R21:R21, ">1") / 4 + SUMIF(T21:T21, ">1") / 4 -> 86 | AM21: =SUMIF(U21:U21, ">=70") / 4 +SUMIF(W21:W21, ">=70") / 4 +SUMIF(Y21:Y21, ">=70") / 4 +SUMIF(AA21:AA21, ">=70") / 4 + SUMIF(V21:V21, ">1") / 4 + SUMIF(X21:X21, ">1") / 4 + SUMIF(Z21:Z21, ">1") / 4 + SUMIF(AB21:AB21, ">1") / 4 -> 81.75 | AN21: =SUMIF(AC21:AC21, ">=65") / 4 +SUMIF(AE21:AE21, ">=65") / 4 +SUMIF(AG21:AG21, ">=65") / 4 +SUMIF(AI21:AI21, ">=65") / 4 + SUMIF(AD21:AD21, ">1") / 4 + SUMIF(AF21:AF21, ">1") / 4 + SUMIF(AH21:AH21, ">1") / 4 + SUMIF(AJ21:AJ21, ">1") / 4 -> 85 | AO21: =AVERAGE(AK21:AN21) -> 83.6875 | AR21: =IF(AO21<70, AO21*0.5, "") | AT21: =AS21*50% -> 0 | AU21: =IF(AS21<>"", IF(AR21="","",AR21+AT21), "") | AV21: =IF(AU21 < 70, AR21*30%, "") | AX21: =AW21*70% -> 0 | AY21: =IF(AW21<>"", IF(AV21="", "", AV21+AX21), "") | AZ21: =IF(AND(AU21<70, AY21<70), AO21, "") | BB21: =IF(AW21<>"", IF(AY21>=70, AY21, IF(AZ21+BA21>=70, AZ21+BA21, "")), IF(AS21<>"", IF(AU21>=70, AU21, ""), IF(AO21>=70, AO21, ""))) -> 83.6875 | BC21: =IF(AW21<>"", IF(AY21<70, IF(AZ21+BA21<70, AZ21+BA21, ""), ""), IF(AS21<>"", IF(AU21<70, AU21, ""), IF(AO21<70, AO21, ""))) | BE21: =SUM(E21+M21+U21+AC21)/4 -> 82 | BF21: =SUM(G21+O21+W21+AE21)/4 -> 86 | BG21: =SUM(I21+Q21+Y21+AG21)/4 -> 82 | BH21: =SUM(K21+S21+AA21+AI21)/4 -> 84.75 | BI21: =AVERAGE(BE21:BH21) -> 83.6875
A22: 12 | B22: 1A-A-12 | C22: ANDERSON | D22: CHARLES | E22: 86 | G22: 88 | I22: 85 | K22: 89 | M22: 88 | O22: 90 | Q22: 87 | S22: 91 | U22: 85 | W22: 87 | Y22: 84 | AA22: 88 | AC22: 89 | AE22: 91 | AG22: 88 | AI22: 92 | AK22: =SUMIF(E22:E22, ">=70") / 4 +SUMIF(G22:G22, ">=70") / 4 +SUMIF(I22:I22, ">=70") / 4 +SUMIF(K22:K22, ">=70") / 4 + SUMIF(F22:F22, ">1") / 4 + SUMIF(H22:H22, ">1") / 4 + SUMIF(J22:J22, ">1") / 4 + SUMIF(L22:L22, ">1") / 4 -> 87 | AL22: =SUMIF(M22:M22, ">=70") / 4 +SUMIF(O22:O22, ">=70") / 4 +SUMIF(Q22:Q22, ">=70") / 4 +SUMIF(S22:S22, ">=70") / 4 + SUMIF(N22:N22, ">1") / 4 + SUMIF(P22:P22, ">1") / 4 + SUMIF(R22:R22, ">1") / 4 + SUMIF(T22:T22, ">1") / 4 -> 89 | AM22: =SUMIF(U22:U22, ">=70") / 4 +SUMIF(W22:W22, ">=70") / 4 +SUMIF(Y22:Y22, ">=70") / 4 +SUMIF(AA22:AA22, ">=70") / 4 + SUMIF(V22:V22, ">1") / 4 + SUMIF(X22:X22, ">1") / 4 + SUMIF(Z22:Z22, ">1") / 4 + SUMIF(AB22:AB22, ">1") / 4 -> 86 | AN22: =SUMIF(AC22:AC22, ">=65") / 4 +SUMIF(AE22:AE22, ">=65") / 4 +SUMIF(AG22:AG22, ">=65") / 4 +SUMIF(AI22:AI22, ">=65") / 4 + SUMIF(AD22:AD22, ">1") / 4 + SUMIF(AF22:AF22, ">1") / 4 + SUMIF(AH22:AH22, ">1") / 4 + SUMIF(AJ22:AJ22, ">1") / 4 -> 90 | AO22: =AVERAGE(AK22:AN22) -> 88 | AR22: =IF(AO22<70, AO22*0.5, "") | AT22: =AS22*50% -> 0 | AU22: =IF(AS22<>"", IF(AR22="","",AR22+AT22), "") | AV22: =IF(AU22 < 70, AR22*30%, "") | AX22: =AW22*70% -> 0 | AY22: =IF(AW22<>"", IF(AV22="", "", AV22+AX22), "") | AZ22: =IF(AND(AU22<70, AY22<70), AO22, "") | BB22: =IF(AW22<>"", IF(AY22>=70, AY22, IF(AZ22+BA22>=70, AZ22+BA22, "")), IF(AS22<>"", IF(AU22>=70, AU22, ""), IF(AO22>=70, AO22, ""))) -> 88 | BC22: =IF(AW22<>"", IF(AY22<70, IF(AZ22+BA22<70, AZ22+BA22, ""), ""), IF(AS22<>"", IF(AU22<70, AU22, ""), IF(AO22<70, AO22, ""))) | BE22: =SUM(E22+M22+U22+AC22)/4 -> 87 | BF22: =SUM(G22+O22+W22+AE22)/4 -> 89 | BG22: =SUM(I22+Q22+Y22+AG22)/4 -> 86 | BH22: =SUM(K22+S22+AA22+AI22)/4 -> 90 | BI22: =AVERAGE(BE22:BH22) -> 88
A23: 13 | B23: 1A-A-13 | C23: SALOMON MANUEL | D23: DE JESUS MANZUETA | E23: 82 | G23: 86 | I23: 80 | K23: 84 | M23: 84 | O23: 88 | Q23: 90 | S23: 86 | U23: 80 | W23: 80 | Y23: 72 | AA23: 72 | AC23: 86 | AE23: 89 | AG23: 76 | AI23: 75 | AK23: =SUMIF(E23:E23, ">=70") / 4 +SUMIF(G23:G23, ">=70") / 4 +SUMIF(I23:I23, ">=70") / 4 +SUMIF(K23:K23, ">=70") / 4 + SUMIF(F23:F23, ">1") / 4 + SUMIF(H23:H23, ">1") / 4 + SUMIF(J23:J23, ">1") / 4 + SUMIF(L23:L23, ">1") / 4 -> 83 | AL23: =SUMIF(M23:M23, ">=70") / 4 +SUMIF(O23:O23, ">=70") / 4 +SUMIF(Q23:Q23, ">=70") / 4 +SUMIF(S23:S23, ">=70") / 4 + SUMIF(N23:N23, ">1") / 4 + SUMIF(P23:P23, ">1") / 4 + SUMIF(R23:R23, ">1") / 4 + SUMIF(T23:T23, ">1") / 4 -> 87 | AM23: =SUMIF(U23:U23, ">=70") / 4 +SUMIF(W23:W23, ">=70") / 4 +SUMIF(Y23:Y23, ">=70") / 4 +SUMIF(AA23:AA23, ">=70") / 4 + SUMIF(V23:V23, ">1") / 4 + SUMIF(X23:X23, ">1") / 4 + SUMIF(Z23:Z23, ">1") / 4 + SUMIF(AB23:AB23, ">1") / 4 -> 76 | AN23: =SUMIF(AC23:AC23, ">=65") / 4 +SUMIF(AE23:AE23, ">=65") / 4 +SUMIF(AG23:AG23, ">=65") / 4 +SUMIF(AI23:AI23, ">=65") / 4 + SUMIF(AD23:AD23, ">1") / 4 + SUMIF(AF23:AF23, ">1") / 4 + SUMIF(AH23:AH23, ">1") / 4 + SUMIF(AJ23:AJ23, ">1") / 4 -> 81.5 | AO23: =AVERAGE(AK23:AN23) -> 81.875 | AR23: =IF(AO23<70, AO23*0.5, "") | AT23: =AS23*50% -> 0 | AU23: =IF(AS23<>"", IF(AR23="","",AR23+AT23), "") | AV23: =IF(AU23 < 70, AR23*30%, "") | AX23: =AW23*70% -> 0 | AY23: =IF(AW23<>"", IF(AV23="", "", AV23+AX23), "") | AZ23: =IF(AND(AU23<70, AY23<70), AO23, "") | BB23: =IF(AW23<>"", IF(AY23>=70, AY23, IF(AZ23+BA23>=70, AZ23+BA23, "")), IF(AS23<>"", IF(AU23>=70, AU23, ""), IF(AO23>=70, AO23, ""))) -> 81.875 | BC23: =IF(AW23<>"", IF(AY23<70, IF(AZ23+BA23<70, AZ23+BA23, ""), ""), IF(AS23<>"", IF(AU23<70, AU23, ""), IF(AO23<70, AO23, ""))) | BE23: =SUM(E23+M23+U23+AC23)/4 -> 83 | BF23: =SUM(G23+O23+W23+AE23)/4 -> 85.75 | BG23: =SUM(I23+Q23+Y23+AG23)/4 -> 79.5 | BH23: =SUM(K23+S23+AA23+AI23)/4 -> 79.25 | BI23: =AVERAGE(BE23:BH23) -> 81.875
... A55: 45 | B55: 1A-A-45 | C55: RANYELINA | D55: SINE | E55: 86 | G55: 88 | I55: 85 | K55: 89 | M55: 88 | O55: 90 | Q55: 87 | S55: 91 | U55: 85 | W55: 87 | Y55: 84 | AA55: 88 | AC55: 89 | AE55: 91 | AG55: 88 | AI55: 92 | AK55: =SUMIF(E55:E55, ">=70") / 4 +SUMIF(G55:G55, ">=70") / 4 +SUMIF(I55:I55, ">=70") / 4 +SUMIF(K55:K55, ">=70") / 4 + SUMIF(F55:F55, ">1") / 4 + SUMIF(H55:H55, ">1") / 4 + SUMIF(J55:J55, ">1") / 4 + SUMIF(L55:L55, ">1") / 4 -> 87 | AL55: =SUMIF(M55:M55, ">=70") / 4 +SUMIF(O55:O55, ">=70") / 4 +SUMIF(Q55:Q55, ">=70") / 4 +SUMIF(S55:S55, ">=70") / 4 + SUMIF(N55:N55, ">1") / 4 + SUMIF(P55:P55, ">1") / 4 + SUMIF(R55:R55, ">1") / 4 + SUMIF(T55:T55, ">1") / 4 -> 89 | AM55: =SUMIF(U55:U55, ">=70") / 4 +SUMIF(W55:W55, ">=70") / 4 +SUMIF(Y55:Y55, ">=70") / 4 +SUMIF(AA55:AA55, ">=70") / 4 + SUMIF(V55:V55, ">1") / 4 + SUMIF(X55:X55, ">1") / 4 + SUMIF(Z55:Z55, ">1") / 4 + SUMIF(AB55:AB55, ">1") / 4 -> 86 | AN55: =SUMIF(AC55:AC55, ">=65") / 4 +SUMIF(AE55:AE55, ">=65") / 4 +SUMIF(AG55:AG55, ">=65") / 4 +SUMIF(AI55:AI55, ">=65") / 4 + SUMIF(AD55:AD55, ">1") / 4 + SUMIF(AF55:AF55, ">1") / 4 + SUMIF(AH55:AH55, ">1") / 4 + SUMIF(AJ55:AJ55, ">1") / 4 -> 90 | AO55: =AVERAGE(AK55:AN55) -> 88 | AR55: =IF(AO55<70, AO55*0.5, "") | AT55: =AS55*50% -> 0 | AU55: =IF(AS55<>"", IF(AR55="","",AR55+AT55), "") | AV55: =IF(AU55 < 70, AR55*30%, "") | AX55: =AW55*70% -> 0 | AY55: =IF(AW55<>"", IF(AV55="", "", AV55+AX55), "") | AZ55: =IF(AND(AU55<70, AY55<70), AO55, "") | BB55: =IF(AW55<>"", IF(AY55>=70, AY55, IF(AZ55+BA55>=70, AZ55+BA55, "")), IF(AS55<>"", IF(AU55>=70, AU55, ""), IF(AO55>=70, AO55, ""))) -> 88 | BC55: =IF(AW55<>"", IF(AY55<70, IF(AZ55+BA55<70, AZ55+BA55, ""), ""), IF(AS55<>"", IF(AU55<70, AU55, ""), IF(AO55<70, AO55, ""))) | BE55: =SUM(E55+M55+U55+AC55)/4 -> 87 | BF55: =SUM(G55+O55+W55+AE55)/4 -> 89 | BG55: =SUM(I55+Q55+Y55+AG55)/4 -> 86 | BH55: =SUM(K55+S55+AA55+AI55)/4 -> 90 | BI55: =AVERAGE(BE55:BH55) -> 88

Sheet SOCIALES
E7: CALCULO DE NOTAS | AO7: Calificacion Final | AP7: % DE ASISTENCIA ANUAL | AR7: CALIFICACION COMPLETIVA | AV7: CALIFICACION EXTRAORDINARIA | AZ7: EVALUACION ESPECIAL | BB7: SITUACIONFINAL EN LA ASIGNATURA
A9: NO | B9: ID | C9: NOMBRES | D9: APELLIDOS | E9: CE - LE1 | M9: CE - LE2, LE3 | U9: CE - LE4, LE6 | AC9: CE - LE5, LE7 | AK9: PCP 1 | AL9: PCP 2 | AM9: PCP 3 | AN9: PCP 4 | AR9: 50% C.F | AS9: C.E.C. | AT9: 50% C.E.C. | AU9: C.C.F | AV9: 30% C.F. | AW9: C.E.EX | AX9: 70% C.E.EX | AY9: C.EX.F | AZ9: C.F. | BA9: C.E. | BB9: A | BC9: R
E10: P1 | F10: RP1 | G10: P2 | H10: RP2 | I10: P3 | J10: RP3 | K10: P4 | L10: RP4 | M10: P1 | N10: RP1 | O10: P2 | P10: RP2 | Q10: P3 | R10: RP3 | S10: P4 | T10: RP4 | U10: P1 | V10: RP1 | W10: P2 | X10: RP3 | Y10: P3 | Z10: RP4 | AA10: P4 | AB10: RP4 | AC10: P1 | AD10: RP1 | AE10: P2 | AF10: RP3 | AG10: P3 | AH10: RP4 | AI10: P4 | AJ10: RP4 | BE10: P1 | BF10: P2 | BG10: P3 | BH10: P4 | BI10: C.F
A11: 1 | B11: 1A-A-01 | C11: LUIS ANDRES | D11: ADAMES COLON | E11: 85 | G11: 88 | I11: 86 | K11: 89 | M11: 89 | O11: 90 | Q11: 88 | S11: 89 | U11: 86 | W11: 87 | Y11: 85 | AA11: 86 | AC11: 88 | AE11: 91 | AG11: 89 | AI11: 92 | AK11: =SUMIF(E11:E11, ">=70") / 4 +SUMIF(G11:G11, ">=70") / 4 +SUMIF(I11:I11, ">=70") / 4 +SUMIF(K11:K11, ">=70") / 4 + SUMIF(F11:F11, ">1") / 4 + SUMIF(H11:H11, ">1") / 4 + SUMIF(J11:J11, ">1") / 4 + SUMIF(L11:L11, ">1") / 4 -> 87 | AL11: =SUMIF(M11:M11, ">=70") / 4 +SUMIF(O11:O11, ">=70") / 4 +SUMIF(Q11:Q11, ">=70") / 4 +SUMIF(S11:S11, ">=70") / 4 + SUMIF(N11:N11, ">1") / 4 + SUMIF(P11:P11, ">1") / 4 + SUMIF(R11:R11, ">1") / 4 + SUMIF(T11:T11, ">1") / 4 -> 89 | AM11: =SUMIF(U11:U11, ">=70") / 4 +SUMIF(W11:W11, ">=70") / 4 +SUMIF(Y11:Y11, ">=70") / 4 +SUMIF(AA11:AA11, ">=70") / 4 + SUMIF(V11:V11, ">1") / 4 + SUMIF(X11:X11, ">1") / 4 + SUMIF(Z11:Z11, ">1") / 4 + SUMIF(AB11:AB11, ">1") / 4 -> 86 | AN11: =SUMIF(AC11:AC11, ">=70") / 4 +SUMIF(AE11:AE11, ">=70") / 4 +SUMIF(AG11:AG11, ">=70") / 4 +SUMIF(AI11:AI11, ">=70") / 4 + SUMIF(AD11:AD11, ">1") / 4 + SUMIF(AF11:AF11, ">1") / 4 + SUMIF(AH11:AH11, ">1") / 4 + SUMIF(AJ11:AJ11, ">1") / 4 -> 90 | AO11: =AVERAGE(AK11:AN11) -> 88 | AR11: =IF(AO11<70, AO11*0.5, "") | AT11: =AS11*50% -> 0 | AU11: =IF(AS11<>"", IF(AR11="","",AR11+AT11), "") | AV11: =IF(AU11 < 70, AR11*30%, "") | AX11: =AW11*70% -> 0 | AY11: =IF(AW11<>"", IF(AV11="", "", AV11+AX11), "") | AZ11: =IF(AND(AU11<70, AY11<70), AO11, "") | BB11: =IF(AW11<>"", IF(AY11>=70, AY11, IF(AZ11+BA11>=70, AZ11+BA11, "")), IF(AS11<>"", IF(AU11>=70, AU11, ""), IF(AO11>=70, AO11, ""))) -> 88 | BC11: =IF(AW11<>"", IF(AY11<70, IF(AZ11+BA11<70, AZ11+BA11, ""), ""), IF(AS11<>"", IF(AU11<70, AU11, ""), IF(AO11<70, AO11, ""))) | BE11: =SUM(E11+M11+U11+AC11)/4 -> 87 | BF11: =SUM(G11+O11+W11+AE11)/4 -> 89 | BG11: =SUM(I11+Q11+Y11+AG11)/4 -> 87 | BH11: =SUM(K11+S11+AA11+AI11)/4 -> 89 | BI11: =AVERAGE(BE11:BH11) -> 88
A12: 2 | B12: 1A-A-02 | C12: ANEURIS | D12: ANDERSON | E12: 75 | G12: 78 | I12: 77 | K12: 74 | M12: 77 | O12: 82 | Q12: 83 | S12: 78 | U12: 84 | W12: 79 | Y12: 82 | AA12: 87 | AC12: 78 | AE12: 81 | AG12: 84 | AI12: 81 | AK12: =SUMIF(E12:E12, ">=70") / 4 +SUMIF(G12:G12, ">=70") / 4 +SUMIF(I12:I12, ">=70") / 4 +SUMIF(K12:K12, ">=70") / 4 + SUMIF(F12:F12, ">1") / 4 + SUMIF(H12:H12, ">1") / 4 + SUMIF(J12:J12, ">1") / 4 + SUMIF(L12:L12, ">1") / 4 -> 76 | AL12: =SUMIF(M12:M12, ">=70") / 4 +SUMIF(O12:O12, ">=70") / 4 +SUMIF(Q12:Q12, ">=70") / 4 +SUMIF(S12:S12, ">=70") / 4 + SUMIF(N12:N12, ">1") / 4 + SUMIF(P12:P12, ">1") / 4 + SUMIF(R12:R12, ">1") / 4 + SUMIF(T12:T12, ">1") / 4 -> 80 | AM12: =SUMIF(U12:U12, ">=70") / 4 +SUMIF(W12:W12, ">=70") / 4 +SUMIF(Y12:Y12, ">=70") / 4 +SUMIF(AA12:AA12, ">=70") / 4 + SUMIF(V12:V12, ">1") / 4 + SUMIF(X12:X12, ">1") / 4 + SUMIF(Z12:Z12, ">1") / 4 + SUMIF(AB12:AB12, ">1") / 4 -> 83 | AN12: =SUMIF(AC12:AC12, ">=65") / 4 +SUMIF(AE12:AE12, ">=65") / 4 +SUMIF(AG12:AG12, ">=65") / 4 +SUMIF(AI12:AI12, ">=65") / 4 + SUMIF(AD12:AD12, ">1") / 4 + SUMIF(AF12:AF12, ">1") / 4 + SUMIF(AH12:AH12, ">1") / 4 + SUMIF(AJ12:AJ12, ">1") / 4 -> 81 | AO12: =AVERAGE(AK12:AN12) -> 80 | AR12: =IF(AO12<70, AO12*0.5, "") | AT12: =AS12*50% -> 0 | AU12: =IF(AS12<>"", IF(AR12="","",AR12+AT12), "") | AV12: =IF(AU12 < 70, AR12*30%, "") | AX12: =AW12*70% -> 0 | AY12: =IF(AW12<>"", IF(AV12="", "", AV12+AX12), "") | AZ12: =IF(AND(AU12<70, AY12<70), AO12, "") | BB12: =IF(AW12<>"", IF(AY12>=70, AY12, IF(AZ12+BA12>=70, AZ12+BA12, "")), IF(AS12<>"", IF(AU12>=70, AU12, ""), IF(AO12>=70, AO12, ""))) -> 80 | BC12: =IF(AW12<>"", IF(AY12<70, IF(AZ12+BA12<70, AZ12+BA12, ""), ""), IF(AS12<>"", IF(AU12<70, AU12, ""), IF(AO12<70, AO12, ""))) | BE12: =SUM(E12+M12+U12+AC12)/4 -> 78.5 | BF12: =SUM(G12+O12+W12+AE12)/4 -> 80 | BG12: =SUM(I12+Q12+Y12+AG12)/4 -> 81.5 | BH12: =SUM(K12+S12+AA12+AI12)/4 -> 80 | BI12: =AVERAGE(BE12:BH12) -> 80
A13: 3 | B13: 1A-A-03 | C13: ANGEL ARIEL | D13: AZCONA BALBUENA | E13: 75 | G13: 78 | I13: 77 | K13: 74 | M13: 77 | O13: 82 | Q13: 83 | S13: 78 | U13: 84 | W13: 79 | Y13: 82 | AA13: 87 | AC13: 78 | AE13: 81 | AG13: 84 | AI13: 81 | AK13: =SUMIF(E13:E13, ">=70") / 4 +SUMIF(G13:G13, ">=70") / 4 +SUMIF(I13:I13, ">=70") / 4 +SUMIF(K13:K13, ">=70") / 4 + SUMIF(F13:F13, ">1") / 4 + SUMIF(H13:H13, ">1") / 4 + SUMIF(J13:J13, ">1") / 4 + SUMIF(L13:L13, ">1") / 4 -> 76 | AL13: =SUMIF(M13:M13, ">=70") / 4 +SUMIF(O13:O13, ">=70") / 4 +SUMIF(Q13:Q13, ">=70") / 4 +SUMIF(S13:S13, ">=70") / 4 + SUMIF(N13:N13, ">1") / 4 + SUMIF(P13:P13, ">1") / 4 + SUMIF(R13:R13, ">1") / 4 + SUMIF(T13:T13, ">1") / 4 -> 80 | AM13: =SUMIF(U13:U13, ">=70") / 4 +SUMIF(W13:W13, ">=70") / 4 +SUMIF(Y13:Y13, ">=70") / 4 +SUMIF(AA13:AA13, ">=70") / 4 + SUMIF(V13:V13, ">1") / 4 + SUMIF(X13:X13, ">1") / 4 + SUMIF(Z13:Z13, ">1") / 4 + SUMIF(AB13:AB13, ">1") / 4 -> 83 | AN13: =SUMIF(AC13:AC13, ">=65") / 4 +SUMIF(AE13:AE13, ">=65") / 4 +SUMIF(AG13:AG13, ">=65") / 4 +SUMIF(AI13:AI13, ">=65") / 4 + SUMIF(AD13:AD13, ">1") / 4 + SUMIF(AF13:AF13, ">1") / 4 + SUMIF(AH13:AH13, ">1") / 4 + SUMIF(AJ13:AJ13, ">1") / 4 -> 81 | AO13: =AVERAGE(AK13:AN13) -> 80 | AR13: =IF(AO13<70, AO13*0.5, "") | AT13: =AS13*50% -> 0 | AU13: =IF(AS13<>"", IF(AR13="","",AR13+AT13), "") | AV13: =IF(AU13 < 70, AR13*30%, "") | AX13: =AW13*70% -> 0 | AY13: =IF(AW13<>"", IF(AV13="", "", AV13+AX13), "") | AZ13: =IF(AND(AU13<70, AY13<70), AO13, "") | BB13: =IF(AW13<>"", IF(AY13>=70, AY13, IF(AZ13+BA13>=70, AZ13+BA13, "")), IF(AS13<>"", IF(AU13>=70, AU13, ""), IF(AO13>=70, AO13, ""))) -> 80 | BC13: =IF(AW13<>"", IF(AY13<70, IF(AZ13+BA13<70, AZ13+BA13, ""), ""), IF(AS13<>"", IF(AU13<70, AU13, ""), IF(AO13<70, AO13, ""))) | BE13: =SUM(E13+M13+U13+AC13)/4 -> 78.5 | BF13: =SUM(G13+O13+W13+AE13)/4 -> 80 | BG13: =SUM(I13+Q13+Y13+AG13)/4 -> 81.5 | BH13: =SUM(K13+S13+AA13+AI13)/4 -> 80 | BI13: =AVERAGE(BE13:BH13) -> 80
A14: 4 | B14: 1A-A-04 | C14: WISLINE | D14: BERNADEAU | E14: 82 | G14: 86 | I14: 80 | K14: 84 | M14: 84 | O14: 88 | Q14: 90 | S14: 86 | U14: 80 | W14: 80 | Y14: 72 | AA14: 72 | AC14: 86 | AE14: 89 | AG14: 76 | AI14: 75 | AK14: =SUMIF(E14:E14, ">=70") / 4 +SUMIF(G14:G14, ">=70") / 4 +SUMIF(I14:I14, ">=70") / 4 +SUMIF(K14:K14, ">=70") / 4 + SUMIF(F14:F14, ">1") / 4 + SUMIF(H14:H14, ">1") / 4 + SUMIF(J14:J14, ">1") / 4 + SUMIF(L14:L14, ">1") / 4 -> 83 | AL14: =SUMIF(M14:M14, ">=70") / 4 +SUMIF(O14:O14, ">=70") / 4 +SUMIF(Q14:Q14, ">=70") / 4 +SUMIF(S14:S14, ">=70") / 4 + SUMIF(N14:N14, ">1") / 4 + SUMIF(P14:P14, ">1") / 4 + SUMIF(R14:R14, ">1") / 4 + SUMIF(T14:T14, ">1") / 4 -> 87 | AM14: =SUMIF(U14:U14, ">=70") / 4 +SUMIF(W14:W14, ">=70") / 4 +SUMIF(Y14:Y14, ">=70") / 4 +SUMIF(AA14:AA14, ">=70") / 4 + SUMIF(V14:V14, ">1") / 4 + SUMIF(X14:X14, ">1") / 4 + SUMIF(Z14:Z14, ">1") / 4 + SUMIF(AB14:AB14, ">1") / 4 -> 76 | AN14: =SUMIF(AC14:AC14, ">=65") / 4 +SUMIF(AE14:AE14, ">=65") / 4 +SUMIF(AG14:AG14, ">=65") / 4 +SUMIF(AI14:AI14, ">=65") / 4 + SUMIF(AD14:AD14, ">1") / 4 + SUMIF(AF14:AF14, ">1") / 4 + SUMIF(AH14:AH14, ">1") / 4 + SUMIF(AJ14:AJ14, ">1") / 4 -> 81.5 | AO14: =AVERAGE(AK14:AN14) -> 81.875 | AR14: =IF(AO14<70, AO14*0.5, "") | AT14: =AS14*50% -> 0 | AU14: =IF(AS14<>"", IF(AR14="","",AR14+AT14), "") | AV14: =IF(AU14 < 70, AR14*30%, "") | AX14: =AW14*70% -> 0 | AY14: =IF(AW14<>"", IF(AV14="", "", AV14+AX14), "") | AZ14: =IF(AND(AU14<70, AY14<70), AO14, "") | BB14: =IF(AW14<>"", IF(AY14>=70, AY14, IF(AZ14+BA14>=70, AZ14+BA14, "")), IF(AS14<>"", IF(AU14>=70, AU14, ""), IF(AO14>=70, AO14, ""))) -> 81.875 | BC14: =IF(AW14<>"", IF(AY14<70, IF(AZ14+BA14<70, AZ14+BA14, ""), ""), IF(AS14<>"", IF(AU14<70, AU14, ""), IF(AO14<70, AO14, ""))) | BE14: =SUM(E14+M14+U14+AC14)/4 -> 83 | BF14: =SUM(G14+O14+W14+AE14)/4 -> 85.75 | BG14: =SUM(I14+Q14+Y14+AG14)/4 -> 79.5 | BH14: =SUM(K14+S14+AA14+AI14)/4 -> 79.25 | BI14: =AVERAGE(BE14:BH14) -> 81.875
A15: 5 | B15: 1A-A-05 | C15: LISAIRY | D15: BREA CONTRERA | E15: 81 | G15: 85 | I15: 80 | K15: 82 | M15: 83 | O15: 87 | Q15: 85 | S15: 89 | U15: 84 | W15: 88 | Y15: 74 | AA15: 81 | AC15: 80 | AE15: 84 | AG15: 89 | AI15: 87 | AK15: =SUMIF(E15:E15, ">=70") / 4 +SUMIF(G15:G15, ">=70") / 4 +SUMIF(I15:I15, ">=70") / 4 +SUMIF(K15:K15, ">=70") / 4 + SUMIF(F15:F15, ">1") / 4 + SUMIF(H15:H15, ">1") / 4 + SUMIF(J15:J15, ">1") / 4 + SUMIF(L15:L15, ">1") / 4 -> 82 | AL15: =SUMIF(M15:M15, ">=70") / 4 +SUMIF(O15:O15, ">=70") / 4 +SUMIF(Q15:Q15, ">=70") / 4 +SUMIF(S15:S15, ">=70") / 4 + SUMIF(N15:N15, ">1") / 4 + SUMIF(P15:P15, ">1") / 4 + SUMIF(R15:R15, ">1") / 4 + SUMIF(T15:T15, ">1") / 4 -> 86 | AM15: =SUMIF(U15:U15, ">=70") / 4 +SUMIF(W15:W15, ">=70") / 4 +SUMIF(Y15:Y15, ">=70") / 4 +SUMIF(AA15:AA15, ">=70") / 4 + SUMIF(V15:V15, ">1") / 4 + SUMIF(X15:X15, ">1") / 4 + SUMIF(Z15:Z15, ">1") / 4 + SUMIF(AB15:AB15, ">1") / 4 -> 81.75 | AN15: =SUMIF(AC15:AC15, ">=65") / 4 +SUMIF(AE15:AE15, ">=65") / 4 +SUMIF(AG15:AG15, ">=65") / 4 +SUMIF(AI15:AI15, ">=65") / 4 + SUMIF(AD15:AD15, ">1") / 4 + SUMIF(AF15:AF15, ">1") / 4 + SUMIF(AH15:AH15, ">1") / 4 + SUMIF(AJ15:AJ15, ">1") / 4 -> 85 | AO15: =AVERAGE(AK15:AN15) -> 83.6875 | AR15: =IF(AO15<70, AO15*0.5, "") | AT15: =AS15*50% -> 0 | AU15: =IF(AS15<>"", IF(AR15="","",AR15+AT15), "") | AV15: =IF(AU15 < 70, AR15*30%, "") | AX15: =AW15*70% -> 0 | AY15: =IF(AW15<>"", IF(AV15="", "", AV15+AX15), "") | AZ15: =IF(AND(AU15<70, AY15<70), AO15, "") | BB15: =IF(AW15<>"", IF(AY15>=70, AY15, IF(AZ15+BA15>=70, AZ15+BA15, "")), IF(AS15<>"", IF(AU15>=70, AU15, ""), IF(AO15>=70, AO15, ""))) -> 83.6875 | BC15: =IF(AW15<>"", IF(AY15<70, IF(AZ15+BA15<70, AZ15+BA15, ""), ""), IF(AS15<>"", IF(AU15<70, AU15, ""), IF(AO15<70, AO15, ""))) | BE15: =SUM(E15+M15+U15+AC15)/4 -> 82 | BF15: =SUM(G15+O15+W15+AE15)/4 -> 86 | BG15: =SUM(I15+Q15+Y15+AG15)/4 -> 82 | BH15: =SUM(K15+S15+AA15+AI15)/4 -> 84.75 | BI15: =AVERAGE(BE15:BH15) -> 83.6875
A16: 6 | B16: 1A-A-06 | C16: RODENEL | D16: CACEUS DABOIS | E16: 86 | G16: 88 | I16: 85 | K16: 89 | M16: 88 | O16: 90 | Q16: 87 | S16: 91 | U16: 85 | W16: 87 | Y16: 84 | AA16: 88 | AC16: 89 | AE16: 91 | AG16: 88 | AI16: 92 | AK16: =SUMIF(E16:E16, ">=70") / 4 +SUMIF(G16:G16, ">=70") / 4 +SUMIF(I16:I16, ">=70") / 4 +SUMIF(K16:K16, ">=70") / 4 + SUMIF(F16:F16, ">1") / 4 + SUMIF(H16:H16, ">1") / 4 + SUMIF(J16:J16, ">1") / 4 + SUMIF(L16:L16, ">1") / 4 -> 87 | AL16: =SUMIF(M16:M16, ">=70") / 4 +SUMIF(O16:O16, ">=70") / 4 +SUMIF(Q16:Q16, ">=70") / 4 +SUMIF(S16:S16, ">=70") / 4 + SUMIF(N16:N16, ">1") / 4 + SUMIF(P16:P16, ">1") / 4 + SUMIF(R16:R16, ">1") / 4 + SUMIF(T16:T16, ">1") / 4 -> 89 | AM16: =SUMIF(U16:U16, ">=70") / 4 +SUMIF(W16:W16, ">=70") / 4 +SUMIF(Y16:Y16, ">=70") / 4 +SUMIF(AA16:AA16, ">=70") / 4 + SUMIF(V16:V16, ">1") / 4 + SUMIF(X16:X16, ">1") / 4 + SUMIF(Z16:Z16, ">1") / 4 + SUMIF(AB16:AB16, ">1") / 4 -> 86 | AN16: =SUMIF(AC16:AC16, ">=65") / 4 +SUMIF(AE16:AE16, ">=65") / 4 +SUMIF(AG16:AG16, ">=65") / 4 +SUMIF(AI16:AI16, ">=65") / 4 + SUMIF(AD16:AD16, ">1") / 4 + SUMIF(AF16:AF16, ">1") / 4 + SUMIF(AH16:AH16, ">1") / 4 + SUMIF(AJ16:AJ16, ">1") / 4 -> 90 | AO16: =AVERAGE(AK16:AN16) -> 88 | AR16: =IF(AO16<70, AO16*0.5, "") | AT16: =AS16*50% -> 0 | AU16: =IF(AS16<>"", IF(AR16="","",AR16+AT16), "") | AV16: =IF(AU16 < 70, AR16*30%, "") | AX16: =AW16*70% -> 0 | AY16: =IF(AW16<>"", IF(AV16="", "", AV16+AX16), "") | AZ16: =IF(AND(AU16<70, AY16<70), AO16, "") | BB16: =IF(AW16<>"", IF(AY16>=70, AY16, IF(AZ16+BA16>=70, AZ16+BA16, "")), IF(AS16<>"", IF(AU16>=70, AU16, ""), IF(AO16>=70, AO16, ""))) -> 88 | BC16: =IF(AW16<>"", IF(AY16<70, IF(AZ16+BA16<70, AZ16+BA16, ""), ""), IF(AS16<>"", IF(AU16<70, AU16, ""), IF(AO16<70, AO16, ""))) | BE16: =SUM(E16+M16+U16+AC16)/4 -> 87 | BF16: =SUM(G16+O16+W16+AE16)/4 -> 89 | BG16: =SUM(I16+Q16+Y16+AG16)/4 -> 86 | BH16: =SUM(K16+S16+AA16+AI16)/4 -> 90 | BI16: =AVERAGE(BE16:BH16) -> 88
A17: 7 | B17: 1A-A-07 | C17: MARY LUZ | D17: CAMILO ESPINAL | E17: 82 | G17: 86 | I17: 80 | K17: 84 | M17: 84 | O17: 88 | Q17: 90 | S17: 86 | U17: 80 | W17: 80 | Y17: 72 | AA17: 72 | AC17: 86 | AE17: 89 | AG17: 76 | AI17: 75 | AK17: =SUMIF(E17:E17, ">=70") / 4 +SUMIF(G17:G17, ">=70") / 4 +SUMIF(I17:I17, ">=70") / 4 +SUMIF(K17:K17, ">=70") / 4 + SUMIF(F17:F17, ">1") / 4 + SUMIF(H17:H17, ">1") / 4 + SUMIF(J17:J17, ">1") / 4 + SUMIF(L17:L17, ">1") / 4 -> 83 | AL17: =SUMIF(M17:M17, ">=70") / 4 +SUMIF(O17:O17, ">=70") / 4 +SUMIF(Q17:Q17, ">=70") / 4 +SUMIF(S17:S17, ">=70") / 4 + SUMIF(N17:N17, ">1") / 4 + SUMIF(P17:P17, ">1") / 4 + SUMIF(R17:R17, ">1") / 4 + SUMIF(T17:T17, ">1") / 4 -> 87 | AM17: =SUMIF(U17:U17, ">=70") / 4 +SUMIF(W17:W17, ">=70") / 4 +SUMIF(Y17:Y17, ">=70") / 4 +SUMIF(AA17:AA17, ">=70") / 4 + SUMIF(V17:V17, ">1") / 4 + SUMIF(X17:X17, ">1") / 4 + SUMIF(Z17:Z17, ">1") / 4 + SUMIF(AB17:AB17, ">1") / 4 -> 76 | AN17: =SUMIF(AC17:AC17, ">=65") / 4 +SUMIF(AE17:AE17, ">=65") / 4 +SUMIF(AG17:AG17, ">=65") / 4 +SUMIF(AI17:AI17, ">=65") / 4 + SUMIF(AD17:AD17, ">1") / 4 + SUMIF(AF17:AF17, ">1") / 4 + SUMIF(AH17:AH17, ">1") / 4 + SUMIF(AJ17:AJ17, ">1") / 4 -> 81.5 | AO17: =AVERAGE(AK17:AN17) -> 81.875 | AR17: =IF(AO17<70, AO17*0.5, "") | AT17: =AS17*50% -> 0 | AU17: =IF(AS17<>"", IF(AR17="","",AR17+AT17), "") | AV17: =IF(AU17 < 70, AR17*30%, "") | AX17: =AW17*70% -> 0 | AY17: =IF(AW17<>"", IF(AV17="", "", AV17+AX17), "") | AZ17: =IF(AND(AU17<70, AY17<70), AO17, "") | BB17: =IF(AW17<>"", IF(AY17>=70, AY17, IF(AZ17+BA17>=70, AZ17+BA17, "")), IF(AS17<>"", IF(AU17>=70, AU17, ""), IF(AO17>=70, AO17, ""))) -> 81.875 | BC17: =IF(AW17<>"", IF(AY17<70, IF(AZ17+BA17<70, AZ17+BA17, ""), ""), IF(AS17<>"", IF(AU17<70, AU17, ""), IF(AO17<70, AO17, ""))) | BE17: =SUM(E17+M17+U17+AC17)/4 -> 83 | BF17: =SUM(G17+O17+W17+AE17)/4 -> 85.75 | BG17: =SUM(I17+Q17+Y17+AG17)/4 -> 79.5 | BH17: =SUM(K17+S17+AA17+AI17)/4 -> 79.25 | BI17: =AVERAGE(BE17:BH17) -> 81.875
A18: 8 | B18: 1A-A-08 | C18: ANA ROSA | D18: CARRION VILORIO | E18: 81 | G18: 85 | I18: 80 | K18: 82 | M18: 83 | O18: 87 | Q18: 85 | S18: 89 | U18: 84 | W18: 88 | Y18: 74 | AA18: 81 | AC18: 80 | AE18: 84 | AG18: 89 | AI18: 87 | AK18: =SUMIF(E18:E18, ">=70") / 4 +SUMIF(G18:G18, ">=70") / 4 +SUMIF(I18:I18, ">=70") / 4 +SUMIF(K18:K18, ">=70") / 4 + SUMIF(F18:F18, ">1") / 4 + SUMIF(H18:H18, ">1") / 4 + SUMIF(J18:J18, ">1") / 4 + SUMIF(L18:L18, ">1") / 4 -> 82 | AL18: =SUMIF(M18:M18, ">=70") / 4 +SUMIF(O18:O18, ">=70") / 4 +SUMIF(Q18:Q18, ">=70") / 4 +SUMIF(S18:S18, ">=70") / 4 + SUMIF(N18:N18, ">1") / 4 + SUMIF(P18:P18, ">1") / 4 + SUMIF(R18:R18, ">1") / 4 + SUMIF(T18:T18, ">1") / 4 -> 86 | AM18: =SUMIF(U18:U18, ">=70") / 4 +SUMIF(W18:W18, ">=70") / 4 +SUMIF(Y18:Y18, ">=70") / 4 +SUMIF(AA18:AA18, ">=70") / 4 + SUMIF(V18:V18, ">1") / 4 + SUMIF(X18:X18, ">1") / 4 + SUMIF(Z18:Z18, ">1") / 4 + SUMIF(AB18:AB18, ">1") / 4 -> 81.75 | AN18: =SUMIF(AC18:AC18, ">=65") / 4 +SUMIF(AE18:AE18, ">=65") / 4 +SUMIF(AG18:AG18, ">=65") / 4 +SUMIF(AI18:AI18, ">=65") / 4 + SUMIF(AD18:AD18, ">1") / 4 + SUMIF(AF18:AF18, ">1") / 4 + SUMIF(AH18:AH18, ">1") / 4 + SUMIF(AJ18:AJ18, ">1") / 4 -> 85 | AO18: =AVERAGE(AK18:AN18) -> 83.6875 | AR18: =IF(AO18<70, AO18*0.5, "") | AT18: =AS18*50% -> 0 | AU18: =IF(AS18<>"", IF(AR18="","",AR18+AT18), "") | AV18: =IF(AU18 < 70, AR18*30%, "") | AX18: =AW18*70% -> 0 | AY18: =IF(AW18<>"", IF(AV18="", "", AV18+AX18), "") | AZ18: =IF(AND(AU18<70, AY18<70), AO18, "") | BB18: =IF(AW18<>"", IF(AY18>=70, AY18, IF(AZ18+BA18>=70, AZ18+BA18, "")), IF(AS18<>"", IF(AU18>=70, AU18, ""), IF(AO18>=70, AO18, ""))) -> 83.6875 | BC18: =IF(AW18<>"", IF(AY18<70, IF(AZ18+BA18<70, AZ18+BA18, ""), ""), IF(AS18<>"", IF(AU18<70, AU18, ""), IF(AO18<70, AO18, ""))) | BE18: =SUM(E18+M18+U18+AC18)/4 -> 82 | BF18: =SUM(G18+O18+W18+AE18)/4 -> 86 | BG18: =SUM(I18+Q18+Y18+AG18)/4 -> 82 | BH18: =SUM(K18+S18+AA18+AI18)/4 -> 84.75 | BI18: =AVERAGE(BE18:BH18) -> 83.6875
A19: 9 | B19: 1A-A-09 | C19: WILDIANA | D19: CASSEUS | E19: 86 | G19: 88 | I19: 85 | K19: 89 | M19: 88 | O19: 90 | Q19: 87 | S19: 91 | U19: 85 | W19: 87 | Y19: 84 | AA19: 88 | AC19: 89 | AE19: 91 | AG19: 88 | AI19: 92 | AK19: =SUMIF(E19:E19, ">=70") / 4 +SUMIF(G19:G19, ">=70") / 4 +SUMIF(I19:I19, ">=70") / 4 +SUMIF(K19:K19, ">=70") / 4 + SUMIF(F19:F19, ">1") / 4 + SUMIF(H19:H19, ">1") / 4 + SUMIF(J19:J19, ">1") / 4 + SUMIF(L19:L19, ">1") / 4 -> 87 | AL19: =SUMIF(M19:M19, ">=70") / 4 +SUMIF(O19:O19, ">=70") / 4 +SUMIF(Q19:Q19, ">=70") / 4 +SUMIF(S19:S19, ">=70") / 4 + SUMIF(N19:N19, ">1") / 4 + SUMIF(P19:P19, ">1") / 4 + SUMIF(R19:R19, ">1") / 4 + SUMIF(T19:T19, ">1") / 4 -> 89 | AM19: =SUMIF(U19:U19, ">=70") / 4 +SUMIF(W19:W19, ">=70") / 4 +SUMIF(Y19:Y19, ">=70") / 4 +SUMIF(AA19:AA19, ">=70") / 4 + SUMIF(V19:V19, ">1") / 4 + SUMIF(X19:X19, ">1") / 4 + SUMIF(Z19:Z19, ">1") / 4 + SUMIF(AB19:AB19, ">1") / 4 -> 86 | AN19: =SUMIF(AC19:AC19, ">=65") / 4 +SUMIF(AE19:AE19, ">=65") / 4 +SUMIF(AG19:AG19, ">=65") / 4 +SUMIF(AI19:AI19, ">=65") / 4 + SUMIF(AD19:AD19, ">1") / 4 + SUMIF(AF19:AF19, ">1") / 4 + SUMIF(AH19:AH19, ">1") / 4 + SUMIF(AJ19:AJ19, ">1") / 4 -> 90 | AO19: =AVERAGE(AK19:AN19) -> 88 | AR19: =IF(AO19<70, AO19*0.5, "") | AT19: =AS19*50% -> 0 | AU19: =IF(AS19<>"", IF(AR19="","",AR19+AT19), "") | AV19: =IF(AU19 < 70, AR19*30%, "") | AX19: =AW19*70% -> 0 | AY19: =IF(AW19<>"", IF(AV19="", "", AV19+AX19), "") | AZ19: =IF(AND(AU19<70, AY19<70), AO19, "") | BB19: =IF(AW19<>"", IF(AY19>=70, AY19, IF(AZ19+BA19>=70, AZ19+BA19, "")), IF(AS19<>"", IF(AU19>=70, AU19, ""), IF(AO19>=70, AO19, ""))) -> 88 | BC19: =IF(AW19<>"", IF(AY19<70, IF(AZ19+BA19<70, AZ19+BA19, ""), ""), IF(AS19<>"", IF(AU19<70, AU19, ""), IF(AO19<70, AO19, ""))) | BE19: =SUM(E19+M19+U19+AC19)/4 -> 87 | BF19: =SUM(G19+O19+W19+AE19)/4 -> 89 | BG19: =SUM(I19+Q19+Y19+AG19)/4 -> 86 | BH19: =SUM(K19+S19+AA19+AI19)/4 -> 90 | BI19: =AVERAGE(BE19:BH19) -> 88
A20: 10 | B20: 1A-A-10 | C20: JERVIN | D20: CASTRO ALMONTE | E20: 82 | G20: 86 | I20: 80 | K20: 84 | M20: 84 | O20: 88 | Q20: 90 | S20: 86 | U20: 80 | W20: 80 | Y20: 72 | AA20: 72 | AC20: 86 | AE20: 89 | AG20: 76 | AI20: 75 | AK20: =SUMIF(E20:E20, ">=70") / 4 +SUMIF(G20:G20, ">=70") / 4 +SUMIF(I20:I20, ">=70") / 4 +SUMIF(K20:K20, ">=70") / 4 + SUMIF(F20:F20, ">1") / 4 + SUMIF(H20:H20, ">1") / 4 + SUMIF(J20:J20, ">1") / 4 + SUMIF(L20:L20, ">1") / 4 -> 83 | AL20: =SUMIF(M20:M20, ">=70") / 4 +SUMIF(O20:O20, ">=70") / 4 +SUMIF(Q20:Q20, ">=70") / 4 +SUMIF(S20:S20, ">=70") / 4 + SUMIF(N20:N20, ">1") / 4 + SUMIF(P20:P20, ">1") / 4 + SUMIF(R20:R20, ">1") / 4 + SUMIF(T20:T20, ">1") / 4 -> 87 | AM20: =SUMIF(U20:U20, ">=70") / 4 +SUMIF(W20:W20, ">=70") / 4 +SUMIF(Y20:Y20, ">=70") / 4 +SUMIF(AA20:AA20, ">=70") / 4 + SUMIF(V20:V20, ">1") / 4 + SUMIF(X20:X20, ">1") / 4 + SUMIF(Z20:Z20, ">1") / 4 + SUMIF(AB20:AB20, ">1") / 4 -> 76 | AN20: =SUMIF(AC20:AC20, ">=65") / 4 +SUMIF(AE20:AE20, ">=65") / 4 +SUMIF(AG20:AG20, ">=65") / 4 +SUMIF(AI20:AI20, ">=65") / 4 + SUMIF(AD20:AD20, ">1") / 4 + SUMIF(AF20:AF20, ">1") / 4 + SUMIF(AH20:AH20, ">1") / 4 + SUMIF(AJ20:AJ20, ">1") / 4 -> 81.5 | AO20: =AVERAGE(AK20:AN20) -> 81.875 | AR20: =IF(AO20<70, AO20*0.5, "") | AT20: =AS20*50% -> 0 | AU20: =IF(AS20<>"", IF(AR20="","",AR20+AT20), "") | AV20: =IF(AU20 < 70, AR20*30%, "") | AX20: =AW20*70% -> 0 | AY20: =IF(AW20<>"", IF(AV20="", "", AV20+AX20), "") | AZ20: =IF(AND(AU20<70, AY20<70), AO20, "") | BB20: =IF(AW20<>"", IF(AY20>=70, AY20, IF(AZ20+BA20>=70, AZ20+BA20, "")), IF(AS20<>"", IF(AU20>=70, AU20, ""), IF(AO20>=70, AO20, ""))) -> 81.875 | BC20: =IF(AW20<>"", IF(AY20<70, IF(AZ20+BA20<70, AZ20+BA20, ""), ""), IF(AS20<>"", IF(AU20<70, AU20, ""), IF(AO20<70, AO20, ""))) | BE20: =SUM(E20+M20+U20+AC20)/4 -> 83 | BF20: =SUM(G20+O20+W20+AE20)/4 -> 85.75 | BG20: =SUM(I20+Q20+Y20+AG20)/4 -> 79.5 | BH20: =SUM(K20+S20+AA20+AI20)/4 -> 79.25 | BI20: =AVERAGE(BE20:BH20) -> 81.875
A21: 11 | B21: 1A-A-11 | C21: SONDJY | D21: CESAIRE | E21: 81 | G21: 85 | I21: 80 | K21: 82 | M21: 83 | O21: 87 | Q21: 85 | S21: 89 | U21: 84 | W21: 88 | Y21: 74 | AA21: 81 | AC21: 80 | AE21: 84 | AG21: 89 | AI21: 87 | AK21: =SUMIF(E21:E21, ">=70") / 4 +SUMIF(G21:G21, ">=70") / 4 +SUMIF(I21:I21, ">=70") / 4 +SUMIF(K21:K21, ">=70") / 4 + SUMIF(F21:F21, ">1") / 4 + SUMIF(H21:H21, ">1") / 4 + SUMIF(J21:J21, ">1") / 4 + SUMIF(L21:L21, ">1") / 4 -> 82 | AL21: =SUMIF(M21:M21, ">=70") / 4 +SUMIF(O21:O21, ">=70") / 4 +SUMIF(Q21:Q21, ">=70") / 4 +SUMIF(S21:S21, ">=70") / 4 + SUMIF(N21:N21, ">1") / 4 + SUMIF(P21:P21, ">1") / 4 + SUMIF(R21:R21, ">1") / 4 + SUMIF(T21:T21, ">1") / 4 -> 86 | AM21: =SUMIF(U21:U21, ">=70") / 4 +SUMIF(W21:W21, ">=70") / 4 +SUMIF(Y21:Y21, ">=70") / 4 +SUMIF(AA21:AA21, ">=70") / 4 + SUMIF(V21:V21, ">1") / 4 + SUMIF(X21:X21, ">1") / 4 + SUMIF(Z21:Z21, ">1") / 4 + SUMIF(AB21:AB21, ">1") / 4 -> 81.75 | AN21: =SUMIF(AC21:AC21, ">=65") / 4 +SUMIF(AE21:AE21, ">=65") / 4 +SUMIF(AG21:AG21, ">=65") / 4 +SUMIF(AI21:AI21, ">=65") / 4 + SUMIF(AD21:AD21, ">1") / 4 + SUMIF(AF21:AF21, ">1") / 4 + SUMIF(AH21:AH21, ">1") / 4 + SUMIF(AJ21:AJ21, ">1") / 4 -> 85 | AO21: =AVERAGE(AK21:AN21) -> 83.6875 | AR21: =IF(AO21<70, AO21*0.5, "") | AT21: =AS21*50% -> 0 | AU21: =IF(AS21<>"", IF(AR21="","",AR21+AT21), "") | AV21: =IF(AU21 < 70, AR21*30%, "") | AX21: =AW21*70% -> 0 | AY21: =IF(AW21<>"", IF(AV21="", "", AV21+AX21), "") | AZ21: =IF(AND(AU21<70, AY21<70), AO21, "") | BB21: =IF(AW21<>"", IF(AY21>=70, AY21, IF(AZ21+BA21>=70, AZ21+BA21, "")), IF(AS21<>"", IF(AU21>=70, AU21, ""), IF(AO21>=70, AO21, ""))) -> 83.6875 | BC21: =IF(AW21<>"", IF(AY21<70, IF(AZ21+BA21<70, AZ21+BA21, ""), ""), IF(AS21<>"", IF(AU21<70, AU21, ""), IF(AO21<70, AO21, ""))) | BE21: =SUM(E21+M21+U21+AC21)/4 -> 82 | BF21: =SUM(G21+O21+W21+AE21)/4 -> 86 | BG21: =SUM(I21+Q21+Y21+AG21)/4 -> 82 | BH21: =SUM(K21+S21+AA21+AI21)/4 -> 84.75 | BI21: =AVERAGE(BE21:BH21) -> 83.6875
A22: 12 | B22: 1A-A-12 | C22: ANDERSON | D22: CHARLES | E22: 86 | G22: 88 | I22: 85 | K22: 89 | M22: 88 | O22: 90 | Q22: 87 | S22: 91 | U22: 85 | W22: 87 | Y22: 84 | AA22: 88 | AC22: 89 | AE22: 91 | AG22: 88 | AI22: 92 | AK22: =SUMIF(E22:E22, ">=70") / 4 +SUMIF(G22:G22, ">=70") / 4 +SUMIF(I22:I22, ">=70") / 4 +SUMIF(K22:K22, ">=70") / 4 + SUMIF(F22:F22, ">1") / 4 + SUMIF(H22:H22, ">1") / 4 + SUMIF(J22:J22, ">1") / 4 + SUMIF(L22:L22, ">1") / 4 -> 87 | AL22: =SUMIF(M22:M22, ">=70") / 4 +SUMIF(O22:O22, ">=70") / 4 +SUMIF(Q22:Q22, ">=70") / 4 +SUMIF(S22:S22, ">=70") / 4 + SUMIF(N22:N22, ">1") / 4 + SUMIF(P22:P22, ">1") / 4 + SUMIF(R22:R22, ">1") / 4 + SUMIF(T22:T22, ">1") / 4 -> 89 | AM22: =SUMIF(U22:U22, ">=70") / 4 +SUMIF(W22:W22, ">=70") / 4 +SUMIF(Y22:Y22, ">=70") / 4 +SUMIF(AA22:AA22, ">=70") / 4 + SUMIF(V22:V22, ">1") / 4 + SUMIF(X22:X22, ">1") / 4 + SUMIF(Z22:Z22, ">1") / 4 + SUMIF(AB22:AB22, ">1") / 4 -> 86 | AN22: =SUMIF(AC22:AC22, ">=65") / 4 +SUMIF(AE22:AE22, ">=65") / 4 +SUMIF(AG22:AG22, ">=65") / 4 +SUMIF(AI22:AI22, ">=65") / 4 + SUMIF(AD22:AD22, ">1") / 4 + SUMIF(AF22:AF22, ">1") / 4 + SUMIF(AH22:AH22, ">1") / 4 + SUMIF(AJ22:AJ22, ">1") / 4 -> 90 | AO22: =AVERAGE(AK22:AN22) -> 88 | AR22: =IF(AO22<70, AO22*0.5, "") | AT22: =AS22*50% -> 0 | AU22: =IF(AS22<>"", IF(AR22="","",AR22+AT22), "") | AV22: =IF(AU22 < 70, AR22*30%, "") | AX22: =AW22*70% -> 0 | AY22: =IF(AW22<>"", IF(AV22="", "", AV22+AX22), "") | AZ22: =IF(AND(AU22<70, AY22<70), AO22, "") | BB22: =IF(AW22<>"", IF(AY22>=70, AY22, IF(AZ22+BA22>=70, AZ22+BA22, "")), IF(AS22<>"", IF(AU22>=70, AU22, ""), IF(AO22>=70, AO22, ""))) -> 88 | BC22: =IF(AW22<>"", IF(AY22<70, IF(AZ22+BA22<70, AZ22+BA22, ""), ""), IF(AS22<>"", IF(AU22<70, AU22, ""), IF(AO22<70, AO22, ""))) | BE22: =SUM(E22+M22+U22+AC22)/4 -> 87 | BF22: =SUM(G22+O22+W22+AE22)/4 -> 89 | BG22: =SUM(I22+Q22+Y22+AG22)/4 -> 86 | BH22: =SUM(K22+S22+AA22+AI22)/4 -> 90 | BI22: =AVERAGE(BE22:BH22) -> 88
A23: 13 | B23: 1A-A-13 | C23: SALOMON MANUEL | D23: DE JESUS MANZUETA | E23: 85 | G23: 88 | I23: 86 | K23: 89 | M23: 89 | O23: 90 | Q23: 88 | S23: 89 | U23: 86 | W23: 87 | Y23: 85 | AA23: 86 | AC23: 88 | AE23: 91 | AG23: 89 | AI23: 92 | AK23: =SUMIF(E23:E23, ">=70") / 4 +SUMIF(G23:G23, ">=70") / 4 +SUMIF(I23:I23, ">=70") / 4 +SUMIF(K23:K23, ">=70") / 4 + SUMIF(F23:F23, ">1") / 4 + SUMIF(H23:H23, ">1") / 4 + SUMIF(J23:J23, ">1") / 4 + SUMIF(L23:L23, ">1") / 4 -> 87 | AL23: =SUMIF(M23:M23, ">=70") / 4 +SUMIF(O23:O23, ">=70") / 4 +SUMIF(Q23:Q23, ">=70") / 4 +SUMIF(S23:S23, ">=70") / 4 + SUMIF(N23:N23, ">1") / 4 + SUMIF(P23:P23, ">1") / 4 + SUMIF(R23:R23, ">1") / 4 + SUMIF(T23:T23, ">1") / 4 -> 89 | AM23: =SUMIF(U23:U23, ">=70") / 4 +SUMIF(W23:W23, ">=70") / 4 +SUMIF(Y23:Y23, ">=70") / 4 +SUMIF(AA23:AA23, ">=70") / 4 + SUMIF(V23:V23, ">1") / 4 + SUMIF(X23:X23, ">1") / 4 + SUMIF(Z23:Z23, ">1") / 4 + SUMIF(AB23:AB23, ">1") / 4 -> 86 | AN23: =SUMIF(AC23:AC23, ">=65") / 4 +SUMIF(AE23:AE23, ">=65") / 4 +SUMIF(AG23:AG23, ">=65") / 4 +SUMIF(AI23:AI23, ">=65") / 4 + SUMIF(AD23:AD23, ">1") / 4 + SUMIF(AF23:AF23, ">1") / 4 + SUMIF(AH23:AH23, ">1") / 4 + SUMIF(AJ23:AJ23, ">1") / 4 -> 90 | AO23: =AVERAGE(AK23:AN23) -> 88 | AR23: =IF(AO23<70, AO23*0.5, "") | AT23: =AS23*50% -> 0 | AU23: =IF(AS23<>"", IF(AR23="","",AR23+AT23), "") | AV23: =IF(AU23 < 70, AR23*30%, "") | AX23: =AW23*70% -> 0 | AY23: =IF(AW23<>"", IF(AV23="", "", AV23+AX23), "") | AZ23: =IF(AND(AU23<70, AY23<70), AO23, "") | BB23: =IF(AW23<>"", IF(AY23>=70, AY23, IF(AZ23+BA23>=70, AZ23+BA23, "")), IF(AS23<>"", IF(AU23>=70, AU23, ""), IF(AO23>=70, AO23, ""))) -> 88 | BC23: =IF(AW23<>"", IF(AY23<70, IF(AZ23+BA23<70, AZ23+BA23, ""), ""), IF(AS23<>"", IF(AU23<70, AU23, ""), IF(AO23<70, AO23, ""))) | BE23: =SUM(E23+M23+U23+AC23)/4 -> 87 | BF23: =SUM(G23+O23+W23+AE23)/4 -> 89 | BG23: =SUM(I23+Q23+Y23+AG23)/4 -> 87 | BH23: =SUM(K23+S23+AA23+AI23)/4 -> 89 | BI23: =AVERAGE(BE23:BH23) -> 88
... A25: 15 | B25: 1A-A-15 | C25: MIGUEL ANTONIO | D25: DE LOS SANTOS MARTINEZ | E25: 75 | G25: 78 | I25: 77 | K25: 74 | M25: 77 | O25: 82 | Q25: 83 | S25: 78 | U25: 84 | W25: 79 | Y25: 82 | AA25: 87 | AC25: 78 | AE25: 81 | AG25: 84 | AI25: 81 | AK25: =SUMIF(E25:E25, ">=70") / 4 +SUMIF(G25:G25, ">=70") / 4 +SUMIF(I25:I25, ">=70") / 4 +SUMIF(K25:K25, ">=70") / 4 + SUMIF(F25:F25, ">1") / 4 + SUMIF(H25:H25, ">1") / 4 + SUMIF(J25:J25, ">1") / 4 + SUMIF(L25:L25, ">1") / 4 -> 76 | AL25: =SUMIF(M25:M25, ">=70") / 4 +SUMIF(O25:O25, ">=70") / 4 +SUMIF(Q25:Q25, ">=70") / 4 +SUMIF(S25:S25, ">=70") / 4 + SUMIF(N25:N25, ">1") / 4 + SUMIF(P25:P25, ">1") / 4 + SUMIF(R25:R25, ">1") / 4 + SUMIF(T25:T25, ">1") / 4 -> 80 | AM25: =SUMIF(U25:U25, ">=70") / 4 +SUMIF(W25:W25, ">=70") / 4 +SUMIF(Y25:Y25, ">=70") / 4 +SUMIF(AA25:AA25, ">=70") / 4 + SUMIF(V25:V25, ">1") / 4 + SUMIF(X25:X25, ">1") / 4 + SUMIF(Z25:Z25, ">1") / 4 + SUMIF(AB25:AB25, ">1") / 4 -> 83 | AN25: =SUMIF(AC25:AC25, ">=65") / 4 +SUMIF(AE25:AE25, ">=65") / 4 +SUMIF(AG25:AG25, ">=65") / 4 +SUMIF(AI25:AI25, ">=65") / 4 + SUMIF(AD25:AD25, ">1") / 4 + SUMIF(AF25:AF25, ">1") / 4 + SUMIF(AH25:AH25, ">1") / 4 + SUMIF(AJ25:AJ25, ">1") / 4 -> 81 | AO25: =AVERAGE(AK25:AN25) -> 80 | AR25: =IF(AO25<70, AO25*0.5, "") | AT25: =AS25*50% -> 0 | AU25: =IF(AS25<>"", IF(AR25="","",AR25+AT25), "") | AV25: =IF(AU25 < 70, AR25*30%, "") | AX25: =AW25*70% -> 0 | AY25: =IF(AW25<>"", IF(AV25="", "", AV25+AX25), "") | AZ25: =IF(AND(AU25<70, AY25<70), AO25, "") | BB25: =IF(AW25<>"", IF(AY25>=70, AY25, IF(AZ25+BA25>=70, AZ25+BA25, "")), IF(AS25<>"", IF(AU25>=70, AU25, ""), IF(AO25>=70, AO25, ""))) -> 80 | BC25: =IF(AW25<>"", IF(AY25<70, IF(AZ25+BA25<70, AZ25+BA25, ""), ""), IF(AS25<>"", IF(AU25<70, AU25, ""), IF(AO25<70, AO25, ""))) | BE25: =SUM(E25+M25+U25+AC25)/4 -> 78.5 | BF25: =SUM(G25+O25+W25+AE25)/4 -> 80 | BG25: =SUM(I25+Q25+Y25+AG25)/4 -> 81.5 | BH25: =SUM(K25+S25+AA25+AI25)/4 -> 80 | BI25: =AVERAGE(BE25:BH25) -> 80
A26: 16 | B26: 1A-A-16 | C26: HERIDANIA | D26: DE MORA | E26: 78 | G26: 80 | I26: 60 | J26: 70 | K26: 60 | L26: 70 | M26: 77 | O26: 78 | Q26: 60 | R26: 60 | S26: 60 | T26: 60 | U26: 80 | W26: 79 | Y26: 60 | Z26: 60 | AA26: 60 | AB26: 60 | AC26: 76 | AE26: 80 | AG26: 60 | AH26: 60 | AI26: 60 | AJ26: 60 | AK26: =SUMIF(E26:E26, ">=70") / 4 +SUMIF(G26:G26, ">=70") / 4 +SUMIF(I26:I26, ">=70") / 4 +SUMIF(K26:K26, ">=70") / 4 + SUMIF(F26:F26, ">1") / 4 + SUMIF(H26:H26, ">1") / 4 + SUMIF(J26:J26, ">1") / 4 + SUMIF(L26:L26, ">1") / 4 -> 74.5 | AL26: =SUMIF(M26:M26, ">=70") / 4 +SUMIF(O26:O26, ">=70") / 4 +SUMIF(Q26:Q26, ">=70") / 4 +SUMIF(S26:S26, ">=70") / 4 + SUMIF(N26:N26, ">1") / 4 + SUMIF(P26:P26, ">1") / 4 + SUMIF(R26:R26, ">1") / 4 + SUMIF(T26:T26, ">1") / 4 -> 68.75 | AM26: =SUMIF(U26:U26, ">=70") / 4 +SUMIF(W26:W26, ">=70") / 4 +SUMIF(Y26:Y26, ">=70") / 4 +SUMIF(AA26:AA26, ">=70") / 4 + SUMIF(V26:V26, ">1") / 4 + SUMIF(X26:X26, ">1") / 4 + SUMIF(Z26:Z26, ">1") / 4 + SUMIF(AB26:AB26, ">1") / 4 -> 69.75 | AN26: =SUMIF(AC26:AC26, ">=65") / 4 +SUMIF(AE26:AE26, ">=65") / 4 +SUMIF(AG26:AG26, ">=65") / 4 +SUMIF(AI26:AI26, ">=65") / 4 + SUMIF(AD26:AD26, ">1") / 4 + SUMIF(AF26:AF26, ">1") / 4 + SUMIF(AH26:AH26, ">1") / 4 + SUMIF(AJ26:AJ26, ">1") / 4 -> 69 | AO26: =AVERAGE(AK26:AN26) -> 70.5 | AR26: =IF(AO26<70, AO26*0.5, "") | AT26: =AS26*50% -> 0 | AU26: =IF(AS26<>"", IF(AR26="","",AR26+AT26), "") | AV26: =IF(AU26 < 70, AR26*30%, "") | AX26: =AW26*70% -> 0 | AY26: =IF(AW26<>"", IF(AV26="", "", AV26+AX26), "") | AZ26: =IF(AND(AU26<70, AY26<70), AO26, "") | BB26: =IF(AW26<>"", IF(AY26>=70, AY26, IF(AZ26+BA26>=70, AZ26+BA26, "")), IF(AS26<>"", IF(AU26>=70, AU26, ""), IF(AO26>=70, AO26, ""))) -> 70.5 | BC26: =IF(AW26<>"", IF(AY26<70, IF(AZ26+BA26<70, AZ26+BA26, ""), ""), IF(AS26<>"", IF(AU26<70, AU26, ""), IF(AO26<70, AO26, ""))) | BE26: =SUM(E26+M26+U26+AC26)/4 -> 77.75 | BF26: =SUM(G26+O26+W26+AE26)/4 -> 79.25 | BG26: =SUM(I26+Q26+Y26+AG26)/4 -> 60 | BH26: =SUM(K26+S26+AA26+AI26)/4 -> 60 | BI26: =AVERAGE(BE26:BH26) -> 69.25
A27: 17 | B27: 1A-A-17 | C27: EMILEISY | D27: DE OLEO DE JESUS | E27: 88 | G27: 89 | I27: 80 | K27: 80 | M27: 85 | O27: 82 | Q27: 78 | S27: 78 | U27: 88 | W27: 80 | Y27: 78 | AA27: 80 | AC27: 87 | AE27: 89 | AG27: 78 | AI27: 80 | AK27: =SUMIF(E27:E27, ">=70") / 4 +SUMIF(G27:G27, ">=70") / 4 +SUMIF(I27:I27, ">=70") / 4 +SUMIF(K27:K27, ">=70") / 4 + SUMIF(F27:F27, ">1") / 4 + SUMIF(H27:H27, ">1") / 4 + SUMIF(J27:J27, ">1") / 4 + SUMIF(L27:L27, ">1") / 4 -> 84.25 | AL27: =SUMIF(M27:M27, ">=70") / 4 +SUMIF(O27:O27, ">=70") / 4 +SUMIF(Q27:Q27, ">=70") / 4 +SUMIF(S27:S27, ">=70") / 4 + SUMIF(N27:N27, ">1") / 4 + SUMIF(P27:P27, ">1") / 4 + SUMIF(R27:R27, ">1") / 4 + SUMIF(T27:T27, ">1") / 4 -> 80.75 | AM27: =SUMIF(U27:U27, ">=70") / 4 +SUMIF(W27:W27, ">=70") / 4 +SUMIF(Y27:Y27, ">=70") / 4 +SUMIF(AA27:AA27, ">=70") / 4 + SUMIF(V27:V27, ">1") / 4 + SUMIF(X27:X27, ">1") / 4 + SUMIF(Z27:Z27, ">1") / 4 + SUMIF(AB27:AB27, ">1") / 4 -> 81.5 | AN27: =SUMIF(AC27:AC27, ">=65") / 4 +SUMIF(AE27:AE27, ">=65") / 4 +SUMIF(AG27:AG27, ">=65") / 4 +SUMIF(AI27:AI27, ">=65") / 4 + SUMIF(AD27:AD27, ">1") / 4 + SUMIF(AF27:AF27, ">1") / 4 + SUMIF(AH27:AH27, ">1") / 4 + SUMIF(AJ27:AJ27, ">1") / 4 -> 83.5 | AO27: =AVERAGE(AK27:AN27) -> 82.5 | AR27: =IF(AO27<70, AO27*0.5, "") | AT27: =AS27*50% -> 0 | AU27: =IF(AS27<>"", IF(AR27="","",AR27+AT27), "") | AV27: =IF(AU27 < 70, AR27*30%, "") | AX27: =AW27*70% -> 0 | AY27: =IF(AW27<>"", IF(AV27="", "", AV27+AX27), "") | AZ27: =IF(AND(AU27<70, AY27<70), AO27, "") | BB27: =IF(AW27<>"", IF(AY27>=70, AY27, IF(AZ27+BA27>=70, AZ27+BA27, "")), IF(AS27<>"", IF(AU27>=70, AU27, ""), IF(AO27>=70, AO27, ""))) -> 82.5 | BC27: =IF(AW27<>"", IF(AY27<70, IF(AZ27+BA27<70, AZ27+BA27, ""), ""), IF(AS27<>"", IF(AU27<70, AU27, ""), IF(AO27<70, AO27, ""))) | BE27: =SUM(E27+M27+U27+AC27)/4 -> 87 | BF27: =SUM(G27+O27+W27+AE27)/4 -> 85 | BG27: =SUM(I27+Q27+Y27+AG27)/4 -> 78.5 | BH27: =SUM(K27+S27+AA27+AI27)/4 -> 79.5 | BI27: =AVERAGE(BE27:BH27) -> 82.5
A28: 18 | B28: 1A-A-18 | C28: CRISTOPHER | D28: DE PAULA CHARLES | I28: 70 | K28: 70 | AK28: =SUMIF(E28:E28, ">=70") / 4 +SUMIF(G28:G28, ">=70") / 4 +SUMIF(I28:I28, ">=70") / 4 +SUMIF(K28:K28, ">=70") / 4 + SUMIF(F28:F28, ">1") / 4 + SUMIF(H28:H28, ">1") / 4 + SUMIF(J28:J28, ">1") / 4 + SUMIF(L28:L28, ">1") / 4 -> 35 | AL28: =SUMIF(M28:M28, ">=70") / 4 +SUMIF(O28:O28, ">=70") / 4 +SUMIF(Q28:Q28, ">=70") / 4 +SUMIF(S28:S28, ">=70") / 4 + SUMIF(N28:N28, ">1") / 4 + SUMIF(P28:P28, ">1") / 4 + SUMIF(R28:R28, ">1") / 4 + SUMIF(T28:T28, ">1") / 4 -> 0 | AM28: =SUMIF(U28:U28, ">=70") / 4 +SUMIF(W28:W28, ">=70") / 4 +SUMIF(Y28:Y28, ">=70") / 4 +SUMIF(AA28:AA28, ">=70") / 4 + SUMIF(V28:V28, ">1") / 4 + SUMIF(X28:X28, ">1") / 4 + SUMIF(Z28:Z28, ">1") / 4 + SUMIF(AB28:AB28, ">1") / 4 -> 0 | AN28: =SUMIF(AC28:AC28, ">=65") / 4 +SUMIF(AE28:AE28, ">=65") / 4 +SUMIF(AG28:AG28, ">=65") / 4 +SUMIF(AI28:AI28, ">=65") / 4 + SUMIF(AD28:AD28, ">1") / 4 + SUMIF(AF28:AF28, ">1") / 4 + SUMIF(AH28:AH28, ">1") / 4 + SUMIF(AJ28:AJ28, ">1") / 4 -> 0 | AO28: =AVERAGE(AK28:AN28) -> 8.75 | AR28: =IF(AO28<70, AO28*0.5, "") -> 4.375 | AT28: =AS28*50% -> 0 | AU28: =IF(AS28<>"", IF(AR28="","",AR28+AT28), "") | AV28: =IF(AU28 < 70, AR28*30%, "") | AX28: =AW28*70% -> 0 | AY28: =IF(AW28<>"", IF(AV28="", "", AV28+AX28), "") | AZ28: =IF(AND(AU28<70, AY28<70), AO28, "") | BB28: =IF(AW28<>"", IF(AY28>=70, AY28, IF(AZ28+BA28>=70, AZ28+BA28, "")), IF(AS28<>"", IF(AU28>=70, AU28, ""), IF(AO28>=70, AO28, ""))) | BC28: =IF(AW28<>"", IF(AY28<70, IF(AZ28+BA28<70, AZ28+BA28, ""), ""), IF(AS28<>"", IF(AU28<70, AU28, ""), IF(AO28<70, AO28, ""))) -> 8.75 | BE28: =SUM(E28+M28+U28+AC28)/4 -> 0 | BF28: =SUM(G28+O28+W28+AE28)/4 -> 0 | BG28: =SUM(I28+Q28+Y28+AG28)/4 -> 17.5 | BH28: =SUM(K28+S28+AA28+AI28)/4 -> 17.5 | BI28: =AVERAGE(BE28:BH28) -> 8.75
A29: 19 | B29: 1A-A-19 | C29: JOSE MIGUEL | D29: DEL JESUS MATOS | AK29: =SUMIF(E29:E29, ">=70") / 4 +SUMIF(G29:G29, ">=70") / 4 +SUMIF(I29:I29, ">=70") / 4 +SUMIF(K29:K29, ">=70") / 4 + SUMIF(F29:F29, ">1") / 4 + SUMIF(H29:H29, ">1") / 4 + SUMIF(J29:J29, ">1") / 4 + SUMIF(L29:L29, ">1") / 4 -> 0 | AL29: =SUMIF(M29:M29, ">=70") / 4 +SUMIF(O29:O29, ">=70") / 4 +SUMIF(Q29:Q29, ">=70") / 4 +SUMIF(S29:S29, ">=70") / 4 + SUMIF(N29:N29, ">1") / 4 + SUMIF(P29:P29, ">1") / 4 + SUMIF(R29:R29, ">1") / 4 + SUMIF(T29:T29, ">1") / 4 -> 0 | AM29: =SUMIF(U29:U29, ">=70") / 4 +SUMIF(W29:W29, ">=70") / 4 +SUMIF(Y29:Y29, ">=70") / 4 +SUMIF(AA29:AA29, ">=70") / 4 + SUMIF(V29:V29, ">1") / 4 + SUMIF(X29:X29, ">1") / 4 + SUMIF(Z29:Z29, ">1") / 4 + SUMIF(AB29:AB29, ">1") / 4 -> 0 | AN29: =SUMIF(AC29:AC29, ">=65") / 4 +SUMIF(AE29:AE29, ">=65") / 4 +SUMIF(AG29:AG29, ">=65") / 4 +SUMIF(AI29:AI29, ">=65") / 4 + SUMIF(AD29:AD29, ">1") / 4 + SUMIF(AF29:AF29, ">1") / 4 + SUMIF(AH29:AH29, ">1") / 4 + SUMIF(AJ29:AJ29, ">1") / 4 -> 0 | AO29: =AVERAGE(AK29:AN29) -> 0 | AR29: =IF(AO29<70, AO29*0.5, "") -> 0 | AT29: =AS29*50% -> 0 | AU29: =IF(AS29<>"", IF(AR29="","",AR29+AT29), "") | AV29: =IF(AU29 < 70, AR29*30%, "") | AX29: =AW29*70% -> 0 | AY29: =IF(AW29<>"", IF(AV29="", "", AV29+AX29), "") | AZ29: =IF(AND(AU29<70, AY29<70), AO29, "") | BB29: =IF(AW29<>"", IF(AY29>=70, AY29, IF(AZ29+BA29>=70, AZ29+BA29, "")), IF(AS29<>"", IF(AU29>=70, AU29, ""), IF(AO29>=70, AO29, ""))) | BC29: =IF(AW29<>"", IF(AY29<70, IF(AZ29+BA29<70, AZ29+BA29, ""), ""), IF(AS29<>"", IF(AU29<70, AU29, ""), IF(AO29<70, AO29, ""))) -> 0 | BE29: =SUM(E29+M29+U29+AC29)/4 -> 0 | BF29: =SUM(G29+O29+W29+AE29)/4 -> 0 | BG29: =SUM(I29+Q29+Y29+AG29)/4 -> 0 | BH29: =SUM(K29+S29+AA29+AI29)/4 -> 0 | BI29: =AVERAGE(BE29:BH29) -> 0
A30: 20 | B30: 1A-A-20 | C30: ROOSLEY | D30: DEROMME | E30: 60 | F30: 70 | G30: 50 | H30: 68 | I30: 70 | K30: 70 | M30: 65 | N30: 72 | O30: 65 | P30: 70 | Q30: 60 | R30: 65 | S30: 60 | T30: 72 | U30: 60 | V30: 70 | W30: 70 | Y30: 70 | AA30: 60 | AB30: 72 | AC30: 60 | AD30: 71 | AE30: 50 | AF30: 65 | AG30: 70 | AI30: 70 | AK30: =SUMIF(E30:E30, ">=70") / 4 +SUMIF(G30:G30, ">=70") / 4 +SUMIF(I30:I30, ">=70") / 4 +SUMIF(K30:K30, ">=70") / 4 + SUMIF(F30:F30, ">1") / 4 + SUMIF(H30:H30, ">1") / 4 + SUMIF(J30:J30, ">1") / 4 + SUMIF(L30:L30, ">1") / 4 -> 69.5 | AL30: =SUMIF(M30:M30, ">=70") / 4 +SUMIF(O30:O30, ">=70") / 4 +SUMIF(Q30:Q30, ">=70") / 4 +SUMIF(S30:S30, ">=70") / 4 + SUMIF(N30:N30, ">1") / 4 + SUMIF(P30:P30, ">1") / 4 + SUMIF(R30:R30, ">1") / 4 + SUMIF(T30:T30, ">1") / 4 -> 69.75 | AM30: =SUMIF(U30:U30, ">=70") / 4 +SUMIF(W30:W30, ">=70") / 4 +SUMIF(Y30:Y30, ">=70") / 4 +SUMIF(AA30:AA30, ">=70") / 4 + SUMIF(V30:V30, ">1") / 4 + SUMIF(X30:X30, ">1") / 4 + SUMIF(Z30:Z30, ">1") / 4 + SUMIF(AB30:AB30, ">1") / 4 -> 70.5 | AN30: =SUMIF(AC30:AC30, ">=65") / 4 +SUMIF(AE30:AE30, ">=65") / 4 +SUMIF(AG30:AG30, ">=65") / 4 +SUMIF(AI30:AI30, ">=65") / 4 + SUMIF(AD30:AD30, ">1") / 4 + SUMIF(AF30:AF30, ">1") / 4 + SUMIF(AH30:AH30, ">1") / 4 + SUMIF(AJ30:AJ30, ">1") / 4 -> 69 | AO30: =AVERAGE(AK30:AN30) -> 69.6875 | AR30: =IF(AO30<70, AO30*0.5, "") -> 34.84375 | AT30: =AS30*50% -> 0 | AU30: =IF(AS30<>"", IF(AR30="","",AR30+AT30), "") | AV30: =IF(AU30 < 70, AR30*30%, "") | AX30: =AW30*70% -> 0 | AY30: =IF(AW30<>"", IF(AV30="", "", AV30+AX30), "") | AZ30: =IF(AND(AU30<70, AY30<70), AO30, "") | BB30: =IF(AW30<>"", IF(AY30>=70, AY30, IF(AZ30+BA30>=70, AZ30+BA30, "")), IF(AS30<>"", IF(AU30>=70, AU30, ""), IF(AO30>=70, AO30, ""))) | BC30: =IF(AW30<>"", IF(AY30<70, IF(AZ30+BA30<70, AZ30+BA30, ""), ""), IF(AS30<>"", IF(AU30<70, AU30, ""), IF(AO30<70, AO30, ""))) -> 69.6875 | BE30: =SUM(E30+M30+U30+AC30)/4 -> 61.25 | BF30: =SUM(G30+O30+W30+AE30)/4 -> 58.75 | BG30: =SUM(I30+Q30+Y30+AG30)/4 -> 67.5 | BH30: =SUM(K30+S30+AA30+AI30)/4 -> 65 | BI30: =AVERAGE(BE30:BH30) -> 63.125
A31: 21 | B31: 1A-A-21 | C31: MERLINA | D31: DESILIS | E31: 78 | G31: 88 | I31: 90 | K31: 90 | M31: 79 | O31: 83 | Q31: 88 | S31: 88 | U31: 80 | W31: 80 | Y31: 88 | AA31: 85 | AC31: 80 | AE31: 88 | AG31: 88 | AI31: 90 | AK31: =SUMIF(E31:E31, ">=70") / 4 +SUMIF(G31:G31, ">=70") / 4 +SUMIF(I31:I31, ">=70") / 4 +SUMIF(K31:K31, ">=70") / 4 + SUMIF(F31:F31, ">1") / 4 + SUMIF(H31:H31, ">1") / 4 + SUMIF(J31:J31, ">1") / 4 + SUMIF(L31:L31, ">1") / 4 -> 86.5 | AL31: =SUMIF(M31:M31, ">=70") / 4 +SUMIF(O31:O31, ">=70") / 4 +SUMIF(Q31:Q31, ">=70") / 4 +SUMIF(S31:S31, ">=70") / 4 + SUMIF(N31:N31, ">1") / 4 + SUMIF(P31:P31, ">1") / 4 + SUMIF(R31:R31, ">1") / 4 + SUMIF(T31:T31, ">1") / 4 -> 84.5 | AM31: =SUMIF(U31:U31, ">=70") / 4 +SUMIF(W31:W31, ">=70") / 4 +SUMIF(Y31:Y31, ">=70") / 4 +SUMIF(AA31:AA31, ">=70") / 4 + SUMIF(V31:V31, ">1") / 4 + SUMIF(X31:X31, ">1") / 4 + SUMIF(Z31:Z31, ">1") / 4 + SUMIF(AB31:AB31, ">1") / 4 -> 83.25 | AN31: =SUMIF(AC31:AC31, ">=65") / 4 +SUMIF(AE31:AE31, ">=65") / 4 +SUMIF(AG31:AG31, ">=65") / 4 +SUMIF(AI31:AI31, ">=65") / 4 + SUMIF(AD31:AD31, ">1") / 4 + SUMIF(AF31:AF31, ">1") / 4 + SUMIF(AH31:AH31, ">1") / 4 + SUMIF(AJ31:AJ31, ">1") / 4 -> 86.5 | AO31: =AVERAGE(AK31:AN31) -> 85.1875 | AR31: =IF(AO31<70, AO31*0.5, "") | AT31: =AS31*50% -> 0 | AU31: =IF(AS31<>"", IF(AR31="","",AR31+AT31), "") | AV31: =IF(AU31 < 70, AR31*30%, "") | AX31: =AW31*70% -> 0 | AY31: =IF(AW31<>"", IF(AV31="", "", AV31+AX31), "") | AZ31: =IF(AND(AU31<70, AY31<70), AO31, "") | BB31: =IF(AW31<>"", IF(AY31>=70, AY31, IF(AZ31+BA31>=70, AZ31+BA31, "")), IF(AS31<>"", IF(AU31>=70, AU31, ""), IF(AO31>=70, AO31, ""))) -> 85.1875 | BC31: =IF(AW31<>"", IF(AY31<70, IF(AZ31+BA31<70, AZ31+BA31, ""), ""), IF(AS31<>"", IF(AU31<70, AU31, ""), IF(AO31<70, AO31, ""))) | BE31: =SUM(E31+M31+U31+AC31)/4 -> 79.25 | BF31: =SUM(G31+O31+W31+AE31)/4 -> 84.75 | BG31: =SUM(I31+Q31+Y31+AG31)/4 -> 88.5 | BH31: =SUM(K31+S31+AA31+AI31)/4 -> 88.25 | BI31: =AVERAGE(BE31:BH31) -> 85.1875
A32: 22 | B32: 1A-A-22 | C32: FELIX ANTONIO | D32: ENCARNACION | AK32: =SUMIF(E32:E32, ">=70") / 4 +SUMIF(G32:G32, ">=70") / 4 +SUMIF(I32:I32, ">=70") / 4 +SUMIF(K32:K32, ">=70") / 4 + SUMIF(F32:F32, ">1") / 4 + SUMIF(H32:H32, ">1") / 4 + SUMIF(J32:J32, ">1") / 4 + SUMIF(L32:L32, ">1") / 4 -> 0 | AL32: =SUMIF(M32:M32, ">=70") / 4 +SUMIF(O32:O32, ">=70") / 4 +SUMIF(Q32:Q32, ">=70") / 4 +SUMIF(S32:S32, ">=70") / 4 + SUMIF(N32:N32, ">1") / 4 + SUMIF(P32:P32, ">1") / 4 + SUMIF(R32:R32, ">1") / 4 + SUMIF(T32:T32, ">1") / 4 -> 0 | AM32: =SUMIF(U32:U32, ">=70") / 4 +SUMIF(W32:W32, ">=70") / 4 +SUMIF(Y32:Y32, ">=70") / 4 +SUMIF(AA32:AA32, ">=70") / 4 + SUMIF(V32:V32, ">1") / 4 + SUMIF(X32:X32, ">1") / 4 + SUMIF(Z32:Z32, ">1") / 4 + SUMIF(AB32:AB32, ">1") / 4 -> 0 | AN32: =SUMIF(AC32:AC32, ">=65") / 4 +SUMIF(AE32:AE32, ">=65") / 4 +SUMIF(AG32:AG32, ">=65") / 4 +SUMIF(AI32:AI32, ">=65") / 4 + SUMIF(AD32:AD32, ">1") / 4 + SUMIF(AF32:AF32, ">1") / 4 + SUMIF(AH32:AH32, ">1") / 4 + SUMIF(AJ32:AJ32, ">1") / 4 -> 0 | AO32: =AVERAGE(AK32:AN32) -> 0 | AR32: =IF(AO32<70, AO32*0.5, "") -> 0 | AT32: =AS32*50% -> 0 | AU32: =IF(AS32<>"", IF(AR32="","",AR32+AT32), "") | AV32: =IF(AU32 < 70, AR32*30%, "") | AX32: =AW32*70% -> 0 | AY32: =IF(AW32<>"", IF(AV32="", "", AV32+AX32), "") | AZ32: =IF(AND(AU32<70, AY32<70), AO32, "") | BB32: =IF(AW32<>"", IF(AY32>=70, AY32, IF(AZ32+BA32>=70, AZ32+BA32, "")), IF(AS32<>"", IF(AU32>=70, AU32, ""), IF(AO32>=70, AO32, ""))) | BC32: =IF(AW32<>"", IF(AY32<70, IF(AZ32+BA32<70, AZ32+BA32, ""), ""), IF(AS32<>"", IF(AU32<70, AU32, ""), IF(AO32<70, AO32, ""))) -> 0 | BE32: =SUM(E32+M32+U32+AC32)/4 -> 0 | BF32: =SUM(G32+O32+W32+AE32)/4 -> 0 | BG32: =SUM(I32+Q32+Y32+AG32)/4 -> 0 | BH32: =SUM(K32+S32+AA32+AI32)/4 -> 0 | BI32: =AVERAGE(BE32:BH32) -> 0
A33: 23 | B33: 1A-A-23 | C33: FRANDY | D33: ENCARNACION ROSARIO | E33: 60 | F33: 70 | G33: 63 | H33: 70 | I33: 78 | K33: 77 | M33: 70 | O33: 79 | Q33: 72 | S33: 71 | U33: 65 | V33: 70 | W33: 78 | Y33: 77 | AA33: 76 | AC33: 60 | AD33: 71 | AE33: 63 | AF33: 60 | AG33: 70 | AI33: 74 | AK33: =SUMIF(E33:E33, ">=70") / 4 +SUMIF(G33:G33, ">=70") / 4 +SUMIF(I33:I33, ">=70") / 4 +SUMIF(K33:K33, ">=70") / 4 + SUMIF(F33:F33, ">1") / 4 + SUMIF(H33:H33, ">1") / 4 + SUMIF(J33:J33, ">1") / 4 + SUMIF(L33:L33, ">1") / 4 -> 73.75 | AL33: =SUMIF(M33:M33, ">=70") / 4 +SUMIF(O33:O33, ">=70") / 4 +SUMIF(Q33:Q33, ">=70") / 4 +SUMIF(S33:S33, ">=70") / 4 + SUMIF(N33:N33, ">1") / 4 + SUMIF(P33:P33, ">1") / 4 + SUMIF(R33:R33, ">1") / 4 + SUMIF(T33:T33, ">1") / 4 -> 73 | AM33: =SUMIF(U33:U33, ">=70") / 4 +SUMIF(W33:W33, ">=70") / 4 +SUMIF(Y33:Y33, ">=70") / 4 +SUMIF(AA33:AA33, ">=70") / 4 + SUMIF(V33:V33, ">1") / 4 + SUMIF(X33:X33, ">1") / 4 + SUMIF(Z33:Z33, ">1") / 4 + SUMIF(AB33:AB33, ">1") / 4 -> 75.25 | AN33: =SUMIF(AC33:AC33, ">=65") / 4 +SUMIF(AE33:AE33, ">=65") / 4 +SUMIF(AG33:AG33, ">=65") / 4 +SUMIF(AI33:AI33, ">=65") / 4 + SUMIF(AD33:AD33, ">1") / 4 + SUMIF(AF33:AF33, ">1") / 4 + SUMIF(AH33:AH33, ">1") / 4 + SUMIF(AJ33:AJ33, ">1") / 4 -> 68.75 | AO33: =AVERAGE(AK33:AN33) -> 72.6875 | AR33: =IF(AO33<70, AO33*0.5, "") | AT33: =AS33*50% -> 0 | AU33: =IF(AS33<>"", IF(AR33="","",AR33+AT33), "") | AV33: =IF(AU33 < 70, AR33*30%, "") | AX33: =AW33*70% -> 0 | AY33: =IF(AW33<>"", IF(AV33="", "", AV33+AX33), "") | AZ33: =IF(AND(AU33<70, AY33<70), AO33, "") | BB33: =IF(AW33<>"", IF(AY33>=70, AY33, IF(AZ33+BA33>=70, AZ33+BA33, "")), IF(AS33<>"", IF(AU33>=70, AU33, ""), IF(AO33>=70, AO33, ""))) -> 72.6875 | BC33: =IF(AW33<>"", IF(AY33<70, IF(AZ33+BA33<70, AZ33+BA33, ""), ""), IF(AS33<>"", IF(AU33<70, AU33, ""), IF(AO33<70, AO33, ""))) | BE33: =SUM(E33+M33+U33+AC33)/4 -> 63.75 | BF33: =SUM(G33+O33+W33+AE33)/4 -> 70.75 | BG33: =SUM(I33+Q33+Y33+AG33)/4 -> 74.25 | BH33: =SUM(K33+S33+AA33+AI33)/4 -> 74.5 | BI33: =AVERAGE(BE33:BH33) -> 70.8125
A34: 24 | B34: 1A-A-24 | C34: BRYAN | D34: FERRAND PINALES | I34: 78 | K34: 79 | AK34: =SUMIF(E34:E34, ">=70") / 4 +SUMIF(G34:G34, ">=70") / 4 +SUMIF(I34:I34, ">=70") / 4 +SUMIF(K34:K34, ">=70") / 4 + SUMIF(F34:F34, ">1") / 4 + SUMIF(H34:H34, ">1") / 4 + SUMIF(J34:J34, ">1") / 4 + SUMIF(L34:L34, ">1") / 4 -> 39.25 | AL34: =SUMIF(M34:M34, ">=70") / 4 +SUMIF(O34:O34, ">=70") / 4 +SUMIF(Q34:Q34, ">=70") / 4 +SUMIF(S34:S34, ">=70") / 4 + SUMIF(N34:N34, ">1") / 4 + SUMIF(P34:P34, ">1") / 4 + SUMIF(R34:R34, ">1") / 4 + SUMIF(T34:T34, ">1") / 4 -> 0 | AM34: =SUMIF(U34:U34, ">=70") / 4 +SUMIF(W34:W34, ">=70") / 4 +SUMIF(Y34:Y34, ">=70") / 4 +SUMIF(AA34:AA34, ">=70") / 4 + SUMIF(V34:V34, ">1") / 4 + SUMIF(X34:X34, ">1") / 4 + SUMIF(Z34:Z34, ">1") / 4 + SUMIF(AB34:AB34, ">1") / 4 -> 0 | AN34: =SUMIF(AC34:AC34, ">=65") / 4 +SUMIF(AE34:AE34, ">=65") / 4 +SUMIF(AG34:AG34, ">=65") / 4 +SUMIF(AI34:AI34, ">=65") / 4 + SUMIF(AD34:AD34, ">1") / 4 + SUMIF(AF34:AF34, ">1") / 4 + SUMIF(AH34:AH34, ">1") / 4 + SUMIF(AJ34:AJ34, ">1") / 4 -> 0 | AO34: =AVERAGE(AK34:AN34) -> 9.8125 | AR34: =IF(AO34<70, AO34*0.5, "") -> 4.90625 | AT34: =AS34*50% -> 0 | AU34: =IF(AS34<>"", IF(AR34="","",AR34+AT34), "") | AV34: =IF(AU34 < 70, AR34*30%, "") | AX34: =AW34*70% -> 0 | AY34: =IF(AW34<>"", IF(AV34="", "", AV34+AX34), "") | AZ34: =IF(AND(AU34<70, AY34<70), AO34, "") | BB34: =IF(AW34<>"", IF(AY34>=70, AY34, IF(AZ34+BA34>=70, AZ34+BA34, "")), IF(AS34<>"", IF(AU34>=70, AU34, ""), IF(AO34>=70, AO34, ""))) | BC34: =IF(AW34<>"", IF(AY34<70, IF(AZ34+BA34<70, AZ34+BA34, ""), ""), IF(AS34<>"", IF(AU34<70, AU34, ""), IF(AO34<70, AO34, ""))) -> 9.8125 | BE34: =SUM(E34+M34+U34+AC34)/4 -> 0 | BF34: =SUM(G34+O34+W34+AE34)/4 -> 0 | BG34: =SUM(I34+Q34+Y34+AG34)/4 -> 19.5 | BH34: =SUM(K34+S34+AA34+AI34)/4 -> 19.75 | BI34: =AVERAGE(BE34:BH34) -> 9.8125
A35: 25 | B35: 1A-A-25 | C35: OLIVERO | D35: GABRIEL | E35: 60 | F35: 70 | G35: 60 | H35: 65 | I35: 60 | J35: 68 | K35: 60 | L35: 67 | M35: 78 | O35: 60 | P35: 65 | Q35: 70 | S35: 70 | U35: 72 | W35: 60 | X35: 65 | Y35: 60 | Z35: 68 | AA35: 60 | AB35: 60 | AC35: 70 | AE35: 60 | AF35: 70 | AG35: 60 | AH35: 65 | AI35: 60 | AJ35: 68 | AK35: =SUMIF(E35:E35, ">=70") / 4 +SUMIF(G35:G35, ">=70") / 4 +SUMIF(I35:I35, ">=70") / 4 +SUMIF(K35:K35, ">=70") / 4 + SUMIF(F35:F35, ">1") / 4 + SUMIF(H35:H35, ">1") / 4 + SUMIF(J35:J35, ">1") / 4 + SUMIF(L35:L35, ">1") / 4 -> 67.5 | AL35: =SUMIF(M35:M35, ">=70") / 4 +SUMIF(O35:O35, ">=70") / 4 +SUMIF(Q35:Q35, ">=70") / 4 +SUMIF(S35:S35, ">=70") / 4 + SUMIF(N35:N35, ">1") / 4 + SUMIF(P35:P35, ">1") / 4 + SUMIF(R35:R35, ">1") / 4 + SUMIF(T35:T35, ">1") / 4 -> 70.75 | AM35: =SUMIF(U35:U35, ">=70") / 4 +SUMIF(W35:W35, ">=70") / 4 +SUMIF(Y35:Y35, ">=70") / 4 +SUMIF(AA35:AA35, ">=70") / 4 + SUMIF(V35:V35, ">1") / 4 + SUMIF(X35:X35, ">1") / 4 + SUMIF(Z35:Z35, ">1") / 4 + SUMIF(AB35:AB35, ">1") / 4 -> 66.25 | AN35: =SUMIF(AC35:AC35, ">=65") / 4 +SUMIF(AE35:AE35, ">=65") / 4 +SUMIF(AG35:AG35, ">=65") / 4 +SUMIF(AI35:AI35, ">=65") / 4 + SUMIF(AD35:AD35, ">1") / 4 + SUMIF(AF35:AF35, ">1") / 4 + SUMIF(AH35:AH35, ">1") / 4 + SUMIF(AJ35:AJ35, ">1") / 4 -> 68.25 | AO35: =AVERAGE(AK35:AN35) -> 68.1875 | AR35: =IF(AO35<70, AO35*0.5, "") -> 34.09375 | AT35: =AS35*50% -> 0 | AU35: =IF(AS35<>"", IF(AR35="","",AR35+AT35), "") | AV35: =IF(AU35 < 70, AR35*30%, "") | AX35: =AW35*70% -> 0 | AY35: =IF(AW35<>"", IF(AV35="", "", AV35+AX35), "") | AZ35: =IF(AND(AU35<70, AY35<70), AO35, "") | BB35: =IF(AW35<>"", IF(AY35>=70, AY35, IF(AZ35+BA35>=70, AZ35+BA35, "")), IF(AS35<>"", IF(AU35>=70, AU35, ""), IF(AO35>=70, AO35, ""))) | BC35: =IF(AW35<>"", IF(AY35<70, IF(AZ35+BA35<70, AZ35+BA35, ""), ""), IF(AS35<>"", IF(AU35<70, AU35, ""), IF(AO35<70, AO35, ""))) -> 68.1875 | BE35: =SUM(E35+M35+U35+AC35)/4 -> 70 | BF35: =SUM(G35+O35+W35+AE35)/4 -> 60 | BG35: =SUM(I35+Q35+Y35+AG35)/4 -> 62.5 | BH35: =SUM(K35+S35+AA35+AI35)/4 -> 62.5 | BI35: =AVERAGE(BE35:BH35) -> 63.75
A36: 26 | B36: 1A-A-26 | C36: LUIS MANUEL | D36: HENRIQUEZ GARCIA | AK36: =SUMIF(E36:E36, ">=70") / 4 +SUMIF(G36:G36, ">=70") / 4 +SUMIF(I36:I36, ">=70") / 4 +SUMIF(K36:K36, ">=70") / 4 + SUMIF(F36:F36, ">1") / 4 + SUMIF(H36:H36, ">1") / 4 + SUMIF(J36:J36, ">1") / 4 + SUMIF(L36:L36, ">1") / 4 -> 0 | AL36: =SUMIF(M36:M36, ">=70") / 4 +SUMIF(O36:O36, ">=70") / 4 +SUMIF(Q36:Q36, ">=70") / 4 +SUMIF(S36:S36, ">=70") / 4 + SUMIF(N36:N36, ">1") / 4 + SUMIF(P36:P36, ">1") / 4 + SUMIF(R36:R36, ">1") / 4 + SUMIF(T36:T36, ">1") / 4 -> 0 | AM36: =SUMIF(U36:U36, ">=70") / 4 +SUMIF(W36:W36, ">=70") / 4 +SUMIF(Y36:Y36, ">=70") / 4 +SUMIF(AA36:AA36, ">=70") / 4 + SUMIF(V36:V36, ">1") / 4 + SUMIF(X36:X36, ">1") / 4 + SUMIF(Z36:Z36, ">1") / 4 + SUMIF(AB36:AB36, ">1") / 4 -> 0 | AN36: =SUMIF(AC36:AC36, ">=65") / 4 +SUMIF(AE36:AE36, ">=65") / 4 +SUMIF(AG36:AG36, ">=65") / 4 +SUMIF(AI36:AI36, ">=65") / 4 + SUMIF(AD36:AD36, ">1") / 4 + SUMIF(AF36:AF36, ">1") / 4 + SUMIF(AH36:AH36, ">1") / 4 + SUMIF(AJ36:AJ36, ">1") / 4 -> 0 | AO36: =AVERAGE(AK36:AN36) -> 0 | AR36: =IF(AO36<70, AO36*0.5, "") -> 0 | AT36: =AS36*50% -> 0 | AU36: =IF(AS36<>"", IF(AR36="","",AR36+AT36), "") | AV36: =IF(AU36 < 70, AR36*30%, "") | AX36: =AW36*70% -> 0 | AY36: =IF(AW36<>"", IF(AV36="", "", AV36+AX36), "") | AZ36: =IF(AND(AU36<70, AY36<70), AO36, "") | BB36: =IF(AW36<>"", IF(AY36>=70, AY36, IF(AZ36+BA36>=70, AZ36+BA36, "")), IF(AS36<>"", IF(AU36>=70, AU36, ""), IF(AO36>=70, AO36, ""))) | BC36: =IF(AW36<>"", IF(AY36<70, IF(AZ36+BA36<70, AZ36+BA36, ""), ""), IF(AS36<>"", IF(AU36<70, AU36, ""), IF(AO36<70, AO36, ""))) -> 0 | BE36: =SUM(E36+M36+U36+AC36)/4 -> 0 | BF36: =SUM(G36+O36+W36+AE36)/4 -> 0 | BG36: =SUM(I36+Q36+Y36+AG36)/4 -> 0 | BH36: =SUM(K36+S36+AA36+AI36)/4 -> 0 | BI36: =AVERAGE(BE36:BH36) -> 0
A37: 27 | B37: 1A-A-27 | C37: ANDY | D37: HERNANDEZ GARCIA | E37: 70 | G37: 70 | I37: 80 | K37: 80 | M37: 74 | O37: 70 | Q37: 70 | S37: 70 | U37: 75 | W37: 70 | Y37: 72 | AA37: 80 | AC37: 70 | AE37: 70 | AG37: 74 | AI37: 73 | AK37: =SUMIF(E37:E37, ">=70") / 4 +SUMIF(G37:G37, ">=70") / 4 +SUMIF(I37:I37, ">=70") / 4 +SUMIF(K37:K37, ">=70") / 4 + SUMIF(F37:F37, ">1") / 4 + SUMIF(H37:H37, ">1") / 4 + SUMIF(J37:J37, ">1") / 4 + SUMIF(L37:L37, ">1") / 4 -> 75 | AL37: =SUMIF(M37:M37, ">=70") / 4 +SUMIF(O37:O37, ">=70") / 4 +SUMIF(Q37:Q37, ">=70") / 4 +SUMIF(S37:S37, ">=70") / 4 + SUMIF(N37:N37, ">1") / 4 + SUMIF(P37:P37, ">1") / 4 + SUMIF(R37:R37, ">1") / 4 + SUMIF(T37:T37, ">1") / 4 -> 71 | AM37: =SUMIF(U37:U37, ">=70") / 4 +SUMIF(W37:W37, ">=70") / 4 +SUMIF(Y37:Y37, ">=70") / 4 +SUMIF(AA37:AA37, ">=70") / 4 + SUMIF(V37:V37, ">1") / 4 + SUMIF(X37:X37, ">1") / 4 + SUMIF(Z37:Z37, ">1") / 4 + SUMIF(AB37:AB37, ">1") / 4 -> 74.25 | AN37: =SUMIF(AC37:AC37, ">=65") / 4 +SUMIF(AE37:AE37, ">=65") / 4 +SUMIF(AG37:AG37, ">=65") / 4 +SUMIF(AI37:AI37, ">=65") / 4 + SUMIF(AD37:AD37, ">1") / 4 + SUMIF(AF37:AF37, ">1") / 4 + SUMIF(AH37:AH37, ">1") / 4 + SUMIF(AJ37:AJ37, ">1") / 4 -> 71.75 | AO37: =AVERAGE(AK37:AN37) -> 73 | AR37: =IF(AO37<70, AO37*0.5, "") | AT37: =AS37*50% -> 0 | AU37: =IF(AS37<>"", IF(AR37="","",AR37+AT37), "") | AV37: =IF(AU37 < 70, AR37*30%, "") | AX37: =AW37*70% -> 0 | AY37: =IF(AW37<>"", IF(AV37="", "", AV37+AX37), "") | AZ37: =IF(AND(AU37<70, AY37<70), AO37, "") | BB37: =IF(AW37<>"", IF(AY37>=70, AY37, IF(AZ37+BA37>=70, AZ37+BA37, "")), IF(AS37<>"", IF(AU37>=70, AU37, ""), IF(AO37>=70, AO37, ""))) -> 73 | BC37: =IF(AW37<>"", IF(AY37<70, IF(AZ37+BA37<70, AZ37+BA37, ""), ""), IF(AS37<>"", IF(AU37<70, AU37, ""), IF(AO37<70, AO37, ""))) | BE37: =SUM(E37+M37+U37+AC37)/4 -> 72.25 | BF37: =SUM(G37+O37+W37+AE37)/4 -> 70 | BG37: =SUM(I37+Q37+Y37+AG37)/4 -> 74 | BH37: =SUM(K37+S37+AA37+AI37)/4 -> 75.75 | BI37: =AVERAGE(BE37:BH37) -> 73
A38: 28 | B38: 1A-A-28 | C38: MAILENIS | D38: JEAN LOUIS | E38: 75 | G38: 80 | I38: 80 | K38: 80 | M38: 76 | O38: 78 | Q38: 80 | S38: 80 | U38: 72 | W38: 75 | Y38: 80 | AA38: 80 | AC38: 75 | AE38: 80 | AG38: 88 | AI38: 90 | AK38: =SUMIF(E38:E38, ">=70") / 4 +SUMIF(G38:G38, ">=70") / 4 +SUMIF(I38:I38, ">=70") / 4 +SUMIF(K38:K38, ">=70") / 4 + SUMIF(F38:F38, ">1") / 4 + SUMIF(H38:H38, ">1") / 4 + SUMIF(J38:J38, ">1") / 4 + SUMIF(L38:L38, ">1") / 4 -> 78.75 | AL38: =SUMIF(M38:M38, ">=70") / 4 +SUMIF(O38:O38, ">=70") / 4 +SUMIF(Q38:Q38, ">=70") / 4 +SUMIF(S38:S38, ">=70") / 4 + SUMIF(N38:N38, ">1") / 4 + SUMIF(P38:P38, ">1") / 4 + SUMIF(R38:R38, ">1") / 4 + SUMIF(T38:T38, ">1") / 4 -> 78.5 | AM38: =SUMIF(U38:U38, ">=70") / 4 +SUMIF(W38:W38, ">=70") / 4 +SUMIF(Y38:Y38, ">=70") / 4 +SUMIF(AA38:AA38, ">=70") / 4 + SUMIF(V38:V38, ">1") / 4 + SUMIF(X38:X38, ">1") / 4 + SUMIF(Z38:Z38, ">1") / 4 + SUMIF(AB38:AB38, ">1") / 4 -> 76.75 | AN38: =SUMIF(AC38:AC38, ">=65") / 4 +SUMIF(AE38:AE38, ">=65") / 4 +SUMIF(AG38:AG38, ">=65") / 4 +SUMIF(AI38:AI38, ">=65") / 4 + SUMIF(AD38:AD38, ">1") / 4 + SUMIF(AF38:AF38, ">1") / 4 + SUMIF(AH38:AH38, ">1") / 4 + SUMIF(AJ38:AJ38, ">1") / 4 -> 83.25 | AO38: =AVERAGE(AK38:AN38) -> 79.3125 | AR38: =IF(AO38<70, AO38*0.5, "") | AT38: =AS38*50% -> 0 | AU38: =IF(AS38<>"", IF(AR38="","",AR38+AT38), "") | AV38: =IF(AU38 < 70, AR38*30%, "") | AX38: =AW38*70% -> 0 | AY38: =IF(AW38<>"", IF(AV38="", "", AV38+AX38), "") | AZ38: =IF(AND(AU38<70, AY38<70), AO38, "") | BB38: =IF(AW38<>"", IF(AY38>=70, AY38, IF(AZ38+BA38>=70, AZ38+BA38, "")), IF(AS38<>"", IF(AU38>=70, AU38, ""), IF(AO38>=70, AO38, ""))) -> 79.3125 | BC38: =IF(AW38<>"", IF(AY38<70, IF(AZ38+BA38<70, AZ38+BA38, ""), ""), IF(AS38<>"", IF(AU38<70, AU38, ""), IF(AO38<70, AO38, ""))) | BE38: =SUM(E38+M38+U38+AC38)/4 -> 74.5 | BF38: =SUM(G38+O38+W38+AE38)/4 -> 78.25 | BG38: =SUM(I38+Q38+Y38+AG38)/4 -> 82 | BH38: =SUM(K38+S38+AA38+AI38)/4 -> 82.5 | BI38: =AVERAGE(BE38:BH38) -> 79.3125
A39: 29 | B39: 1A-A-29 | C39: DAANA | D39: JOSEPH | E39: 80 | G39: 78 | I39: 88 | K39: 90 | M39: 80 | O39: 79 | Q39: 88 | S39: 87 | U39: 81 | W39: 80 | Y39: 88 | AA39: 90 | AC39: 80 | AE39: 78 | AG39: 88 | AI39: 90 | AK39: =SUMIF(E39:E39, ">=70") / 4 +SUMIF(G39:G39, ">=70") / 4 +SUMIF(I39:I39, ">=70") / 4 +SUMIF(K39:K39, ">=70") / 4 + SUMIF(F39:F39, ">1") / 4 + SUMIF(H39:H39, ">1") / 4 + SUMIF(J39:J39, ">1") / 4 + SUMIF(L39:L39, ">1") / 4 -> 84 | AL39: =SUMIF(M39:M39, ">=70") / 4 +SUMIF(O39:O39, ">=70") / 4 +SUMIF(Q39:Q39, ">=70") / 4 +SUMIF(S39:S39, ">=70") / 4 + SUMIF(N39:N39, ">1") / 4 + SUMIF(P39:P39, ">1") / 4 + SUMIF(R39:R39, ">1") / 4 + SUMIF(T39:T39, ">1") / 4 -> 83.5 | AM39: =SUMIF(U39:U39, ">=70") / 4 +SUMIF(W39:W39, ">=70") / 4 +SUMIF(Y39:Y39, ">=70") / 4 +SUMIF(AA39:AA39, ">=70") / 4 + SUMIF(V39:V39, ">1") / 4 + SUMIF(X39:X39, ">1") / 4 + SUMIF(Z39:Z39, ">1") / 4 + SUMIF(AB39:AB39, ">1") / 4 -> 84.75 | AN39: =SUMIF(AC39:AC39, ">=65") / 4 +SUMIF(AE39:AE39, ">=65") / 4 +SUMIF(AG39:AG39, ">=65") / 4 +SUMIF(AI39:AI39, ">=65") / 4 + SUMIF(AD39:AD39, ">1") / 4 + SUMIF(AF39:AF39, ">1") / 4 + SUMIF(AH39:AH39, ">1") / 4 + SUMIF(AJ39:AJ39, ">1") / 4 -> 84 | AO39: =AVERAGE(AK39:AN39) -> 84.0625 | AR39: =IF(AO39<70, AO39*0.5, "") | AT39: =AS39*50% -> 0 | AU39: =IF(AS39<>"", IF(AR39="","",AR39+AT39), "") | AV39: =IF(AU39 < 70, AR39*30%, "") | AX39: =AW39*70% -> 0 | AY39: =IF(AW39<>"", IF(AV39="", "", AV39+AX39), "") | AZ39: =IF(AND(AU39<70, AY39<70), AO39, "") | BB39: =IF(AW39<>"", IF(AY39>=70, AY39, IF(AZ39+BA39>=70, AZ39+BA39, "")), IF(AS39<>"", IF(AU39>=70, AU39, ""), IF(AO39>=70, AO39, ""))) -> 84.0625 | BC39: =IF(AW39<>"", IF(AY39<70, IF(AZ39+BA39<70, AZ39+BA39, ""), ""), IF(AS39<>"", IF(AU39<70, AU39, ""), IF(AO39<70, AO39, ""))) | BE39: =SUM(E39+M39+U39+AC39)/4 -> 80.25 | BF39: =SUM(G39+O39+W39+AE39)/4 -> 78.75 | BG39: =SUM(I39+Q39+Y39+AG39)/4 -> 88 | BH39: =SUM(K39+S39+AA39+AI39)/4 -> 89.25 | BI39: =AVERAGE(BE39:BH39) -> 84.0625
A40: 30 | B40: 1A-A-30 | C40: MIKERLANGE | D40: JOSEPH | E40: 78 | G40: 75 | I40: 80 | K40: 80 | M40: 78 | O40: 78 | Q40: 75 | S40: 77 | U40: 76 | W40: 78 | Y40: 80 | AA40: 78 | AC40: 60 | AD40: 70 | AE40: 79 | AG40: 78 | AI40: 80 | AK40: =SUMIF(E40:E40, ">=70") / 4 +SUMIF(G40:G40, ">=70") / 4 +SUMIF(I40:I40, ">=70") / 4 +SUMIF(K40:K40, ">=70") / 4 + SUMIF(F40:F40, ">1") / 4 + SUMIF(H40:H40, ">1") / 4 + SUMIF(J40:J40, ">1") / 4 + SUMIF(L40:L40, ">1") / 4 -> 78.25 | AL40: =SUMIF(M40:M40, ">=70") / 4 +SUMIF(O40:O40, ">=70") / 4 +SUMIF(Q40:Q40, ">=70") / 4 +SUMIF(S40:S40, ">=70") / 4 + SUMIF(N40:N40, ">1") / 4 + SUMIF(P40:P40, ">1") / 4 + SUMIF(R40:R40, ">1") / 4 + SUMIF(T40:T40, ">1") / 4 -> 77 | AM40: =SUMIF(U40:U40, ">=70") / 4 +SUMIF(W40:W40, ">=70") / 4 +SUMIF(Y40:Y40, ">=70") / 4 +SUMIF(AA40:AA40, ">=70") / 4 + SUMIF(V40:V40, ">1") / 4 + SUMIF(X40:X40, ">1") / 4 + SUMIF(Z40:Z40, ">1") / 4 + SUMIF(AB40:AB40, ">1") / 4 -> 78 | AN40: =SUMIF(AC40:AC40, ">=65") / 4 +SUMIF(AE40:AE40, ">=65") / 4 +SUMIF(AG40:AG40, ">=65") / 4 +SUMIF(AI40:AI40, ">=65") / 4 + SUMIF(AD40:AD40, ">1") / 4 + SUMIF(AF40:AF40, ">1") / 4 + SUMIF(AH40:AH40, ">1") / 4 + SUMIF(AJ40:AJ40, ">1") / 4 -> 76.75 | AO40: =AVERAGE(AK40:AN40) -> 77.5 | AR40: =IF(AO40<70, AO40*0.5, "") | AT40: =AS40*50% -> 0 | AU40: =IF(AS40<>"", IF(AR40="","",AR40+AT40), "") | AV40: =IF(AU40 < 70, AR40*30%, "") | AX40: =AW40*70% -> 0 | AY40: =IF(AW40<>"", IF(AV40="", "", AV40+AX40), "") | AZ40: =IF(AND(AU40<70, AY40<70), AO40, "") | BB40: =IF(AW40<>"", IF(AY40>=70, AY40, IF(AZ40+BA40>=70, AZ40+BA40, "")), IF(AS40<>"", IF(AU40>=70, AU40, ""), IF(AO40>=70, AO40, ""))) -> 77.5 | BC40: =IF(AW40<>"", IF(AY40<70, IF(AZ40+BA40<70, AZ40+BA40, ""), ""), IF(AS40<>"", IF(AU40<70, AU40, ""), IF(AO40<70, AO40, ""))) | BE40: =SUM(E40+M40+U40+AC40)/4 -> 73 | BF40: =SUM(G40+O40+W40+AE40)/4 -> 77.5 | BG40: =SUM(I40+Q40+Y40+AG40)/4 -> 78.25 | BH40: =SUM(K40+S40+AA40+AI40)/4 -> 78.75 | BI40: =AVERAGE(BE40:BH40) -> 76.875
A41: 31 | B41: 1A-A-31 | C41: DANILEIDY | D41: LANTIGUA SIRENA | E41: 90 | G41: 90 | I41: 88 | K41: 85 | M41: 92 | O41: 90 | Q41: 87 | S41: 85 | U41: 90 | W41: 90 | Y41: 88 | AA41: 85 | AC41: 90 | AE41: 90 | AG41: 88 | AI41: 88 | AK41: =SUMIF(E41:E41, ">=70") / 4 +SUMIF(G41:G41, ">=70") / 4 +SUMIF(I41:I41, ">=70") / 4 +SUMIF(K41:K41, ">=70") / 4 + SUMIF(F41:F41, ">1") / 4 + SUMIF(H41:H41, ">1") / 4 + SUMIF(J41:J41, ">1") / 4 + SUMIF(L41:L41, ">1") / 4 -> 88.25 | AL41: =SUMIF(M41:M41, ">=70") / 4 +SUMIF(O41:O41, ">=70") / 4 +SUMIF(Q41:Q41, ">=70") / 4 +SUMIF(S41:S41, ">=70") / 4 + SUMIF(N41:N41, ">1") / 4 + SUMIF(P41:P41, ">1") / 4 + SUMIF(R41:R41, ">1") / 4 + SUMIF(T41:T41, ">1") / 4 -> 88.5 | AM41: =SUMIF(U41:U41, ">=70") / 4 +SUMIF(W41:W41, ">=70") / 4 +SUMIF(Y41:Y41, ">=70") / 4 +SUMIF(AA41:AA41, ">=70") / 4 + SUMIF(V41:V41, ">1") / 4 + SUMIF(X41:X41, ">1") / 4 + SUMIF(Z41:Z41, ">1") / 4 + SUMIF(AB41:AB41, ">1") / 4 -> 88.25 | AN41: =SUMIF(AC41:AC41, ">=65") / 4 +SUMIF(AE41:AE41, ">=65") / 4 +SUMIF(AG41:AG41, ">=65") / 4 +SUMIF(AI41:AI41, ">=65") / 4 + SUMIF(AD41:AD41, ">1") / 4 + SUMIF(AF41:AF41, ">1") / 4 + SUMIF(AH41:AH41, ">1") / 4 + SUMIF(AJ41:AJ41, ">1") / 4 -> 89 | AO41: =AVERAGE(AK41:AN41) -> 88.5 | AR41: =IF(AO41<70, AO41*0.5, "") | AT41: =AS41*50% -> 0 | AU41: =IF(AS41<>"", IF(AR41="","",AR41+AT41), "") | AV41: =IF(AU41 < 70, AR41*30%, "") | AX41: =AW41*70% -> 0 | AY41: =IF(AW41<>"", IF(AV41="", "", AV41+AX41), "") | AZ41: =IF(AND(AU41<70, AY41<70), AO41, "") | BB41: =IF(AW41<>"", IF(AY41>=70, AY41, IF(AZ41+BA41>=70, AZ41+BA41, "")), IF(AS41<>"", IF(AU41>=70, AU41, ""), IF(AO41>=70, AO41, ""))) -> 88.5 | BC41: =IF(AW41<>"", IF(AY41<70, IF(AZ41+BA41<70, AZ41+BA41, ""), ""), IF(AS41<>"", IF(AU41<70, AU41, ""), IF(AO41<70, AO41, ""))) | BE41: =SUM(E41+M41+U41+AC41)/4 -> 90.5 | BF41: =SUM(G41+O41+W41+AE41)/4 -> 90 | BG41: =SUM(I41+Q41+Y41+AG41)/4 -> 87.75 | BH41: =SUM(K41+S41+AA41+AI41)/4 -> 85.75 | BI41: =AVERAGE(BE41:BH41) -> 88.5
A42: 32 | B42: 1A-A-32 | C42: WISLINE | D42: LOUICERONT | E42: 74 | G42: 82 | I42: 79 | K42: 80 | M42: 76 | O42: 80 | Q42: 80 | S42: 82 | U42: 75 | W42: 81 | Y42: 79 | AA42: 80 | AC42: 72 | AE42: 82 | AG42: 80 | AI42: 79 | AK42: =SUMIF(E42:E42, ">=70") / 4 +SUMIF(G42:G42, ">=70") / 4 +SUMIF(I42:I42, ">=70") / 4 +SUMIF(K42:K42, ">=70") / 4 + SUMIF(F42:F42, ">1") / 4 + SUMIF(H42:H42, ">1") / 4 + SUMIF(J42:J42, ">1") / 4 + SUMIF(L42:L42, ">1") / 4 -> 78.75 | AL42: =SUMIF(M42:M42, ">=70") / 4 +SUMIF(O42:O42, ">=70") / 4 +SUMIF(Q42:Q42, ">=70") / 4 +SUMIF(S42:S42, ">=70") / 4 + SUMIF(N42:N42, ">1") / 4 + SUMIF(P42:P42, ">1") / 4 + SUMIF(R42:R42, ">1") / 4 + SUMIF(T42:T42, ">1") / 4 -> 79.5 | AM42: =SUMIF(U42:U42, ">=70") / 4 +SUMIF(W42:W42, ">=70") / 4 +SUMIF(Y42:Y42, ">=70") / 4 +SUMIF(AA42:AA42, ">=70") / 4 + SUMIF(V42:V42, ">1") / 4 + SUMIF(X42:X42, ">1") / 4 + SUMIF(Z42:Z42, ">1") / 4 + SUMIF(AB42:AB42, ">1") / 4 -> 78.75 | AN42: =SUMIF(AC42:AC42, ">=65") / 4 +SUMIF(AE42:AE42, ">=65") / 4 +SUMIF(AG42:AG42, ">=65") / 4 +SUMIF(AI42:AI42, ">=65") / 4 + SUMIF(AD42:AD42, ">1") / 4 + SUMIF(AF42:AF42, ">1") / 4 + SUMIF(AH42:AH42, ">1") / 4 + SUMIF(AJ42:AJ42, ">1") / 4 -> 78.25 | AO42: =AVERAGE(AK42:AN42) -> 78.8125 | AR42: =IF(AO42<70, AO42*0.5, "") | AT42: =AS42*50% -> 0 | AU42: =IF(AS42<>"", IF(AR42="","",AR42+AT42), "") | AV42: =IF(AU42 < 70, AR42*30%, "") | AX42: =AW42*70% -> 0 | AY42: =IF(AW42<>"", IF(AV42="", "", AV42+AX42), "") | AZ42: =IF(AND(AU42<70, AY42<70), AO42, "") | BB42: =IF(AW42<>"", IF(AY42>=70, AY42, IF(AZ42+BA42>=70, AZ42+BA42, "")), IF(AS42<>"", IF(AU42>=70, AU42, ""), IF(AO42>=70, AO42, ""))) -> 78.8125 | BC42: =IF(AW42<>"", IF(AY42<70, IF(AZ42+BA42<70, AZ42+BA42, ""), ""), IF(AS42<>"", IF(AU42<70, AU42, ""), IF(AO42<70, AO42, ""))) | BE42: =SUM(E42+M42+U42+AC42)/4 -> 74.25 | BF42: =SUM(G42+O42+W42+AE42)/4 -> 81.25 | BG42: =SUM(I42+Q42+Y42+AG42)/4 -> 79.5 | BH42: =SUM(K42+S42+AA42+AI42)/4 -> 80.25 | BI42: =AVERAGE(BE42:BH42) -> 78.8125
A43: 33 | B43: 1A-A-33 | C43: DENISE | D43: LOUIS | E43: 80 | G43: 80 | I43: 88 | K43: 80 | M43: 80 | O43: 80 | Q43: 84 | S43: 86 | U43: 80 | W43: 80 | Y43: 88 | AA43: 80 | AC43: 80 | AE43: 80 | AG43: 80 | AI43: 85 | AK43: =SUMIF(E43:E43, ">=70") / 4 +SUMIF(G43:G43, ">=70") / 4 +SUMIF(I43:I43, ">=70") / 4 +SUMIF(K43:K43, ">=70") / 4 + SUMIF(F43:F43, ">1") / 4 + SUMIF(H43:H43, ">1") / 4 + SUMIF(J43:J43, ">1") / 4 + SUMIF(L43:L43, ">1") / 4 -> 82 | AL43: =SUMIF(M43:M43, ">=70") / 4 +SUMIF(O43:O43, ">=70") / 4 +SUMIF(Q43:Q43, ">=70") / 4 +SUMIF(S43:S43, ">=70") / 4 + SUMIF(N43:N43, ">1") / 4 + SUMIF(P43:P43, ">1") / 4 + SUMIF(R43:R43, ">1") / 4 + SUMIF(T43:T43, ">1") / 4 -> 82.5 | AM43: =SUMIF(U43:U43, ">=70") / 4 +SUMIF(W43:W43, ">=70") / 4 +SUMIF(Y43:Y43, ">=70") / 4 +SUMIF(AA43:AA43, ">=70") / 4 + SUMIF(V43:V43, ">1") / 4 + SUMIF(X43:X43, ">1") / 4 + SUMIF(Z43:Z43, ">1") / 4 + SUMIF(AB43:AB43, ">1") / 4 -> 82 | AN43: =SUMIF(AC43:AC43, ">=65") / 4 +SUMIF(AE43:AE43, ">=65") / 4 +SUMIF(AG43:AG43, ">=65") / 4 +SUMIF(AI43:AI43, ">=65") / 4 + SUMIF(AD43:AD43, ">1") / 4 + SUMIF(AF43:AF43, ">1") / 4 + SUMIF(AH43:AH43, ">1") / 4 + SUMIF(AJ43:AJ43, ">1") / 4 -> 81.25 | AO43: =AVERAGE(AK43:AN43) -> 81.9375 | AR43: =IF(AO43<70, AO43*0.5, "") | AT43: =AS43*50% -> 0 | AU43: =IF(AS43<>"", IF(AR43="","",AR43+AT43), "") | AV43: =IF(AU43 < 70, AR43*30%, "") | AX43: =AW43*70% -> 0 | AY43: =IF(AW43<>"", IF(AV43="", "", AV43+AX43), "") | AZ43: =IF(AND(AU43<70, AY43<70), AO43, "") | BB43: =IF(AW43<>"", IF(AY43>=70, AY43, IF(AZ43+BA43>=70, AZ43+BA43, "")), IF(AS43<>"", IF(AU43>=70, AU43, ""), IF(AO43>=70, AO43, ""))) -> 81.9375 | BC43: =IF(AW43<>"", IF(AY43<70, IF(AZ43+BA43<70, AZ43+BA43, ""), ""), IF(AS43<>"", IF(AU43<70, AU43, ""), IF(AO43<70, AO43, ""))) | BE43: =SUM(E43+M43+U43+AC43)/4 -> 80 | BF43: =SUM(G43+O43+W43+AE43)/4 -> 80 | BG43: =SUM(I43+Q43+Y43+AG43)/4 -> 85 | BH43: =SUM(K43+S43+AA43+AI43)/4 -> 82.75 | BI43: =AVERAGE(BE43:BH43) -> 81.9375
A44: 34 | B44: 1A-A-34 | C44: ANEURIS | D44: LUMA | AK44: =SUMIF(E44:E44, ">=70") / 4 +SUMIF(G44:G44, ">=70") / 4 +SUMIF(I44:I44, ">=70") / 4 +SUMIF(K44:K44, ">=70") / 4 + SUMIF(F44:F44, ">1") / 4 + SUMIF(H44:H44, ">1") / 4 + SUMIF(J44:J44, ">1") / 4 + SUMIF(L44:L44, ">1") / 4 -> 0 | AL44: =SUMIF(M44:M44, ">=70") / 4 +SUMIF(O44:O44, ">=70") / 4 +SUMIF(Q44:Q44, ">=70") / 4 +SUMIF(S44:S44, ">=70") / 4 + SUMIF(N44:N44, ">1") / 4 + SUMIF(P44:P44, ">1") / 4 + SUMIF(R44:R44, ">1") / 4 + SUMIF(T44:T44, ">1") / 4 -> 0 | AM44: =SUMIF(U44:U44, ">=70") / 4 +SUMIF(W44:W44, ">=70") / 4 +SUMIF(Y44:Y44, ">=70") / 4 +SUMIF(AA44:AA44, ">=70") / 4 + SUMIF(V44:V44, ">1") / 4 + SUMIF(X44:X44, ">1") / 4 + SUMIF(Z44:Z44, ">1") / 4 + SUMIF(AB44:AB44, ">1") / 4 -> 0 | AN44: =SUMIF(AC44:AC44, ">=65") / 4 +SUMIF(AE44:AE44, ">=65") / 4 +SUMIF(AG44:AG44, ">=65") / 4 +SUMIF(AI44:AI44, ">=65") / 4 + SUMIF(AD44:AD44, ">1") / 4 + SUMIF(AF44:AF44, ">1") / 4 + SUMIF(AH44:AH44, ">1") / 4 + SUMIF(AJ44:AJ44, ">1") / 4 -> 0 | AO44: =AVERAGE(AK44:AN44) -> 0 | AR44: =IF(AO44<70, AO44*0.5, "") -> 0 | AT44: =AS44*50% -> 0 | AU44: =IF(AS44<>"", IF(AR44="","",AR44+AT44), "") | AV44: =IF(AU44 < 70, AR44*30%, "") | AX44: =AW44*70% -> 0 | AY44: =IF(AW44<>"", IF(AV44="", "", AV44+AX44), "") | AZ44: =IF(AND(AU44<70, AY44<70), AO44, "") | BB44: =IF(AW44<>"", IF(AY44>=70, AY44, IF(AZ44+BA44>=70, AZ44+BA44, "")), IF(AS44<>"", IF(AU44>=70, AU44, ""), IF(AO44>=70, AO44, ""))) | BC44: =IF(AW44<>"", IF(AY44<70, IF(AZ44+BA44<70, AZ44+BA44, ""), ""), IF(AS44<>"", IF(AU44<70, AU44, ""), IF(AO44<70, AO44, ""))) -> 0 | BE44: =SUM(E44+M44+U44+AC44)/4 -> 0 | BF44: =SUM(G44+O44+W44+AE44)/4 -> 0 | BG44: =SUM(I44+Q44+Y44+AG44)/4 -> 0 | BH44: =SUM(K44+S44+AA44+AI44)/4 -> 0 | BI44: =AVERAGE(BE44:BH44) -> 0
A45: 35 | B45: 1A-A-35 | C45: LUIS MANUEL | D45: MARTE SANTANA | E45: 60 | F45: 71 | G45: 60 | H45: 65 | I45: 60 | J45: 70 | K45: 60 | L45: 68 | M45: 70 | O45: 70 | Q45: 70 | S45: 60 | T45: 65 | U45: 70 | W45: 70 | Y45: 70 | AA45: 70 | AC45: 70 | AE45: 60 | AF45: 65 | AG45: 70 | AI45: 78 | AK45: =SUMIF(E45:E45, ">=70") / 4 +SUMIF(G45:G45, ">=70") / 4 +SUMIF(I45:I45, ">=70") / 4 +SUMIF(K45:K45, ">=70") / 4 + SUMIF(F45:F45, ">1") / 4 + SUMIF(H45:H45, ">1") / 4 + SUMIF(J45:J45, ">1") / 4 + SUMIF(L45:L45, ">1") / 4 -> 68.5 | AL45: =SUMIF(M45:M45, ">=70") / 4 +SUMIF(O45:O45, ">=70") / 4 +SUMIF(Q45:Q45, ">=70") / 4 +SUMIF(S45:S45, ">=70") / 4 + SUMIF(N45:N45, ">1") / 4 + SUMIF(P45:P45, ">1") / 4 + SUMIF(R45:R45, ">1") / 4 + SUMIF(T45:T45, ">1") / 4 -> 68.75 | AM45: =SUMIF(U45:U45, ">=70") / 4 +SUMIF(W45:W45, ">=70") / 4 +SUMIF(Y45:Y45, ">=70") / 4 +SUMIF(AA45:AA45, ">=70") / 4 + SUMIF(V45:V45, ">1") / 4 + SUMIF(X45:X45, ">1") / 4 + SUMIF(Z45:Z45, ">1") / 4 + SUMIF(AB45:AB45, ">1") / 4 -> 70 | AN45: =SUMIF(AC45:AC45, ">=65") / 4 +SUMIF(AE45:AE45, ">=65") / 4 +SUMIF(AG45:AG45, ">=65") / 4 +SUMIF(AI45:AI45, ">=65") / 4 + SUMIF(AD45:AD45, ">1") / 4 + SUMIF(AF45:AF45, ">1") / 4 + SUMIF(AH45:AH45, ">1") / 4 + SUMIF(AJ45:AJ45, ">1") / 4 -> 70.75 | AO45: =AVERAGE(AK45:AN45) -> 69.5 | AR45: =IF(AO45<70, AO45*0.5, "") -> 34.75 | AT45: =AS45*50% -> 0 | AU45: =IF(AS45<>"", IF(AR45="","",AR45+AT45), "") | AV45: =IF(AU45 < 70, AR45*30%, "") | AX45: =AW45*70% -> 0 | AY45: =IF(AW45<>"", IF(AV45="", "", AV45+AX45), "") | AZ45: =IF(AND(AU45<70, AY45<70), AO45, "") | BB45: =IF(AW45<>"", IF(AY45>=70, AY45, IF(AZ45+BA45>=70, AZ45+BA45, "")), IF(AS45<>"", IF(AU45>=70, AU45, ""), IF(AO45>=70, AO45, ""))) | BC45: =IF(AW45<>"", IF(AY45<70, IF(AZ45+BA45<70, AZ45+BA45, ""), ""), IF(AS45<>"", IF(AU45<70, AU45, ""), IF(AO45<70, AO45, ""))) -> 69.5 | BE45: =SUM(E45+M45+U45+AC45)/4 -> 67.5 | BF45: =SUM(G45+O45+W45+AE45)/4 -> 65 | BG45: =SUM(I45+Q45+Y45+AG45)/4 -> 67.5 | BH45: =SUM(K45+S45+AA45+AI45)/4 -> 67 | BI45: =AVERAGE(BE45:BH45) -> 66.75
A46: 36 | B46: 1A-A-36 | C46: JOMAURI | D46: MARTINEZ ROSARIO | E46: 80 | G46: 80 | I46: 78 | K46: 80 | M46: 80 | O46: 83 | Q46: 85 | S46: 80 | U46: 80 | W46: 78 | Y46: 78 | AA46: 80 | AC46: 80 | AE46: 83 | AG46: 78 | AI46: 80 | AK46: =SUMIF(E46:E46, ">=70") / 4 +SUMIF(G46:G46, ">=70") / 4 +SUMIF(I46:I46, ">=70") / 4 +SUMIF(K46:K46, ">=70") / 4 + SUMIF(F46:F46, ">1") / 4 + SUMIF(H46:H46, ">1") / 4 + SUMIF(J46:J46, ">1") / 4 + SUMIF(L46:L46, ">1") / 4 -> 79.5 | AL46: =SUMIF(M46:M46, ">=70") / 4 +SUMIF(O46:O46, ">=70") / 4 +SUMIF(Q46:Q46, ">=70") / 4 +SUMIF(S46:S46, ">=70") / 4 + SUMIF(N46:N46, ">1") / 4 + SUMIF(P46:P46, ">1") / 4 + SUMIF(R46:R46, ">1") / 4 + SUMIF(T46:T46, ">1") / 4 -> 82 | AM46: =SUMIF(U46:U46, ">=70") / 4 +SUMIF(W46:W46, ">=70") / 4 +SUMIF(Y46:Y46, ">=70") / 4 +SUMIF(AA46:AA46, ">=70") / 4 + SUMIF(V46:V46, ">1") / 4 + SUMIF(X46:X46, ">1") / 4 + SUMIF(Z46:Z46, ">1") / 4 + SUMIF(AB46:AB46, ">1") / 4 -> 79 | AN46: =SUMIF(AC46:AC46, ">=65") / 4 +SUMIF(AE46:AE46, ">=65") / 4 +SUMIF(AG46:AG46, ">=65") / 4 +SUMIF(AI46:AI46, ">=65") / 4 + SUMIF(AD46:AD46, ">1") / 4 + SUMIF(AF46:AF46, ">1") / 4 + SUMIF(AH46:AH46, ">1") / 4 + SUMIF(AJ46:AJ46, ">1") / 4 -> 80.25 | AO46: =AVERAGE(AK46:AN46) -> 80.1875 | AR46: =IF(AO46<70, AO46*0.5, "") | AT46: =AS46*50% -> 0 | AU46: =IF(AS46<>"", IF(AR46="","",AR46+AT46), "") | AV46: =IF(AU46 < 70, AR46*30%, "") | AX46: =AW46*70% -> 0 | AY46: =IF(AW46<>"", IF(AV46="", "", AV46+AX46), "") | AZ46: =IF(AND(AU46<70, AY46<70), AO46, "") | BB46: =IF(AW46<>"", IF(AY46>=70, AY46, IF(AZ46+BA46>=70, AZ46+BA46, "")), IF(AS46<>"", IF(AU46>=70, AU46, ""), IF(AO46>=70, AO46, ""))) -> 80.1875 | BC46: =IF(AW46<>"", IF(AY46<70, IF(AZ46+BA46<70, AZ46+BA46, ""), ""), IF(AS46<>"", IF(AU46<70, AU46, ""), IF(AO46<70, AO46, ""))) | BE46: =SUM(E46+M46+U46+AC46)/4 -> 80 | BF46: =SUM(G46+O46+W46+AE46)/4 -> 81 | BG46: =SUM(I46+Q46+Y46+AG46)/4 -> 79.75 | BH46: =SUM(K46+S46+AA46+AI46)/4 -> 80 | BI46: =AVERAGE(BE46:BH46) -> 80.1875
A47: 37 | B47: 1A-A-37 | C47: RAYNEL | D47: MARTINEZ CABRERA | AK47: =SUMIF(E47:E47, ">=70") / 4 +SUMIF(G47:G47, ">=70") / 4 +SUMIF(I47:I47, ">=70") / 4 +SUMIF(K47:K47, ">=70") / 4 + SUMIF(F47:F47, ">1") / 4 + SUMIF(H47:H47, ">1") / 4 + SUMIF(J47:J47, ">1") / 4 + SUMIF(L47:L47, ">1") / 4 -> 0 | AL47: =SUMIF(M47:M47, ">=70") / 4 +SUMIF(O47:O47, ">=70") / 4 +SUMIF(Q47:Q47, ">=70") / 4 +SUMIF(S47:S47, ">=70") / 4 + SUMIF(N47:N47, ">1") / 4 + SUMIF(P47:P47, ">1") / 4 + SUMIF(R47:R47, ">1") / 4 + SUMIF(T47:T47, ">1") / 4 -> 0 | AM47: =SUMIF(U47:U47, ">=70") / 4 +SUMIF(W47:W47, ">=70") / 4 +SUMIF(Y47:Y47, ">=70") / 4 +SUMIF(AA47:AA47, ">=70") / 4 + SUMIF(V47:V47, ">1") / 4 + SUMIF(X47:X47, ">1") / 4 + SUMIF(Z47:Z47, ">1") / 4 + SUMIF(AB47:AB47, ">1") / 4 -> 0 | AN47: =SUMIF(AC47:AC47, ">=65") / 4 +SUMIF(AE47:AE47, ">=65") / 4 +SUMIF(AG47:AG47, ">=65") / 4 +SUMIF(AI47:AI47, ">=65") / 4 + SUMIF(AD47:AD47, ">1") / 4 + SUMIF(AF47:AF47, ">1") / 4 + SUMIF(AH47:AH47, ">1") / 4 + SUMIF(AJ47:AJ47, ">1") / 4 -> 0 | AO47: =AVERAGE(AK47:AN47) -> 0 | AR47: =IF(AO47<70, AO47*0.5, "") -> 0 | AT47: =AS47*50% -> 0 | AU47: =IF(AS47<>"", IF(AR47="","",AR47+AT47), "") | AV47: =IF(AU47 < 70, AR47*30%, "") | AX47: =AW47*70% -> 0 | AY47: =IF(AW47<>"", IF(AV47="", "", AV47+AX47), "") | AZ47: =IF(AND(AU47<70, AY47<70), AO47, "") | BB47: =IF(AW47<>"", IF(AY47>=70, AY47, IF(AZ47+BA47>=70, AZ47+BA47, "")), IF(AS47<>"", IF(AU47>=70, AU47, ""), IF(AO47>=70, AO47, ""))) | BC47: =IF(AW47<>"", IF(AY47<70, IF(AZ47+BA47<70, AZ47+BA47, ""), ""), IF(AS47<>"", IF(AU47<70, AU47, ""), IF(AO47<70, AO47, ""))) -> 0 | BE47: =SUM(E47+M47+U47+AC47)/4 -> 0 | BF47: =SUM(G47+O47+W47+AE47)/4 -> 0 | BG47: =SUM(I47+Q47+Y47+AG47)/4 -> 0 | BH47: =SUM(K47+S47+AA47+AI47)/4 -> 0 | BI47: =AVERAGE(BE47:BH47) -> 0
A48: 38 | B48: 1A-A-38 | C48: DARIANNY | D48: MEJIA MARTINEZ | E48: 78 | G48: 80 | I48: 80 | K48: 80 | M48: 78 | O48: 80 | Q48: 80 | S48: 80 | U48: 80 | W48: 80 | Y48: 80 | AA48: 78 | AC48: 80 | AE48: 80 | AG48: 80 | AI48: 78 | AK48: =SUMIF(E48:E48, ">=70") / 4 +SUMIF(G48:G48, ">=70") / 4 +SUMIF(I48:I48, ">=70") / 4 +SUMIF(K48:K48, ">=70") / 4 + SUMIF(F48:F48, ">1") / 4 + SUMIF(H48:H48, ">1") / 4 + SUMIF(J48:J48, ">1") / 4 + SUMIF(L48:L48, ">1") / 4 -> 79.5 | AL48: =SUMIF(M48:M48, ">=70") / 4 +SUMIF(O48:O48, ">=70") / 4 +SUMIF(Q48:Q48, ">=70") / 4 +SUMIF(S48:S48, ">=70") / 4 + SUMIF(N48:N48, ">1") / 4 + SUMIF(P48:P48, ">1") / 4 + SUMIF(R48:R48, ">1") / 4 + SUMIF(T48:T48, ">1") / 4 -> 79.5 | AM48: =SUMIF(U48:U48, ">=70") / 4 +SUMIF(W48:W48, ">=70") / 4 +SUMIF(Y48:Y48, ">=70") / 4 +SUMIF(AA48:AA48, ">=70") / 4 + SUMIF(V48:V48, ">1") / 4 + SUMIF(X48:X48, ">1") / 4 + SUMIF(Z48:Z48, ">1") / 4 + SUMIF(AB48:AB48, ">1") / 4 -> 79.5 | AN48: =SUMIF(AC48:AC48, ">=65") / 4 +SUMIF(AE48:AE48, ">=65") / 4 +SUMIF(AG48:AG48, ">=65") / 4 +SUMIF(AI48:AI48, ">=65") / 4 + SUMIF(AD48:AD48, ">1") / 4 + SUMIF(AF48:AF48, ">1") / 4 + SUMIF(AH48:AH48, ">1") / 4 + SUMIF(AJ48:AJ48, ">1") / 4 -> 79.5 | AO48: =AVERAGE(AK48:AN48) -> 79.5 | AR48: =IF(AO48<70, AO48*0.5, "") | AT48: =AS48*50% -> 0 | AU48: =IF(AS48<>"", IF(AR48="","",AR48+AT48), "") | AV48: =IF(AU48 < 70, AR48*30%, "") | AX48: =AW48*70% -> 0 | AY48: =IF(AW48<>"", IF(AV48="", "", AV48+AX48), "") | AZ48: =IF(AND(AU48<70, AY48<70), AO48, "") | BB48: =IF(AW48<>"", IF(AY48>=70, AY48, IF(AZ48+BA48>=70, AZ48+BA48, "")), IF(AS48<>"", IF(AU48>=70, AU48, ""), IF(AO48>=70, AO48, ""))) -> 79.5 | BC48: =IF(AW48<>"", IF(AY48<70, IF(AZ48+BA48<70, AZ48+BA48, ""), ""), IF(AS48<>"", IF(AU48<70, AU48, ""), IF(AO48<70, AO48, ""))) | BE48: =SUM(E48+M48+U48+AC48)/4 -> 79 | BF48: =SUM(G48+O48+W48+AE48)/4 -> 80 | BG48: =SUM(I48+Q48+Y48+AG48)/4 -> 80 | BH48: =SUM(K48+S48+AA48+AI48)/4 -> 79 | BI48: =AVERAGE(BE48:BH48) -> 79.5
A49: 39 | B49: 1A-A-39 | C49: JUAN MANUEL | D49: MINIEL SANCHEZ | AK49: =SUMIF(E49:E49, ">=70") / 4 +SUMIF(G49:G49, ">=70") / 4 +SUMIF(I49:I49, ">=70") / 4 +SUMIF(K49:K49, ">=70") / 4 + SUMIF(F49:F49, ">1") / 4 + SUMIF(H49:H49, ">1") / 4 + SUMIF(J49:J49, ">1") / 4 + SUMIF(L49:L49, ">1") / 4 -> 0 | AL49: =SUMIF(M49:M49, ">=70") / 4 +SUMIF(O49:O49, ">=70") / 4 +SUMIF(Q49:Q49, ">=70") / 4 +SUMIF(S49:S49, ">=70") / 4 + SUMIF(N49:N49, ">1") / 4 + SUMIF(P49:P49, ">1") / 4 + SUMIF(R49:R49, ">1") / 4 + SUMIF(T49:T49, ">1") / 4 -> 0 | AM49: =SUMIF(U49:U49, ">=70") / 4 +SUMIF(W49:W49, ">=70") / 4 +SUMIF(Y49:Y49, ">=70") / 4 +SUMIF(AA49:AA49, ">=70") / 4 + SUMIF(V49:V49, ">1") / 4 + SUMIF(X49:X49, ">1") / 4 + SUMIF(Z49:Z49, ">1") / 4 + SUMIF(AB49:AB49, ">1") / 4 -> 0 | AN49: =SUMIF(AC49:AC49, ">=65") / 4 +SUMIF(AE49:AE49, ">=65") / 4 +SUMIF(AG49:AG49, ">=65") / 4 +SUMIF(AI49:AI49, ">=65") / 4 + SUMIF(AD49:AD49, ">1") / 4 + SUMIF(AF49:AF49, ">1") / 4 + SUMIF(AH49:AH49, ">1") / 4 + SUMIF(AJ49:AJ49, ">1") / 4 -> 0 | AO49: =AVERAGE(AK49:AN49) -> 0 | AR49: =IF(AO49<70, AO49*0.5, "") -> 0 | AT49: =AS49*50% -> 0 | AU49: =IF(AS49<>"", IF(AR49="","",AR49+AT49), "") | AV49: =IF(AU49 < 70, AR49*30%, "") | AX49: =AW49*70% -> 0 | AY49: =IF(AW49<>"", IF(AV49="", "", AV49+AX49), "") | AZ49: =IF(AND(AU49<70, AY49<70), AO49, "") | BB49: =IF(AW49<>"", IF(AY49>=70, AY49, IF(AZ49+BA49>=70, AZ49+BA49, "")), IF(AS49<>"", IF(AU49>=70, AU49, ""), IF(AO49>=70, AO49, ""))) | BC49: =IF(AW49<>"", IF(AY49<70, IF(AZ49+BA49<70, AZ49+BA49, ""), ""), IF(AS49<>"", IF(AU49<70, AU49, ""), IF(AO49<70, AO49, ""))) -> 0 | BE49: =SUM(E49+M49+U49+AC49)/4 -> 0 | BF49: =SUM(G49+O49+W49+AE49)/4 -> 0 | BG49: =SUM(I49+Q49+Y49+AG49)/4 -> 0 | BH49: =SUM(K49+S49+AA49+AI49)/4 -> 0 | BI49: =AVERAGE(BE49:BH49) -> 0
A50: 40 | B50: 1A-A-40 | C50: YASMERLIN CAMILE | D50: MOSQUEA GARCIAS | E50: 78 | G50: 79 | I50: 77 | K50: 78 | M50: 75 | O50: 70 | Q50: 77 | S50: 75 | U50: 78 | W50: 76 | Y50: 75 | AA50: 74 | AC50: 75 | AE50: 74 | AG50: 73 | AI50: 71 | AK50: =SUMIF(E50:E50, ">=70") / 4 +SUMIF(G50:G50, ">=70") / 4 +SUMIF(I50:I50, ">=70") / 4 +SUMIF(K50:K50, ">=70") / 4 + SUMIF(F50:F50, ">1") / 4 + SUMIF(H50:H50, ">1") / 4 + SUMIF(J50:J50, ">1") / 4 + SUMIF(L50:L50, ">1") / 4 -> 78 | AL50: =SUMIF(M50:M50, ">=70") / 4 +SUMIF(O50:O50, ">=70") / 4 +SUMIF(Q50:Q50, ">=70") / 4 +SUMIF(S50:S50, ">=70") / 4 + SUMIF(N50:N50, ">1") / 4 + SUMIF(P50:P50, ">1") / 4 + SUMIF(R50:R50, ">1") / 4 + SUMIF(T50:T50, ">1") / 4 -> 74.25 | AM50: =SUMIF(U50:U50, ">=70") / 4 +SUMIF(W50:W50, ">=70") / 4 +SUMIF(Y50:Y50, ">=70") / 4 +SUMIF(AA50:AA50, ">=70") / 4 + SUMIF(V50:V50, ">1") / 4 + SUMIF(X50:X50, ">1") / 4 + SUMIF(Z50:Z50, ">1") / 4 + SUMIF(AB50:AB50, ">1") / 4 -> 75.75 | AN50: =SUMIF(AC50:AC50, ">=65") / 4 +SUMIF(AE50:AE50, ">=65") / 4 +SUMIF(AG50:AG50, ">=65") / 4 +SUMIF(AI50:AI50, ">=65") / 4 + SUMIF(AD50:AD50, ">1") / 4 + SUMIF(AF50:AF50, ">1") / 4 + SUMIF(AH50:AH50, ">1") / 4 + SUMIF(AJ50:AJ50, ">1") / 4 -> 73.25 | AO50: =AVERAGE(AK50:AN50) -> 75.3125 | AR50: =IF(AO50<70, AO50*0.5, "") | AT50: =AS50*50% -> 0 | AU50: =IF(AS50<>"", IF(AR50="","",AR50+AT50), "") | AV50: =IF(AU50 < 70, AR50*30%, "") | AX50: =AW50*70% -> 0 | AY50: =IF(AW50<>"", IF(AV50="", "", AV50+AX50), "") | AZ50: =IF(AND(AU50<70, AY50<70), AO50, "") | BB50: =IF(AW50<>"", IF(AY50>=70, AY50, IF(AZ50+BA50>=70, AZ50+BA50, "")), IF(AS50<>"", IF(AU50>=70, AU50, ""), IF(AO50>=70, AO50, ""))) -> 75.3125 | BC50: =IF(AW50<>"", IF(AY50<70, IF(AZ50+BA50<70, AZ50+BA50, ""), ""), IF(AS50<>"", IF(AU50<70, AU50, ""), IF(AO50<70, AO50, ""))) | BE50: =SUM(E50+M50+U50+AC50)/4 -> 76.5 | BF50: =SUM(G50+O50+W50+AE50)/4 -> 74.75 | BG50: =SUM(I50+Q50+Y50+AG50)/4 -> 75.5 | BH50: =SUM(K50+S50+AA50+AI50)/4 -> 74.5 | BI50: =AVERAGE(BE50:BH50) -> 75.3125
A51: 41 | B51: 1A-A-41 | C51: ANTHONY | D51: PAREDES DIAZ | AK51: =SUMIF(E51:E51, ">=70") / 4 +SUMIF(G51:G51, ">=70") / 4 +SUMIF(I51:I51, ">=70") / 4 +SUMIF(K51:K51, ">=70") / 4 + SUMIF(F51:F51, ">1") / 4 + SUMIF(H51:H51, ">1") / 4 + SUMIF(J51:J51, ">1") / 4 + SUMIF(L51:L51, ">1") / 4 -> 0 | AL51: =SUMIF(M51:M51, ">=70") / 4 +SUMIF(O51:O51, ">=70") / 4 +SUMIF(Q51:Q51, ">=70") / 4 +SUMIF(S51:S51, ">=70") / 4 + SUMIF(N51:N51, ">1") / 4 + SUMIF(P51:P51, ">1") / 4 + SUMIF(R51:R51, ">1") / 4 + SUMIF(T51:T51, ">1") / 4 -> 0 | AM51: =SUMIF(U51:U51, ">=70") / 4 +SUMIF(W51:W51, ">=70") / 4 +SUMIF(Y51:Y51, ">=70") / 4 +SUMIF(AA51:AA51, ">=70") / 4 + SUMIF(V51:V51, ">1") / 4 + SUMIF(X51:X51, ">1") / 4 + SUMIF(Z51:Z51, ">1") / 4 + SUMIF(AB51:AB51, ">1") / 4 -> 0 | AN51: =SUMIF(AC51:AC51, ">=65") / 4 +SUMIF(AE51:AE51, ">=65") / 4 +SUMIF(AG51:AG51, ">=65") / 4 +SUMIF(AI51:AI51, ">=65") / 4 + SUMIF(AD51:AD51, ">1") / 4 + SUMIF(AF51:AF51, ">1") / 4 + SUMIF(AH51:AH51, ">1") / 4 + SUMIF(AJ51:AJ51, ">1") / 4 -> 0 | AO51: =AVERAGE(AK51:AN51) -> 0 | AR51: =IF(AO51<70, AO51*0.5, "") -> 0 | AT51: =AS51*50% -> 0 | AU51: =IF(AS51<>"", IF(AR51="","",AR51+AT51), "") | AV51: =IF(AU51 < 70, AR51*30%, "") | AX51: =AW51*70% -> 0 | AY51: =IF(AW51<>"", IF(AV51="", "", AV51+AX51), "") | AZ51: =IF(AND(AU51<70, AY51<70), AO51, "") | BB51: =IF(AW51<>"", IF(AY51>=70, AY51, IF(AZ51+BA51>=70, AZ51+BA51, "")), IF(AS51<>"", IF(AU51>=70, AU51, ""), IF(AO51>=70, AO51, ""))) | BC51: =IF(AW51<>"", IF(AY51<70, IF(AZ51+BA51<70, AZ51+BA51, ""), ""), IF(AS51<>"", IF(AU51<70, AU51, ""), IF(AO51<70, AO51, ""))) -> 0 | BE51: =SUM(E51+M51+U51+AC51)/4 -> 0 | BF51: =SUM(G51+O51+W51+AE51)/4 -> 0 | BG51: =SUM(I51+Q51+Y51+AG51)/4 -> 0 | BH51: =SUM(K51+S51+AA51+AI51)/4 -> 0 | BI51: =AVERAGE(BE51:BH51) -> 0
A52: 42 | B52: 1A-A-42 | C52: MIGUEL ANGEL | D52: PEÑA | AK52: =SUMIF(E52:E52, ">=70") / 4 +SUMIF(G52:G52, ">=70") / 4 +SUMIF(I52:I52, ">=70") / 4 +SUMIF(K52:K52, ">=70") / 4 + SUMIF(F52:F52, ">1") / 4 + SUMIF(H52:H52, ">1") / 4 + SUMIF(J52:J52, ">1") / 4 + SUMIF(L52:L52, ">1") / 4 -> 0 | AL52: =SUMIF(M52:M52, ">=70") / 4 +SUMIF(O52:O52, ">=70") / 4 +SUMIF(Q52:Q52, ">=70") / 4 +SUMIF(S52:S52, ">=70") / 4 + SUMIF(N52:N52, ">1") / 4 + SUMIF(P52:P52, ">1") / 4 + SUMIF(R52:R52, ">1") / 4 + SUMIF(T52:T52, ">1") / 4 -> 0 | AM52: =SUMIF(U52:U52, ">=70") / 4 +SUMIF(W52:W52, ">=70") / 4 +SUMIF(Y52:Y52, ">=70") / 4 +SUMIF(AA52:AA52, ">=70") / 4 + SUMIF(V52:V52, ">1") / 4 + SUMIF(X52:X52, ">1") / 4 + SUMIF(Z52:Z52, ">1") / 4 + SUMIF(AB52:AB52, ">1") / 4 -> 0 | AN52: =SUMIF(AC52:AC52, ">=65") / 4 +SUMIF(AE52:AE52, ">=65") / 4 +SUMIF(AG52:AG52, ">=65") / 4 +SUMIF(AI52:AI52, ">=65") / 4 + SUMIF(AD52:AD52, ">1") / 4 + SUMIF(AF52:AF52, ">1") / 4 + SUMIF(AH52:AH52, ">1") / 4 + SUMIF(AJ52:AJ52, ">1") / 4 -> 0 | AO52: =AVERAGE(AK52:AN52) -> 0 | AR52: =IF(AO52<70, AO52*0.5, "") -> 0 | AT52: =AS52*50% -> 0 | AU52: =IF(AS52<>"", IF(AR52="","",AR52+AT52), "") | AV52: =IF(AU52 < 70, AR52*30%, "") | AX52: =AW52*70% -> 0 | AY52: =IF(AW52<>"", IF(AV52="", "", AV52+AX52), "") | AZ52: =IF(AND(AU52<70, AY52<70), AO52, "") | BB52: =IF(AW52<>"", IF(AY52>=70, AY52, IF(AZ52+BA52>=70, AZ52+BA52, "")), IF(AS52<>"", IF(AU52>=70, AU52, ""), IF(AO52>=70, AO52, ""))) | BC52: =IF(AW52<>"", IF(AY52<70, IF(AZ52+BA52<70, AZ52+BA52, ""), ""), IF(AS52<>"", IF(AU52<70, AU52, ""), IF(AO52<70, AO52, ""))) -> 0 | BE52: =SUM(E52+M52+U52+AC52)/4 -> 0 | BF52: =SUM(G52+O52+W52+AE52)/4 -> 0 | BG52: =SUM(I52+Q52+Y52+AG52)/4 -> 0 | BH52: =SUM(K52+S52+AA52+AI52)/4 -> 0 | BI52: =AVERAGE(BE52:BH52) -> 0
A53: 43 | B53: 1A-A-43 | C53: FENELUS | D53: PIERRE RENE | E53: 70 | G53: 70 | I53: 70 | K53: 70 | M53: 70 | O53: 71 | Q53: 70 | S53: 70 | U53: 70 | W53: 70 | Y53: 72 | AA53: 72 | AC53: 70 | AE53: 70 | AG53: 72 | AI53: 72 | AK53: =SUMIF(E53:E53, ">=70") / 4 +SUMIF(G53:G53, ">=70") / 4 +SUMIF(I53:I53, ">=70") / 4 +SUMIF(K53:K53, ">=70") / 4 + SUMIF(F53:F53, ">1") / 4 + SUMIF(H53:H53, ">1") / 4 + SUMIF(J53:J53, ">1") / 4 + SUMIF(L53:L53, ">1") / 4 -> 70 | AL53: =SUMIF(M53:M53, ">=70") / 4 +SUMIF(O53:O53, ">=70") / 4 +SUMIF(Q53:Q53, ">=70") / 4 +SUMIF(S53:S53, ">=70") / 4 + SUMIF(N53:N53, ">1") / 4 + SUMIF(P53:P53, ">1") / 4 + SUMIF(R53:R53, ">1") / 4 + SUMIF(T53:T53, ">1") / 4 -> 70.25 | AM53: =SUMIF(U53:U53, ">=70") / 4 +SUMIF(W53:W53, ">=70") / 4 +SUMIF(Y53:Y53, ">=70") / 4 +SUMIF(AA53:AA53, ">=70") / 4 + SUMIF(V53:V53, ">1") / 4 + SUMIF(X53:X53, ">1") / 4 + SUMIF(Z53:Z53, ">1") / 4 + SUMIF(AB53:AB53, ">1") / 4 -> 71 | AN53: =SUMIF(AC53:AC53, ">=65") / 4 +SUMIF(AE53:AE53, ">=65") / 4 +SUMIF(AG53:AG53, ">=65") / 4 +SUMIF(AI53:AI53, ">=65") / 4 + SUMIF(AD53:AD53, ">1") / 4 + SUMIF(AF53:AF53, ">1") / 4 + SUMIF(AH53:AH53, ">1") / 4 + SUMIF(AJ53:AJ53, ">1") / 4 -> 71 | AO53: =AVERAGE(AK53:AN53) -> 70.5625 | AR53: =IF(AO53<70, AO53*0.5, "") | AT53: =AS53*50% -> 0 | AU53: =IF(AS53<>"", IF(AR53="","",AR53+AT53), "") | AV53: =IF(AU53 < 70, AR53*30%, "") | AX53: =AW53*70% -> 0 | AY53: =IF(AW53<>"", IF(AV53="", "", AV53+AX53), "") | AZ53: =IF(AND(AU53<70, AY53<70), AO53, "") | BB53: =IF(AW53<>"", IF(AY53>=70, AY53, IF(AZ53+BA53>=70, AZ53+BA53, "")), IF(AS53<>"", IF(AU53>=70, AU53, ""), IF(AO53>=70, AO53, ""))) -> 70.5625 | BC53: =IF(AW53<>"", IF(AY53<70, IF(AZ53+BA53<70, AZ53+BA53, ""), ""), IF(AS53<>"", IF(AU53<70, AU53, ""), IF(AO53<70, AO53, ""))) | BE53: =SUM(E53+M53+U53+AC53)/4 -> 70 | BF53: =SUM(G53+O53+W53+AE53)/4 -> 70.25 | BG53: =SUM(I53+Q53+Y53+AG53)/4 -> 71 | BH53: =SUM(K53+S53+AA53+AI53)/4 -> 71 | BI53: =AVERAGE(BE53:BH53) -> 70.5625
A54: 44 | B54: 1A-A-44 | C54: ISAIAS | D54: ROSARIO PRENZA | E54: 78 | G54: 77 | I54: 78 | K54: 77 | M54: 78 | O54: 80 | Q54: 78 | S54: 80 | U54: 78 | W54: 79 | Y54: 80 | AA54: 80 | AC54: 78 | AE54: 79 | AG54: 80 | AI54: 80 | AK54: =SUMIF(E54:E54, ">=70") / 4 +SUMIF(G54:G54, ">=70") / 4 +SUMIF(I54:I54, ">=70") / 4 +SUMIF(K54:K54, ">=70") / 4 + SUMIF(F54:F54, ">1") / 4 + SUMIF(H54:H54, ">1") / 4 + SUMIF(J54:J54, ">1") / 4 + SUMIF(L54:L54, ">1") / 4 -> 77.5 | AL54: =SUMIF(M54:M54, ">=70") / 4 +SUMIF(O54:O54, ">=70") / 4 +SUMIF(Q54:Q54, ">=70") / 4 +SUMIF(S54:S54, ">=70") / 4 + SUMIF(N54:N54, ">1") / 4 + SUMIF(P54:P54, ">1") / 4 + SUMIF(R54:R54, ">1") / 4 + SUMIF(T54:T54, ">1") / 4 -> 79 | AM54: =SUMIF(U54:U54, ">=70") / 4 +SUMIF(W54:W54, ">=70") / 4 +SUMIF(Y54:Y54, ">=70") / 4 +SUMIF(AA54:AA54, ">=70") / 4 + SUMIF(V54:V54, ">1") / 4 + SUMIF(X54:X54, ">1") / 4 + SUMIF(Z54:Z54, ">1") / 4 + SUMIF(AB54:AB54, ">1") / 4 -> 79.25 | AN54: =SUMIF(AC54:AC54, ">=65") / 4 +SUMIF(AE54:AE54, ">=65") / 4 +SUMIF(AG54:AG54, ">=65") / 4 +SUMIF(AI54:AI54, ">=65") / 4 + SUMIF(AD54:AD54, ">1") / 4 + SUMIF(AF54:AF54, ">1") / 4 + SUMIF(AH54:AH54, ">1") / 4 + SUMIF(AJ54:AJ54, ">1") / 4 -> 79.25 | AO54: =AVERAGE(AK54:AN54) -> 78.75 | AR54: =IF(AO54<70, AO54*0.5, "") | AT54: =AS54*50% -> 0 | AU54: =IF(AS54<>"", IF(AR54="","",AR54+AT54), "") | AV54: =IF(AU54 < 70, AR54*30%, "") | AX54: =AW54*70% -> 0 | AY54: =IF(AW54<>"", IF(AV54="", "", AV54+AX54), "") | AZ54: =IF(AND(AU54<70, AY54<70), AO54, "") | BB54: =IF(AW54<>"", IF(AY54>=70, AY54, IF(AZ54+BA54>=70, AZ54+BA54, "")), IF(AS54<>"", IF(AU54>=70, AU54, ""), IF(AO54>=70, AO54, ""))) -> 78.75 | BC54: =IF(AW54<>"", IF(AY54<70, IF(AZ54+BA54<70, AZ54+BA54, ""), ""), IF(AS54<>"", IF(AU54<70, AU54, ""), IF(AO54<70, AO54, ""))) | BE54: =SUM(E54+M54+U54+AC54)/4 -> 78 | BF54: =SUM(G54+O54+W54+AE54)/4 -> 78.75 | BG54: =SUM(I54+Q54+Y54+AG54)/4 -> 79 | BH54: =SUM(K54+S54+AA54+AI54)/4 -> 79.25 | BI54: =AVERAGE(BE54:BH54) -> 78.75
A55: 45 | B55: 1A-A-45 | C55: RANYELINA | D55: SINE | AK55: =SUMIF(E55:E55, ">=70") / 4 +SUMIF(G55:G55, ">=70") / 4 +SUMIF(I55:I55, ">=70") / 4 +SUMIF(K55:K55, ">=70") / 4 + SUMIF(F55:F55, ">1") / 4 + SUMIF(H55:H55, ">1") / 4 + SUMIF(J55:J55, ">1") / 4 + SUMIF(L55:L55, ">1") / 4 -> 0 | AL55: =SUMIF(M55:M55, ">=70") / 4 +SUMIF(O55:O55, ">=70") / 4 +SUMIF(Q55:Q55, ">=70") / 4 +SUMIF(S55:S55, ">=70") / 4 + SUMIF(N55:N55, ">1") / 4 + SUMIF(P55:P55, ">1") / 4 + SUMIF(R55:R55, ">1") / 4 + SUMIF(T55:T55, ">1") / 4 -> 0 | AM55: =SUMIF(U55:U55, ">=70") / 4 +SUMIF(W55:W55, ">=70") / 4 +SUMIF(Y55:Y55, ">=70") / 4 +SUMIF(AA55:AA55, ">=70") / 4 + SUMIF(V55:V55, ">1") / 4 + SUMIF(X55:X55, ">1") / 4 + SUMIF(Z55:Z55, ">1") / 4 + SUMIF(AB55:AB55, ">1") / 4 -> 0 | AN55: =SUMIF(AC55:AC55, ">=65") / 4 +SUMIF(AE55:AE55, ">=65") / 4 +SUMIF(AG55:AG55, ">=65") / 4 +SUMIF(AI55:AI55, ">=65") / 4 + SUMIF(AD55:AD55, ">1") / 4 + SUMIF(AF55:AF55, ">1") / 4 + SUMIF(AH55:AH55, ">1") / 4 + SUMIF(AJ55:AJ55, ">1") / 4 -> 0 | AO55: =AVERAGE(AK55:AN55) -> 0 | AR55: =IF(AO55<70, AO55*0.5, "") -> 0 | AT55: =AS55*50% -> 0 | AU55: =IF(AS55<>"", IF(AR55="","",AR55+AT55), "") | AV55: =IF(AU55 < 70, AR55*30%, "") | AX55: =AW55*70% -> 0 | AY55: =IF(AW55<>"", IF(AV55="", "", AV55+AX55), "") | AZ55: =IF(AND(AU55<70, AY55<70), AO55, "") | BB55: =IF(AW55<>"", IF(AY55>=70, AY55, IF(AZ55+BA55>=70, AZ55+BA55, "")), IF(AS55<>"", IF(AU55>=70, AU55, ""), IF(AO55>=70, AO55, ""))) | BC55: =IF(AW55<>"", IF(AY55<70, IF(AZ55+BA55<70, AZ55+BA55, ""), ""), IF(AS55<>"", IF(AU55<70, AU55, ""), IF(AO55<70, AO55, ""))) -> 0 | BE55: =SUM(E55+M55+U55+AC55)/4 -> 0 | BF55: =SUM(G55+O55+W55+AE55)/4 -> 0 | BG55: =SUM(I55+Q55+Y55+AG55)/4 -> 0 | BH55: =SUM(K55+S55+AA55+AI55)/4 -> 0 | BI55: =AVERAGE(BE55:BH55) -> 0

Sheet NATURALES
E7: CALCULO DE NOTAS | AO7: Calificacion Final | AP7: % DE ASISTENCIA ANUAL | AR7: CALIFICACION COMPLETIVA | AV7: CALIFICACION EXTRAORDINARIA | AZ7: EVALUACION ESPECIAL | BB7: SITUACIONFINAL EN LA ASIGNATURA
A9: NO | B9: ID | C9: NOMBRES | D9: APELLIDOS | E9: CE - LE1 | M9: CE - LE2, LE3 | U9: CE - LE4, LE6 | AC9: CE - LE5, LE7 | AK9: PCP 1 | AL9: PCP 2 | AM9: PCP 3 | AN9: PCP 4 | AR9: 50% C.F | AS9: C.E.C. | AT9: 50% C.E.C. | AU9: C.C.F | AV9: 30% C.F. | AW9: C.E.EX | AX9: 70% C.E.EX | AY9: C.EX.F | AZ9: C.F. | BA9: C.E. | BB9: A | BC9: R
E10: P1 | F10: RP1 | G10: P2 | H10: RP2 | I10: P3 | J10: RP3 | K10: P4 | L10: RP4 | M10: P1 | N10: RP1 | O10: P2 | P10: RP2 | Q10: P3 | R10: RP3 | S10: P4 | T10: RP4 | U10: P1 | V10: RP1 | W10: P2 | X10: RP3 | Y10: P3 | Z10: RP4 | AA10: P4 | AB10: RP4 | AC10: P1 | AD10: RP1 | AE10: P2 | AF10: RP3 | AG10: P3 | AH10: RP4 | AI10: P4 | AJ10: RP4 | BE10: P1 | BF10: P2 | BG10: P3 | BH10: P4 | BI10: C.F
A11: 1 | B11: 1A-A-01 | C11: LUIS ANDRES | D11: ADAMES COLON | E11: 70 | G11: 70 | I11: 80 | K11: 80 | M11: 74 | O11: 70 | Q11: 70 | S11: 70 | U11: 75 | W11: 70 | Y11: 72 | AA11: 80 | AC11: 70 | AE11: 70 | AG11: 74 | AI11: 73 | AK11: =SUMIF(E11:E11, ">=70") / 4 +SUMIF(G11:G11, ">=70") / 4 +SUMIF(I11:I11, ">=70") / 4 +SUMIF(K11:K11, ">=70") / 4 + SUMIF(F11:F11, ">1") / 4 + SUMIF(H11:H11, ">1") / 4 + SUMIF(J11:J11, ">1") / 4 + SUMIF(L11:L11, ">1") / 4 -> 75 | AL11: =SUMIF(M11:M11, ">=70") / 4 +SUMIF(O11:O11, ">=70") / 4 +SUMIF(Q11:Q11, ">=70") / 4 +SUMIF(S11:S11, ">=70") / 4 + SUMIF(N11:N11, ">1") / 4 + SUMIF(P11:P11, ">1") / 4 + SUMIF(R11:R11, ">1") / 4 + SUMIF(T11:T11, ">1") / 4 -> 71 | AM11: =SUMIF(U11:U11, ">=70") / 4 +SUMIF(W11:W11, ">=70") / 4 +SUMIF(Y11:Y11, ">=70") / 4 +SUMIF(AA11:AA11, ">=70") / 4 + SUMIF(V11:V11, ">1") / 4 + SUMIF(X11:X11, ">1") / 4 + SUMIF(Z11:Z11, ">1") / 4 + SUMIF(AB11:AB11, ">1") / 4 -> 74.25 | AN11: =SUMIF(AC11:AC11, ">=70") / 4 +SUMIF(AE11:AE11, ">=70") / 4 +SUMIF(AG11:AG11, ">=70") / 4 +SUMIF(AI11:AI11, ">=70") / 4 + SUMIF(AD11:AD11, ">1") / 4 + SUMIF(AF11:AF11, ">1") / 4 + SUMIF(AH11:AH11, ">1") / 4 + SUMIF(AJ11:AJ11, ">1") / 4 -> 71.75 | AO11: =AVERAGE(AK11:AN11) -> 73 | AR11: =IF(AO11<70, AO11*0.5, "") | AT11: =AS11*50% -> 0 | AU11: =IF(AS11<>"", IF(AR11="","",AR11+AT11), "") | AV11: =IF(AU11 < 70, AR11*30%, "") | AX11: =AW11*70% -> 0 | AY11: =IF(AW11<>"", IF(AV11="", "", AV11+AX11), "") | AZ11: =IF(AND(AU11<70, AY11<70), AO11, "") | BB11: =IF(AW11<>"", IF(AY11>=70, AY11, IF(AZ11+BA11>=70, AZ11+BA11, "")), IF(AS11<>"", IF(AU11>=70, AU11, ""), IF(AO11>=70, AO11, ""))) -> 73 | BC11: =IF(AW11<>"", IF(AY11<70, IF(AZ11+BA11<70, AZ11+BA11, ""), ""), IF(AS11<>"", IF(AU11<70, AU11, ""), IF(AO11<70, AO11, ""))) | BE11: =SUM(E11+M11+U11+AC11)/4 -> 72.25 | BF11: =SUM(G11+O11+W11+AE11)/4 -> 70 | BG11: =SUM(I11+Q11+Y11+AG11)/4 -> 74 | BH11: =SUM(K11+S11+AA11+AI11)/4 -> 75.75 | BI11: =AVERAGE(BE11:BH11) -> 73
A12: 2 | B12: 1A-A-02 | C12: ANEURIS | D12: ANDERSON | E12: 75 | G12: 80 | I12: 80 | K12: 80 | M12: 76 | O12: 78 | Q12: 80 | S12: 80 | U12: 72 | W12: 75 | Y12: 80 | AA12: 80 | AC12: 75 | AE12: 80 | AG12: 88 | AI12: 90 | AK12: =SUMIF(E12:E12, ">=70") / 4 +SUMIF(G12:G12, ">=70") / 4 +SUMIF(I12:I12, ">=70") / 4 +SUMIF(K12:K12, ">=70") / 4 + SUMIF(F12:F12, ">1") / 4 + SUMIF(H12:H12, ">1") / 4 + SUMIF(J12:J12, ">1") / 4 + SUMIF(L12:L12, ">1") / 4 -> 78.75 | AL12: =SUMIF(M12:M12, ">=70") / 4 +SUMIF(O12:O12, ">=70") / 4 +SUMIF(Q12:Q12, ">=70") / 4 +SUMIF(S12:S12, ">=70") / 4 + SUMIF(N12:N12, ">1") / 4 + SUMIF(P12:P12, ">1") / 4 + SUMIF(R12:R12, ">1") / 4 + SUMIF(T12:T12, ">1") / 4 -> 78.5 | AM12: =SUMIF(U12:U12, ">=70") / 4 +SUMIF(W12:W12, ">=70") / 4 +SUMIF(Y12:Y12, ">=70") / 4 +SUMIF(AA12:AA12, ">=70") / 4 + SUMIF(V12:V12, ">1") / 4 + SUMIF(X12:X12, ">1") / 4 + SUMIF(Z12:Z12, ">1") / 4 + SUMIF(AB12:AB12, ">1") / 4 -> 76.75 | AN12: =SUMIF(AC12:AC12, ">=65") / 4 +SUMIF(AE12:AE12, ">=65") / 4 +SUMIF(AG12:AG12, ">=65") / 4 +SUMIF(AI12:AI12, ">=65") / 4 + SUMIF(AD12:AD12, ">1") / 4 + SUMIF(AF12:AF12, ">1") / 4 + SUMIF(AH12:AH12, ">1") / 4 + SUMIF(AJ12:AJ12, ">1") / 4 -> 83.25 | AO12: =AVERAGE(AK12:AN12) -> 79.3125 | AR12: =IF(AO12<70, AO12*0.5, "") | AT12: =AS12*50% -> 0 | AU12: =IF(AS12<>"", IF(AR12="","",AR12+AT12), "") | AV12: =IF(AU12 < 70, AR12*30%, "") | AX12: =AW12*70% -> 0 | AY12: =IF(AW12<>"", IF(AV12="", "", AV12+AX12), "") | AZ12: =IF(AND(AU12<70, AY12<70), AO12, "") | BB12: =IF(AW12<>"", IF(AY12>=70, AY12, IF(AZ12+BA12>=70, AZ12+BA12, "")), IF(AS12<>"", IF(AU12>=70, AU12, ""), IF(AO12>=70, AO12, ""))) -> 79.3125 | BC12: =IF(AW12<>"", IF(AY12<70, IF(AZ12+BA12<70, AZ12+BA12, ""), ""), IF(AS12<>"", IF(AU12<70, AU12, ""), IF(AO12<70, AO12, ""))) | BE12: =SUM(E12+M12+U12+AC12)/4 -> 74.5 | BF12: =SUM(G12+O12+W12+AE12)/4 -> 78.25 | BG12: =SUM(I12+Q12+Y12+AG12)/4 -> 82 | BH12: =SUM(K12+S12+AA12+AI12)/4 -> 82.5 | BI12: =AVERAGE(BE12:BH12) -> 79.3125
A13: 3 | B13: 1A-A-03 | C13: ANGEL ARIEL | D13: AZCONA BALBUENA | E13: 80 | G13: 78 | I13: 88 | K13: 90 | M13: 80 | O13: 79 | Q13: 88 | S13: 87 | U13: 81 | W13: 80 | Y13: 88 | AA13: 90 | AC13: 80 | AE13: 78 | AG13: 88 | AI13: 90 | AK13: =SUMIF(E13:E13, ">=70") / 4 +SUMIF(G13:G13, ">=70") / 4 +SUMIF(I13:I13, ">=70") / 4 +SUMIF(K13:K13, ">=70") / 4 + SUMIF(F13:F13, ">1") / 4 + SUMIF(H13:H13, ">1") / 4 + SUMIF(J13:J13, ">1") / 4 + SUMIF(L13:L13, ">1") / 4 -> 84 | AL13: =SUMIF(M13:M13, ">=70") / 4 +SUMIF(O13:O13, ">=70") / 4 +SUMIF(Q13:Q13, ">=70") / 4 +SUMIF(S13:S13, ">=70") / 4 + SUMIF(N13:N13, ">1") / 4 + SUMIF(P13:P13, ">1") / 4 + SUMIF(R13:R13, ">1") / 4 + SUMIF(T13:T13, ">1") / 4 -> 83.5 | AM13: =SUMIF(U13:U13, ">=70") / 4 +SUMIF(W13:W13, ">=70") / 4 +SUMIF(Y13:Y13, ">=70") / 4 +SUMIF(AA13:AA13, ">=70") / 4 + SUMIF(V13:V13, ">1") / 4 + SUMIF(X13:X13, ">1") / 4 + SUMIF(Z13:Z13, ">1") / 4 + SUMIF(AB13:AB13, ">1") / 4 -> 84.75 | AN13: =SUMIF(AC13:AC13, ">=65") / 4 +SUMIF(AE13:AE13, ">=65") / 4 +SUMIF(AG13:AG13, ">=65") / 4 +SUMIF(AI13:AI13, ">=65") / 4 + SUMIF(AD13:AD13, ">1") / 4 + SUMIF(AF13:AF13, ">1") / 4 + SUMIF(AH13:AH13, ">1") / 4 + SUMIF(AJ13:AJ13, ">1") / 4 -> 84 | AO13: =AVERAGE(AK13:AN13) -> 84.0625 | AR13: =IF(AO13<70, AO13*0.5, "") | AT13: =AS13*50% -> 0 | AU13: =IF(AS13<>"", IF(AR13="","",AR13+AT13), "") | AV13: =IF(AU13 < 70, AR13*30%, "") | AX13: =AW13*70% -> 0 | AY13: =IF(AW13<>"", IF(AV13="", "", AV13+AX13), "") | AZ13: =IF(AND(AU13<70, AY13<70), AO13, "") | BB13: =IF(AW13<>"", IF(AY13>=70, AY13, IF(AZ13+BA13>=70, AZ13+BA13, "")), IF(AS13<>"", IF(AU13>=70, AU13, ""), IF(AO13>=70, AO13, ""))) -> 84.0625 | BC13: =IF(AW13<>"", IF(AY13<70, IF(AZ13+BA13<70, AZ13+BA13, ""), ""), IF(AS13<>"", IF(AU13<70, AU13, ""), IF(AO13<70, AO13, ""))) | BE13: =SUM(E13+M13+U13+AC13)/4 -> 80.25 | BF13: =SUM(G13+O13+W13+AE13)/4 -> 78.75 | BG13: =SUM(I13+Q13+Y13+AG13)/4 -> 88 | BH13: =SUM(K13+S13+AA13+AI13)/4 -> 89.25 | BI13: =AVERAGE(BE13:BH13) -> 84.0625
A14: 4 | B14: 1A-A-04 | C14: WISLINE | D14: BERNADEAU | E14: 78 | G14: 75 | I14: 80 | K14: 80 | M14: 78 | O14: 78 | Q14: 75 | S14: 77 | U14: 76 | W14: 78 | Y14: 80 | AA14: 78 | AC14: 60 | AD14: 70 | AE14: 79 | AG14: 78 | AI14: 80 | AK14: =SUMIF(E14:E14, ">=70") / 4 +SUMIF(G14:G14, ">=70") / 4 +SUMIF(I14:I14, ">=70") / 4 +SUMIF(K14:K14, ">=70") / 4 + SUMIF(F14:F14, ">1") / 4 + SUMIF(H14:H14, ">1") / 4 + SUMIF(J14:J14, ">1") / 4 + SUMIF(L14:L14, ">1") / 4 -> 78.25 | AL14: =SUMIF(M14:M14, ">=70") / 4 +SUMIF(O14:O14, ">=70") / 4 +SUMIF(Q14:Q14, ">=70") / 4 +SUMIF(S14:S14, ">=70") / 4 + SUMIF(N14:N14, ">1") / 4 + SUMIF(P14:P14, ">1") / 4 + SUMIF(R14:R14, ">1") / 4 + SUMIF(T14:T14, ">1") / 4 -> 77 | AM14: =SUMIF(U14:U14, ">=70") / 4 +SUMIF(W14:W14, ">=70") / 4 +SUMIF(Y14:Y14, ">=70") / 4 +SUMIF(AA14:AA14, ">=70") / 4 + SUMIF(V14:V14, ">1") / 4 + SUMIF(X14:X14, ">1") / 4 + SUMIF(Z14:Z14, ">1") / 4 + SUMIF(AB14:AB14, ">1") / 4 -> 78 | AN14: =SUMIF(AC14:AC14, ">=65") / 4 +SUMIF(AE14:AE14, ">=65") / 4 +SUMIF(AG14:AG14, ">=65") / 4 +SUMIF(AI14:AI14, ">=65") / 4 + SUMIF(AD14:AD14, ">1") / 4 + SUMIF(AF14:AF14, ">1") / 4 + SUMIF(AH14:AH14, ">1") / 4 + SUMIF(AJ14:AJ14, ">1") / 4 -> 76.75 | AO14: =AVERAGE(AK14:AN14) -> 77.5 | AR14: =IF(AO14<70, AO14*0.5, "") | AT14: =AS14*50% -> 0 | AU14: =IF(AS14<>"", IF(AR14="","",AR14+AT14), "") | AV14: =IF(AU14 < 70, AR14*30%, "") | AX14: =AW14*70% -> 0 | AY14: =IF(AW14<>"", IF(AV14="", "", AV14+AX14), "") | AZ14: =IF(AND(AU14<70, AY14<70), AO14, "") | BB14: =IF(AW14<>"", IF(AY14>=70, AY14, IF(AZ14+BA14>=70, AZ14+BA14, "")), IF(AS14<>"", IF(AU14>=70, AU14, ""), IF(AO14>=70, AO14, ""))) -> 77.5 | BC14: =IF(AW14<>"", IF(AY14<70, IF(AZ14+BA14<70, AZ14+BA14, ""), ""), IF(AS14<>"", IF(AU14<70, AU14, ""), IF(AO14<70, AO14, ""))) | BE14: =SUM(E14+M14+U14+AC14)/4 -> 73 | BF14: =SUM(G14+O14+W14+AE14)/4 -> 77.5 | BG14: =SUM(I14+Q14+Y14+AG14)/4 -> 78.25 | BH14: =SUM(K14+S14+AA14+AI14)/4 -> 78.75 | BI14: =AVERAGE(BE14:BH14) -> 76.875
A15: 5 | B15: 1A-A-05 | C15: LISAIRY | D15: BREA CONTRERA | E15: 90 | G15: 90 | I15: 88 | K15: 85 | M15: 92 | O15: 90 | Q15: 87 | S15: 85 | U15: 90 | W15: 90 | Y15: 88 | AA15: 85 | AC15: 90 | AE15: 90 | AG15: 88 | AI15: 88 | AK15: =SUMIF(E15:E15, ">=70") / 4 +SUMIF(G15:G15, ">=70") / 4 +SUMIF(I15:I15, ">=70") / 4 +SUMIF(K15:K15, ">=70") / 4 + SUMIF(F15:F15, ">1") / 4 + SUMIF(H15:H15, ">1") / 4 + SUMIF(J15:J15, ">1") / 4 + SUMIF(L15:L15, ">1") / 4 -> 88.25 | AL15: =SUMIF(M15:M15, ">=70") / 4 +SUMIF(O15:O15, ">=70") / 4 +SUMIF(Q15:Q15, ">=70") / 4 +SUMIF(S15:S15, ">=70") / 4 + SUMIF(N15:N15, ">1") / 4 + SUMIF(P15:P15, ">1") / 4 + SUMIF(R15:R15, ">1") / 4 + SUMIF(T15:T15, ">1") / 4 -> 88.5 | AM15: =SUMIF(U15:U15, ">=70") / 4 +SUMIF(W15:W15, ">=70") / 4 +SUMIF(Y15:Y15, ">=70") / 4 +SUMIF(AA15:AA15, ">=70") / 4 + SUMIF(V15:V15, ">1") / 4 + SUMIF(X15:X15, ">1") / 4 + SUMIF(Z15:Z15, ">1") / 4 + SUMIF(AB15:AB15, ">1") / 4 -> 88.25 | AN15: =SUMIF(AC15:AC15, ">=65") / 4 +SUMIF(AE15:AE15, ">=65") / 4 +SUMIF(AG15:AG15, ">=65") / 4 +SUMIF(AI15:AI15, ">=65") / 4 + SUMIF(AD15:AD15, ">1") / 4 + SUMIF(AF15:AF15, ">1") / 4 + SUMIF(AH15:AH15, ">1") / 4 + SUMIF(AJ15:AJ15, ">1") / 4 -> 89 | AO15: =AVERAGE(AK15:AN15) -> 88.5 | AR15: =IF(AO15<70, AO15*0.5, "") | AT15: =AS15*50% -> 0 | AU15: =IF(AS15<>"", IF(AR15="","",AR15+AT15), "") | AV15: =IF(AU15 < 70, AR15*30%, "") | AX15: =AW15*70% -> 0 | AY15: =IF(AW15<>"", IF(AV15="", "", AV15+AX15), "") | AZ15: =IF(AND(AU15<70, AY15<70), AO15, "") | BB15: =IF(AW15<>"", IF(AY15>=70, AY15, IF(AZ15+BA15>=70, AZ15+BA15, "")), IF(AS15<>"", IF(AU15>=70, AU15, ""), IF(AO15>=70, AO15, ""))) -> 88.5 | BC15: =IF(AW15<>"", IF(AY15<70, IF(AZ15+BA15<70, AZ15+BA15, ""), ""), IF(AS15<>"", IF(AU15<70, AU15, ""), IF(AO15<70, AO15, ""))) | BE15: =SUM(E15+M15+U15+AC15)/4 -> 90.5 | BF15: =SUM(G15+O15+W15+AE15)/4 -> 90 | BG15: =SUM(I15+Q15+Y15+AG15)/4 -> 87.75 | BH15: =SUM(K15+S15+AA15+AI15)/4 -> 85.75 | BI15: =AVERAGE(BE15:BH15) -> 88.5
A16: 6 | B16: 1A-A-06 | C16: RODENEL | D16: CACEUS DABOIS | E16: 74 | G16: 82 | I16: 79 | K16: 80 | M16: 76 | O16: 80 | Q16: 80 | S16: 82 | U16: 75 | W16: 81 | Y16: 79 | AA16: 80 | AC16: 72 | AE16: 82 | AG16: 80 | AI16: 79 | AK16: =SUMIF(E16:E16, ">=70") / 4 +SUMIF(G16:G16, ">=70") / 4 +SUMIF(I16:I16, ">=70") / 4 +SUMIF(K16:K16, ">=70") / 4 + SUMIF(F16:F16, ">1") / 4 + SUMIF(H16:H16, ">1") / 4 + SUMIF(J16:J16, ">1") / 4 + SUMIF(L16:L16, ">1") / 4 -> 78.75 | AL16: =SUMIF(M16:M16, ">=70") / 4 +SUMIF(O16:O16, ">=70") / 4 +SUMIF(Q16:Q16, ">=70") / 4 +SUMIF(S16:S16, ">=70") / 4 + SUMIF(N16:N16, ">1") / 4 + SUMIF(P16:P16, ">1") / 4 + SUMIF(R16:R16, ">1") / 4 + SUMIF(T16:T16, ">1") / 4 -> 79.5 | AM16: =SUMIF(U16:U16, ">=70") / 4 +SUMIF(W16:W16, ">=70") / 4 +SUMIF(Y16:Y16, ">=70") / 4 +SUMIF(AA16:AA16, ">=70") / 4 + SUMIF(V16:V16, ">1") / 4 + SUMIF(X16:X16, ">1") / 4 + SUMIF(Z16:Z16, ">1") / 4 + SUMIF(AB16:AB16, ">1") / 4 -> 78.75 | AN16: =SUMIF(AC16:AC16, ">=65") / 4 +SUMIF(AE16:AE16, ">=65") / 4 +SUMIF(AG16:AG16, ">=65") / 4 +SUMIF(AI16:AI16, ">=65") / 4 + SUMIF(AD16:AD16, ">1") / 4 + SUMIF(AF16:AF16, ">1") / 4 + SUMIF(AH16:AH16, ">1") / 4 + SUMIF(AJ16:AJ16, ">1") / 4 -> 78.25 | AO16: =AVERAGE(AK16:AN16) -> 78.8125 | AR16: =IF(AO16<70, AO16*0.5, "") | AT16: =AS16*50% -> 0 | AU16: =IF(AS16<>"", IF(AR16="","",AR16+AT16), "") | AV16: =IF(AU16 < 70, AR16*30%, "") | AX16: =AW16*70% -> 0 | AY16: =IF(AW16<>"", IF(AV16="", "", AV16+AX16), "") | AZ16: =IF(AND(AU16<70, AY16<70), AO16, "") | BB16: =IF(AW16<>"", IF(AY16>=70, AY16, IF(AZ16+BA16>=70, AZ16+BA16, "")), IF(AS16<>"", IF(AU16>=70, AU16, ""), IF(AO16>=70, AO16, ""))) -> 78.8125 | BC16: =IF(AW16<>"", IF(AY16<70, IF(AZ16+BA16<70, AZ16+BA16, ""), ""), IF(AS16<>"", IF(AU16<70, AU16, ""), IF(AO16<70, AO16, ""))) | BE16: =SUM(E16+M16+U16+AC16)/4 -> 74.25 | BF16: =SUM(G16+O16+W16+AE16)/4 -> 81.25 | BG16: =SUM(I16+Q16+Y16+AG16)/4 -> 79.5 | BH16: =SUM(K16+S16+AA16+AI16)/4 -> 80.25 | BI16: =AVERAGE(BE16:BH16) -> 78.8125
A17: 7 | B17: 1A-A-07 | C17: MARY LUZ | D17: CAMILO ESPINAL | E17: 80 | G17: 80 | I17: 88 | K17: 80 | M17: 80 | O17: 80 | Q17: 84 | S17: 86 | U17: 80 | W17: 80 | Y17: 88 | AA17: 80 | AC17: 80 | AE17: 80 | AG17: 80 | AI17: 85 | AK17: =SUMIF(E17:E17, ">=70") / 4 +SUMIF(G17:G17, ">=70") / 4 +SUMIF(I17:I17, ">=70") / 4 +SUMIF(K17:K17, ">=70") / 4 + SUMIF(F17:F17, ">1") / 4 + SUMIF(H17:H17, ">1") / 4 + SUMIF(J17:J17, ">1") / 4 + SUMIF(L17:L17, ">1") / 4 -> 82 | AL17: =SUMIF(M17:M17, ">=70") / 4 +SUMIF(O17:O17, ">=70") / 4 +SUMIF(Q17:Q17, ">=70") / 4 +SUMIF(S17:S17, ">=70") / 4 + SUMIF(N17:N17, ">1") / 4 + SUMIF(P17:P17, ">1") / 4 + SUMIF(R17:R17, ">1") / 4 + SUMIF(T17:T17, ">1") / 4 -> 82.5 | AM17: =SUMIF(U17:U17, ">=70") / 4 +SUMIF(W17:W17, ">=70") / 4 +SUMIF(Y17:Y17, ">=70") / 4 +SUMIF(AA17:AA17, ">=70") / 4 + SUMIF(V17:V17, ">1") / 4 + SUMIF(X17:X17, ">1") / 4 + SUMIF(Z17:Z17, ">1") / 4 + SUMIF(AB17:AB17, ">1") / 4 -> 82 | AN17: =SUMIF(AC17:AC17, ">=65") / 4 +SUMIF(AE17:AE17, ">=65") / 4 +SUMIF(AG17:AG17, ">=65") / 4 +SUMIF(AI17:AI17, ">=65") / 4 + SUMIF(AD17:AD17, ">1") / 4 + SUMIF(AF17:AF17, ">1") / 4 + SUMIF(AH17:AH17, ">1") / 4 + SUMIF(AJ17:AJ17, ">1") / 4 -> 81.25 | AO17: =AVERAGE(AK17:AN17) -> 81.9375 | AR17: =IF(AO17<70, AO17*0.5, "") | AT17: =AS17*50% -> 0 | AU17: =IF(AS17<>"", IF(AR17="","",AR17+AT17), "") | AV17: =IF(AU17 < 70, AR17*30%, "") | AX17: =AW17*70% -> 0 | AY17: =IF(AW17<>"", IF(AV17="", "", AV17+AX17), "") | AZ17: =IF(AND(AU17<70, AY17<70), AO17, "") | BB17: =IF(AW17<>"", IF(AY17>=70, AY17, IF(AZ17+BA17>=70, AZ17+BA17, "")), IF(AS17<>"", IF(AU17>=70, AU17, ""), IF(AO17>=70, AO17, ""))) -> 81.9375 | BC17: =IF(AW17<>"", IF(AY17<70, IF(AZ17+BA17<70, AZ17+BA17, ""), ""), IF(AS17<>"", IF(AU17<70, AU17, ""), IF(AO17<70, AO17, ""))) | BE17: =SUM(E17+M17+U17+AC17)/4 -> 80 | BF17: =SUM(G17+O17+W17+AE17)/4 -> 80 | BG17: =SUM(I17+Q17+Y17+AG17)/4 -> 85 | BH17: =SUM(K17+S17+AA17+AI17)/4 -> 82.75 | BI17: =AVERAGE(BE17:BH17) -> 81.9375
A18: 8 | B18: 1A-A-08 | C18: ANA ROSA | D18: CARRION VILORIO | AK18: =SUMIF(E18:E18, ">=70") / 4 +SUMIF(G18:G18, ">=70") / 4 +SUMIF(I18:I18, ">=70") / 4 +SUMIF(K18:K18, ">=70") / 4 + SUMIF(F18:F18, ">1") / 4 + SUMIF(H18:H18, ">1") / 4 + SUMIF(J18:J18, ">1") / 4 + SUMIF(L18:L18, ">1") / 4 -> 0 | AL18: =SUMIF(M18:M18, ">=70") / 4 +SUMIF(O18:O18, ">=70") / 4 +SUMIF(Q18:Q18, ">=70") / 4 +SUMIF(S18:S18, ">=70") / 4 + SUMIF(N18:N18, ">1") / 4 + SUMIF(P18:P18, ">1") / 4 + SUMIF(R18:R18, ">1") / 4 + SUMIF(T18:T18, ">1") / 4 -> 0 | AM18: =SUMIF(U18:U18, ">=70") / 4 +SUMIF(W18:W18, ">=70") / 4 +SUMIF(Y18:Y18, ">=70") / 4 +SUMIF(AA18:AA18, ">=70") / 4 + SUMIF(V18:V18, ">1") / 4 + SUMIF(X18:X18, ">1") / 4 + SUMIF(Z18:Z18, ">1") / 4 + SUMIF(AB18:AB18, ">1") / 4 -> 0 | AN18: =SUMIF(AC18:AC18, ">=65") / 4 +SUMIF(AE18:AE18, ">=65") / 4 +SUMIF(AG18:AG18, ">=65") / 4 +SUMIF(AI18:AI18, ">=65") / 4 + SUMIF(AD18:AD18, ">1") / 4 + SUMIF(AF18:AF18, ">1") / 4 + SUMIF(AH18:AH18, ">1") / 4 + SUMIF(AJ18:AJ18, ">1") / 4 -> 0 | AO18: =AVERAGE(AK18:AN18) -> 0 | AR18: =IF(AO18<70, AO18*0.5, "") -> 0 | AT18: =AS18*50% -> 0 | AU18: =IF(AS18<>"", IF(AR18="","",AR18+AT18), "") | AV18: =IF(AU18 < 70, AR18*30%, "") | AX18: =AW18*70% -> 0 | AY18: =IF(AW18<>"", IF(AV18="", "", AV18+AX18), "") | AZ18: =IF(AND(AU18<70, AY18<70), AO18, "") | BB18: =IF(AW18<>"", IF(AY18>=70, AY18, IF(AZ18+BA18>=70, AZ18+BA18, "")), IF(AS18<>"", IF(AU18>=70, AU18, ""), IF(AO18>=70, AO18, ""))) | BC18: =IF(AW18<>"", IF(AY18<70, IF(AZ18+BA18<70, AZ18+BA18, ""), ""), IF(AS18<>"", IF(AU18<70, AU18, ""), IF(AO18<70, AO18, ""))) -> 0 | BE18: =SUM(E18+M18+U18+AC18)/4 -> 0 | BF18: =SUM(G18+O18+W18+AE18)/4 -> 0 | BG18: =SUM(I18+Q18+Y18+AG18)/4 -> 0 | BH18: =SUM(K18+S18+AA18+AI18)/4 -> 0 | BI18: =AVERAGE(BE18:BH18) -> 0
A19: 9 | B19: 1A-A-09 | C19: WILDIANA | D19: CASSEUS | E19: 60 | F19: 71 | G19: 60 | H19: 65 | I19: 60 | J19: 70 | K19: 60 | L19: 68 | M19: 70 | O19: 70 | Q19: 70 | S19: 60 | T19: 65 | U19: 70 | W19: 70 | Y19: 70 | AA19: 70 | AC19: 70 | AE19: 60 | AF19: 65 | AG19: 70 | AI19: 78 | AK19: =SUMIF(E19:E19, ">=70") / 4 +SUMIF(G19:G19, ">=70") / 4 +SUMIF(I19:I19, ">=70") / 4 +SUMIF(K19:K19, ">=70") / 4 + SUMIF(F19:F19, ">1") / 4 + SUMIF(H19:H19, ">1") / 4 + SUMIF(J19:J19, ">1") / 4 + SUMIF(L19:L19, ">1") / 4 -> 68.5 | AL19: =SUMIF(M19:M19, ">=70") / 4 +SUMIF(O19:O19, ">=70") / 4 +SUMIF(Q19:Q19, ">=70") / 4 +SUMIF(S19:S19, ">=70") / 4 + SUMIF(N19:N19, ">1") / 4 + SUMIF(P19:P19, ">1") / 4 + SUMIF(R19:R19, ">1") / 4 + SUMIF(T19:T19, ">1") / 4 -> 68.75 | AM19: =SUMIF(U19:U19, ">=70") / 4 +SUMIF(W19:W19, ">=70") / 4 +SUMIF(Y19:Y19, ">=70") / 4 +SUMIF(AA19:AA19, ">=70") / 4 + SUMIF(V19:V19, ">1") / 4 + SUMIF(X19:X19, ">1") / 4 + SUMIF(Z19:Z19, ">1") / 4 + SUMIF(AB19:AB19, ">1") / 4 -> 70 | AN19: =SUMIF(AC19:AC19, ">=65") / 4 +SUMIF(AE19:AE19, ">=65") / 4 +SUMIF(AG19:AG19, ">=65") / 4 +SUMIF(AI19:AI19, ">=65") / 4 + SUMIF(AD19:AD19, ">1") / 4 + SUMIF(AF19:AF19, ">1") / 4 + SUMIF(AH19:AH19, ">1") / 4 + SUMIF(AJ19:AJ19, ">1") / 4 -> 70.75 | AO19: =AVERAGE(AK19:AN19) -> 69.5 | AR19: =IF(AO19<70, AO19*0.5, "") -> 34.75 | AT19: =AS19*50% -> 0 | AU19: =IF(AS19<>"", IF(AR19="","",AR19+AT19), "") | AV19: =IF(AU19 < 70, AR19*30%, "") | AX19: =AW19*70% -> 0 | AY19: =IF(AW19<>"", IF(AV19="", "", AV19+AX19), "") | AZ19: =IF(AND(AU19<70, AY19<70), AO19, "") | BB19: =IF(AW19<>"", IF(AY19>=70, AY19, IF(AZ19+BA19>=70, AZ19+BA19, "")), IF(AS19<>"", IF(AU19>=70, AU19, ""), IF(AO19>=70, AO19, ""))) | BC19: =IF(AW19<>"", IF(AY19<70, IF(AZ19+BA19<70, AZ19+BA19, ""), ""), IF(AS19<>"", IF(AU19<70, AU19, ""), IF(AO19<70, AO19, ""))) -> 69.5 | BE19: =SUM(E19+M19+U19+AC19)/4 -> 67.5 | BF19: =SUM(G19+O19+W19+AE19)/4 -> 65 | BG19: =SUM(I19+Q19+Y19+AG19)/4 -> 67.5 | BH19: =SUM(K19+S19+AA19+AI19)/4 -> 67 | BI19: =AVERAGE(BE19:BH19) -> 66.75
A20: 10 | B20: 1A-A-10 | C20: JERVIN | D20: CASTRO ALMONTE | AK20: =SUMIF(E20:E20, ">=70") / 4 +SUMIF(G20:G20, ">=70") / 4 +SUMIF(I20:I20, ">=70") / 4 +SUMIF(K20:K20, ">=70") / 4 + SUMIF(F20:F20, ">1") / 4 + SUMIF(H20:H20, ">1") / 4 + SUMIF(J20:J20, ">1") / 4 + SUMIF(L20:L20, ">1") / 4 -> 0 | AL20: =SUMIF(M20:M20, ">=70") / 4 +SUMIF(O20:O20, ">=70") / 4 +SUMIF(Q20:Q20, ">=70") / 4 +SUMIF(S20:S20, ">=70") / 4 + SUMIF(N20:N20, ">1") / 4 + SUMIF(P20:P20, ">1") / 4 + SUMIF(R20:R20, ">1") / 4 + SUMIF(T20:T20, ">1") / 4 -> 0 | AM20: =SUMIF(U20:U20, ">=70") / 4 +SUMIF(W20:W20, ">=70") / 4 +SUMIF(Y20:Y20, ">=70") / 4 +SUMIF(AA20:AA20, ">=70") / 4 + SUMIF(V20:V20, ">1") / 4 + SUMIF(X20:X20, ">1") / 4 + SUMIF(Z20:Z20, ">1") / 4 + SUMIF(AB20:AB20, ">1") / 4 -> 0 | AN20: =SUMIF(AC20:AC20, ">=65") / 4 +SUMIF(AE20:AE20, ">=65") / 4 +SUMIF(AG20:AG20, ">=65") / 4 +SUMIF(AI20:AI20, ">=65") / 4 + SUMIF(AD20:AD20, ">1") / 4 + SUMIF(AF20:AF20, ">1") / 4 + SUMIF(AH20:AH20, ">1") / 4 + SUMIF(AJ20:AJ20, ">1") / 4 -> 0 | AO20: =AVERAGE(AK20:AN20) -> 0 | AR20: =IF(AO20<70, AO20*0.5, "") -> 0 | AT20: =AS20*50% -> 0 | AU20: =IF(AS20<>"", IF(AR20="","",AR20+AT20), "") | AV20: =IF(AU20 < 70, AR20*30%, "") | AX20: =AW20*70% -> 0 | AY20: =IF(AW20<>"", IF(AV20="", "", AV20+AX20), "") | AZ20: =IF(AND(AU20<70, AY20<70), AO20, "") | BB20: =IF(AW20<>"", IF(AY20>=70, AY20, IF(AZ20+BA20>=70, AZ20+BA20, "")), IF(AS20<>"", IF(AU20>=70, AU20, ""), IF(AO20>=70, AO20, ""))) | BC20: =IF(AW20<>"", IF(AY20<70, IF(AZ20+BA20<70, AZ20+BA20, ""), ""), IF(AS20<>"", IF(AU20<70, AU20, ""), IF(AO20<70, AO20, ""))) -> 0 | BE20: =SUM(E20+M20+U20+AC20)/4 -> 0 | BF20: =SUM(G20+O20+W20+AE20)/4 -> 0 | BG20: =SUM(I20+Q20+Y20+AG20)/4 -> 0 | BH20: =SUM(K20+S20+AA20+AI20)/4 -> 0 | BI20: =AVERAGE(BE20:BH20) -> 0
A21: 11 | B21: 1A-A-11 | C21: SONDJY | D21: CESAIRE | E21: 70 | G21: 70 | I21: 80 | K21: 80 | M21: 74 | O21: 70 | Q21: 70 | S21: 70 | U21: 75 | W21: 70 | Y21: 72 | AA21: 80 | AC21: 70 | AE21: 70 | AG21: 74 | AI21: 73 | AK21: =SUMIF(E21:E21, ">=70") / 4 +SUMIF(G21:G21, ">=70") / 4 +SUMIF(I21:I21, ">=70") / 4 +SUMIF(K21:K21, ">=70") / 4 + SUMIF(F21:F21, ">1") / 4 + SUMIF(H21:H21, ">1") / 4 + SUMIF(J21:J21, ">1") / 4 + SUMIF(L21:L21, ">1") / 4 -> 75 | AL21: =SUMIF(M21:M21, ">=70") / 4 +SUMIF(O21:O21, ">=70") / 4 +SUMIF(Q21:Q21, ">=70") / 4 +SUMIF(S21:S21, ">=70") / 4 + SUMIF(N21:N21, ">1") / 4 + SUMIF(P21:P21, ">1") / 4 + SUMIF(R21:R21, ">1") / 4 + SUMIF(T21:T21, ">1") / 4 -> 71 | AM21: =SUMIF(U21:U21, ">=70") / 4 +SUMIF(W21:W21, ">=70") / 4 +SUMIF(Y21:Y21, ">=70") / 4 +SUMIF(AA21:AA21, ">=70") / 4 + SUMIF(V21:V21, ">1") / 4 + SUMIF(X21:X21, ">1") / 4 + SUMIF(Z21:Z21, ">1") / 4 + SUMIF(AB21:AB21, ">1") / 4 -> 74.25 | AN21: =SUMIF(AC21:AC21, ">=65") / 4 +SUMIF(AE21:AE21, ">=65") / 4 +SUMIF(AG21:AG21, ">=65") / 4 +SUMIF(AI21:AI21, ">=65") / 4 + SUMIF(AD21:AD21, ">1") / 4 + SUMIF(AF21:AF21, ">1") / 4 + SUMIF(AH21:AH21, ">1") / 4 + SUMIF(AJ21:AJ21, ">1") / 4 -> 71.75 | AO21: =AVERAGE(AK21:AN21) -> 73 | AR21: =IF(AO21<70, AO21*0.5, "") | AT21: =AS21*50% -> 0 | AU21: =IF(AS21<>"", IF(AR21="","",AR21+AT21), "") | AV21: =IF(AU21 < 70, AR21*30%, "") | AX21: =AW21*70% -> 0 | AY21: =IF(AW21<>"", IF(AV21="", "", AV21+AX21), "") | AZ21: =IF(AND(AU21<70, AY21<70), AO21, "") | BB21: =IF(AW21<>"", IF(AY21>=70, AY21, IF(AZ21+BA21>=70, AZ21+BA21, "")), IF(AS21<>"", IF(AU21>=70, AU21, ""), IF(AO21>=70, AO21, ""))) -> 73 | BC21: =IF(AW21<>"", IF(AY21<70, IF(AZ21+BA21<70, AZ21+BA21, ""), ""), IF(AS21<>"", IF(AU21<70, AU21, ""), IF(AO21<70, AO21, ""))) | BE21: =SUM(E21+M21+U21+AC21)/4 -> 72.25 | BF21: =SUM(G21+O21+W21+AE21)/4 -> 70 | BG21: =SUM(I21+Q21+Y21+AG21)/4 -> 74 | BH21: =SUM(K21+S21+AA21+AI21)/4 -> 75.75 | BI21: =AVERAGE(BE21:BH21) -> 73
A22: 12 | B22: 1A-A-12 | C22: ANDERSON | D22: CHARLES | E22: 75 | G22: 80 | I22: 80 | K22: 80 | M22: 76 | O22: 78 | Q22: 80 | S22: 80 | U22: 72 | W22: 75 | Y22: 80 | AA22: 80 | AC22: 75 | AE22: 80 | AG22: 88 | AI22: 90 | AK22: =SUMIF(E22:E22, ">=70") / 4 +SUMIF(G22:G22, ">=70") / 4 +SUMIF(I22:I22, ">=70") / 4 +SUMIF(K22:K22, ">=70") / 4 + SUMIF(F22:F22, ">1") / 4 + SUMIF(H22:H22, ">1") / 4 + SUMIF(J22:J22, ">1") / 4 + SUMIF(L22:L22, ">1") / 4 -> 78.75 | AL22: =SUMIF(M22:M22, ">=70") / 4 +SUMIF(O22:O22, ">=70") / 4 +SUMIF(Q22:Q22, ">=70") / 4 +SUMIF(S22:S22, ">=70") / 4 + SUMIF(N22:N22, ">1") / 4 + SUMIF(P22:P22, ">1") / 4 + SUMIF(R22:R22, ">1") / 4 + SUMIF(T22:T22, ">1") / 4 -> 78.5 | AM22: =SUMIF(U22:U22, ">=70") / 4 +SUMIF(W22:W22, ">=70") / 4 +SUMIF(Y22:Y22, ">=70") / 4 +SUMIF(AA22:AA22, ">=70") / 4 + SUMIF(V22:V22, ">1") / 4 + SUMIF(X22:X22, ">1") / 4 + SUMIF(Z22:Z22, ">1") / 4 + SUMIF(AB22:AB22, ">1") / 4 -> 76.75 | AN22: =SUMIF(AC22:AC22, ">=65") / 4 +SUMIF(AE22:AE22, ">=65") / 4 +SUMIF(AG22:AG22, ">=65") / 4 +SUMIF(AI22:AI22, ">=65") / 4 + SUMIF(AD22:AD22, ">1") / 4 + SUMIF(AF22:AF22, ">1") / 4 + SUMIF(AH22:AH22, ">1") / 4 + SUMIF(AJ22:AJ22, ">1") / 4 -> 83.25 | AO22: =AVERAGE(AK22:AN22) -> 79.3125 | AR22: =IF(AO22<70, AO22*0.5, "") | AT22: =AS22*50% -> 0 | AU22: =IF(AS22<>"", IF(AR22="","",AR22+AT22), "") | AV22: =IF(AU22 < 70, AR22*30%, "") | AX22: =AW22*70% -> 0 | AY22: =IF(AW22<>"", IF(AV22="", "", AV22+AX22), "") | AZ22: =IF(AND(AU22<70, AY22<70), AO22, "") | BB22: =IF(AW22<>"", IF(AY22>=70, AY22, IF(AZ22+BA22>=70, AZ22+BA22, "")), IF(AS22<>"", IF(AU22>=70, AU22, ""), IF(AO22>=70, AO22, ""))) -> 79.3125 | BC22: =IF(AW22<>"", IF(AY22<70, IF(AZ22+BA22<70, AZ22+BA22, ""), ""), IF(AS22<>"", IF(AU22<70, AU22, ""), IF(AO22<70, AO22, ""))) | BE22: =SUM(E22+M22+U22+AC22)/4 -> 74.5 | BF22: =SUM(G22+O22+W22+AE22)/4 -> 78.25 | BG22: =SUM(I22+Q22+Y22+AG22)/4 -> 82 | BH22: =SUM(K22+S22+AA22+AI22)/4 -> 82.5 | BI22: =AVERAGE(BE22:BH22) -> 79.3125
A23: 13 | B23: 1A-A-13 | C23: SALOMON MANUEL | D23: DE JESUS MANZUETA | E23: 80 | G23: 78 | I23: 88 | K23: 90 | M23: 80 | O23: 79 | Q23: 88 | S23: 87 | U23: 81 | W23: 80 | Y23: 88 | AA23: 90 | AC23: 80 | AE23: 78 | AG23: 88 | AI23: 90 | AK23: =SUMIF(E23:E23, ">=70") / 4 +SUMIF(G23:G23, ">=70") / 4 +SUMIF(I23:I23, ">=70") / 4 +SUMIF(K23:K23, ">=70") / 4 + SUMIF(F23:F23, ">1") / 4 + SUMIF(H23:H23, ">1") / 4 + SUMIF(J23:J23, ">1") / 4 + SUMIF(L23:L23, ">1") / 4 -> 84 | AL23: =SUMIF(M23:M23, ">=70") / 4 +SUMIF(O23:O23, ">=70") / 4 +SUMIF(Q23:Q23, ">=70") / 4 +SUMIF(S23:S23, ">=70") / 4 + SUMIF(N23:N23, ">1") / 4 + SUMIF(P23:P23, ">1") / 4 + SUMIF(R23:R23, ">1") / 4 + SUMIF(T23:T23, ">1") / 4 -> 83.5 | AM23: =SUMIF(U23:U23, ">=70") / 4 +SUMIF(W23:W23, ">=70") / 4 +SUMIF(Y23:Y23, ">=70") / 4 +SUMIF(AA23:AA23, ">=70") / 4 + SUMIF(V23:V23, ">1") / 4 + SUMIF(X23:X23, ">1") / 4 + SUMIF(Z23:Z23, ">1") / 4 + SUMIF(AB23:AB23, ">1") / 4 -> 84.75 | AN23: =SUMIF(AC23:AC23, ">=65") / 4 +SUMIF(AE23:AE23, ">=65") / 4 +SUMIF(AG23:AG23, ">=65") / 4 +SUMIF(AI23:AI23, ">=65") / 4 + SUMIF(AD23:AD23, ">1") / 4 + SUMIF(AF23:AF23, ">1") / 4 + SUMIF(AH23:AH23, ">1") / 4 + SUMIF(AJ23:AJ23, ">1") / 4 -> 84 | AO23: =AVERAGE(AK23:AN23) -> 84.0625 | AR23: =IF(AO23<70, AO23*0.5, "") | AT23: =AS23*50% -> 0 | AU23: =IF(AS23<>"", IF(AR23="","",AR23+AT23), "") | AV23: =IF(AU23 < 70, AR23*30%, "") | AX23: =AW23*70% -> 0 | AY23: =IF(AW23<>"", IF(AV23="", "", AV23+AX23), "") | AZ23: =IF(AND(AU23<70, AY23<70), AO23, "") | BB23: =IF(AW23<>"", IF(AY23>=70, AY23, IF(AZ23+BA23>=70, AZ23+BA23, "")), IF(AS23<>"", IF(AU23>=70, AU23, ""), IF(AO23>=70, AO23, ""))) -> 84.0625 | BC23: =IF(AW23<>"", IF(AY23<70, IF(AZ23+BA23<70, AZ23+BA23, ""), ""), IF(AS23<>"", IF(AU23<70, AU23, ""), IF(AO23<70, AO23, ""))) | BE23: =SUM(E23+M23+U23+AC23)/4 -> 80.25 | BF23: =SUM(G23+O23+W23+AE23)/4 -> 78.75 | BG23: =SUM(I23+Q23+Y23+AG23)/4 -> 88 | BH23: =SUM(K23+S23+AA23+AI23)/4 -> 89.25 | BI23: =AVERAGE(BE23:BH23) -> 84.0625
A24: 14 | B24: 1A-A-14 | C24: DARILEIDY | D24: DE LOS SANTOS MARTINEZ | E24: 78 | G24: 75 | I24: 80 | K24: 80 | M24: 78 | O24: 78 | Q24: 75 | S24: 77 | U24: 76 | W24: 78 | Y24: 80 | AA24: 78 | AC24: 60 | AD24: 70 | AE24: 79 | AG24: 78 | AI24: 80 | AK24: =SUMIF(E24:E24, ">=70") / 4 +SUMIF(G24:G24, ">=70") / 4 +SUMIF(I24:I24, ">=70") / 4 +SUMIF(K24:K24, ">=70") / 4 + SUMIF(F24:F24, ">1") / 4 + SUMIF(H24:H24, ">1") / 4 + SUMIF(J24:J24, ">1") / 4 + SUMIF(L24:L24, ">1") / 4 -> 78.25 | AL24: =SUMIF(M24:M24, ">=70") / 4 +SUMIF(O24:O24, ">=70") / 4 +SUMIF(Q24:Q24, ">=70") / 4 +SUMIF(S24:S24, ">=70") / 4 + SUMIF(N24:N24, ">1") / 4 + SUMIF(P24:P24, ">1") / 4 + SUMIF(R24:R24, ">1") / 4 + SUMIF(T24:T24, ">1") / 4 -> 77 | AM24: =SUMIF(U24:U24, ">=70") / 4 +SUMIF(W24:W24, ">=70") / 4 +SUMIF(Y24:Y24, ">=70") / 4 +SUMIF(AA24:AA24, ">=70") / 4 + SUMIF(V24:V24, ">1") / 4 + SUMIF(X24:X24, ">1") / 4 + SUMIF(Z24:Z24, ">1") / 4 + SUMIF(AB24:AB24, ">1") / 4 -> 78 | AN24: =SUMIF(AC24:AC24, ">=65") / 4 +SUMIF(AE24:AE24, ">=65") / 4 +SUMIF(AG24:AG24, ">=65") / 4 +SUMIF(AI24:AI24, ">=65") / 4 + SUMIF(AD24:AD24, ">1") / 4 + SUMIF(AF24:AF24, ">1") / 4 + SUMIF(AH24:AH24, ">1") / 4 + SUMIF(AJ24:AJ24, ">1") / 4 -> 76.75 | AO24: =AVERAGE(AK24:AN24) -> 77.5 | AR24: =IF(AO24<70, AO24*0.5, "") | AT24: =AS24*50% -> 0 | AU24: =IF(AS24<>"", IF(AR24="","",AR24+AT24), "") | AV24: =IF(AU24 < 70, AR24*30%, "") | AX24: =AW24*70% -> 0 | AY24: =IF(AW24<>"", IF(AV24="", "", AV24+AX24), "") | AZ24: =IF(AND(AU24<70, AY24<70), AO24, "") | BB24: =IF(AW24<>"", IF(AY24>=70, AY24, IF(AZ24+BA24>=70, AZ24+BA24, "")), IF(AS24<>"", IF(AU24>=70, AU24, ""), IF(AO24>=70, AO24, ""))) -> 77.5 | BC24: =IF(AW24<>"", IF(AY24<70, IF(AZ24+BA24<70, AZ24+BA24, ""), ""), IF(AS24<>"", IF(AU24<70, AU24, ""), IF(AO24<70, AO24, ""))) | BE24: =SUM(E24+M24+U24+AC24)/4 -> 73 | BF24: =SUM(G24+O24+W24+AE24)/4 -> 77.5 | BG24: =SUM(I24+Q24+Y24+AG24)/4 -> 78.25 | BH24: =SUM(K24+S24+AA24+AI24)/4 -> 78.75 | BI24: =AVERAGE(BE24:BH24) -> 76.875
