Workbook

Sheet ESPANOL
E7: CALCULO DE NOTAS | AO7: Calificacion Final | AP7: % DE ASISTENCIA ANUAL | AR7: CALIFICACION COMPLETIVA | AV7: CALIFICACION EXTRAORDINARIA | AZ7: EVALUACION ESPECIAL | BB7: SITUACIONFINAL EN LA ASIGNATURA
A9: NO | B9: ID | C9: NOMBRES | D9: APELLIDOS | E9: CE - LE1 | M9: CE - LE2, LE3 | U9: CE - LE4, LE6 | AC9: CE - LE5, LE7 | AK9: PCP 1 | AL9: PCP 2 | AM9: PCP 3 | AN9: PCP 4 | AR9: 50% C.F | AS9: C.E.C. | AT9: 50% C.E.C. | AU9: C.C.F | AV9: 30% C.F. | AW9: C.E.EX | AX9: 70% C.E.EX | AY9: C.EX.F | AZ9: C.F. | BA9: C.E. | BB9: A | BC9: R
E10: P1 | F10: RP1 | G10: P2 | H10: RP2 | I10: P3 | J10: RP3 | K10: P4 | L10: RP4 | M10: P1 | N10: RP1 | O10: P2 | P10: RP2 | Q10: P3 | R10: RP3 | S10: P4 | T10: RP4 | U10: P1 | V10: RP1 | W10: P2 | X10: RP3 | Y10: P3 | Z10: RP4 | AA10: P4 | AB10: RP4 | AC10: P1 | AD10: RP1 | AE10: P2 | AF10: RP3 | AG10: P3 | AH10: RP4 | AI10: P4 | AJ10: RP4 | BE10: P1 | BF10: P2 | BG10: P3 | BH10: P4 | BI10: C.F
A11: 1 | B11: 2A-D-01 | C11: AMADOR | D11: ABEL JOHAN | AK11: =SUMIF(E11:E11, ">=70") / 4 +SUMIF(G11:G11, ">=70") / 4 +SUMIF(I11:I11, ">=70") / 4 +SUMIF(K11:K11, ">=70") / 4 + SUMIF(F11:F11, ">1") / 4 + SUMIF(H11:H11, ">1") / 4 + SUMIF(J11:J11, ">1") / 4 + SUMIF(L11:L11, ">1") / 4 -> 0 | AL11: =SUMIF(M11:M11, ">=70") / 4 +SUMIF(O11:O11, ">=70") / 4 +SUMIF(Q11:Q11, ">=70") / 4 +SUMIF(S11:S11, ">=70") / 4 + SUMIF(N11:N11, ">1") / 4 + SUMIF(P11:P11, ">1") / 4 + SUMIF(R11:R11, ">1") / 4 + SUMIF(T11:T11, ">1") / 4 -> 0 | AM11: =SUMIF(U11:U11, ">=70") / 4 +SUMIF(W11:W11, ">=70") / 4 +SUMIF(Y11:Y11, ">=70") / 4 +SUMIF(AA11:AA11, ">=70") / 4 + SUMIF(V11:V11, ">1") / 4 + SUMIF(X11:X11, ">1") / 4 + SUMIF(Z11:Z11, ">1") / 4 + SUMIF(AB11:AB11, ">1") / 4 -> 0 | AN11: =SUMIF(AC11:AC11, ">=70") / 4 +SUMIF(AE11:AE11, ">=70") / 4 +SUMIF(AG11:AG11, ">=70") / 4 +SUMIF(AI11:AI11, ">=70") / 4 + SUMIF(AD11:AD11, ">1") / 4 + SUMIF(AF11:AF11, ">1") / 4 + SUMIF(AH11:AH11, ">1") / 4 + SUMIF(AJ11:AJ11, ">1") / 4 -> 0 | AO11: =AVERAGE(AK11:AN11) -> 0 | AR11: =IF(AO11<70, AO11*0.5, "") -> 0 | AT11: =AS11*50% -> 0 | AU11: =IF(AS11<>"", IF(AR11="","",AR11+AT11), "") | AV11: =IF(AU11 < 70, AR11*30%, "") | AX11: =AW11*70% -> 0 | AY11: =IF(AW11<>"", IF(AV11="", "", AV11+AX11), "") | AZ11: =IF(AND(AU11<70, AY11<70), AO11, "") | BB11: =IF(AW11<>"", IF(AY11>=70, AY11, IF(AZ11+BA11>=70, AZ11+BA11, "")), IF(AS11<>"", IF(AU11>=70, AU11, ""), IF(AO11>=70, AO11, ""))) | BC11: =IF(AW11<>"", IF(AY11<70, IF(AZ11+BA11<70, AZ11+BA11, ""), ""), IF(AS11<>"", IF(AU11<70, AU11, ""), IF(AO11<70, AO11, ""))) -> 0 | BE11: =SUM(E11+M11+U11+AC11)/4 -> 0 | BF11: =SUM(G11+O11+W11+AE11)/4 -> 0 | BG11: =SUM(I11+Q11+Y11+AG11)/4 -> 0 | BH11: =SUM(K11+S11+AA11+AI11)/4 -> 0 | BI11: =AVERAGE(BE11:BH11) -> 0
A12: 2 | B12: 2A-D-02 | C12: AMPARO RODRIGUEZ | D12: ANGEL LUCIANO | AK12: =SUMIF(E12:E12, ">=70") / 4 +SUMIF(G12:G12, ">=70") / 4 +SUMIF(I12:I12, ">=70") / 4 +SUMIF(K12:K12, ">=70") / 4 + SUMIF(F12:F12, ">1") / 4 + SUMIF(H12:H12, ">1") / 4 + SUMIF(J12:J12, ">1") / 4 + SUMIF(L12:L12, ">1") / 4 -> 0 | AL12: =SUMIF(M12:M12, ">=70") / 4 +SUMIF(O12:O12, ">=70") / 4 +SUMIF(Q12:Q12, ">=70") / 4 +SUMIF(S12:S12, ">=70") / 4 + SUMIF(N12:N12, ">1") / 4 + SUMIF(P12:P12, ">1") / 4 + SUMIF(R12:R12, ">1") / 4 + SUMIF(T12:T12, ">1") / 4 -> 0 | AM12: =SUMIF(U12:U12, ">=70") / 4 +SUMIF(W12:W12, ">=70") / 4 +SUMIF(Y12:Y12, ">=70") / 4 +SUMIF(AA12:AA12, ">=70") / 4 + SUMIF(V12:V12, ">1") / 4 + SUMIF(X12:X12, ">1") / 4 + SUMIF(Z12:Z12, ">1") / 4 + SUMIF(AB12:AB12, ">1") / 4 -> 0 | AN12: =SUMIF(AC12:AC12, ">=65") / 4 +SUMIF(AE12:AE12, ">=65") / 4 +SUMIF(AG12:AG12, ">=65") / 4 +SUMIF(AI12:AI12, ">=65") / 4 + SUMIF(AD12:AD12, ">1") / 4 + SUMIF(AF12:AF12, ">1") / 4 + SUMIF(AH12:AH12, ">1") / 4 + SUMIF(AJ12:AJ12, ">1") / 4 -> 0 | AO12: =AVERAGE(AK12:AN12) -> 0 | AR12: =IF(AO12<70, AO12*0.5, "") -> 0 | AT12: =AS12*50% -> 0 | AU12: =IF(AS12<>"", IF(AR12="","",AR12+AT12), "") | AV12: =IF(AU12 < 70, AR12*30%, "") | AX12: =AW12*70% -> 0 | AY12: =IF(AW12<>"", IF(AV12="", "", AV12+AX12), "") | AZ12: =IF(AND(AU12<70, AY12<70), AO12, "") | BB12: =IF(AW12<>"", IF(AY12>=70, AY12, IF(AZ12+BA12>=70, AZ12+BA12, "")), IF(AS12<>"", IF(AU12>=70, AU12, ""), IF(AO12>=70, AO12, ""))) | BC12: =IF(AW12<>"", IF(AY12<70, IF(AZ12+BA12<70, AZ12+BA12, ""), ""), IF(AS12<>"", IF(AU12<70, AU12, ""), IF(AO12<70, AO12, ""))) -> 0 | BE12: =SUM(E12+M12+U12+AC12)/4 -> 0 | BF12: =SUM(G12+O12+W12+AE12)/4 -> 0 | BG12: =SUM(I12+Q12+Y12+AG12)/4 -> 0 | BH12: =SUM(K12+S12+AA12+AI12)/4 -> 0 | BI12: =AVERAGE(BE12:BH12) -> 0
A13: 3 | B13: 2A-D-03 | C13: BISCAINO | D13: STEPHANIE | AK13: =SUMIF(E13:E13, ">=70") / 4 +SUMIF(G13:G13, ">=70") / 4 +SUMIF(I13:I13, ">=70") / 4 +SUMIF(K13:K13, ">=70") / 4 + SUMIF(F13:F13, ">1") / 4 + SUMIF(H13:H13, ">1") / 4 + SUMIF(J13:J13, ">1") / 4 + SUMIF(L13:L13, ">1") / 4 -> 0 | AL13: =SUMIF(M13:M13, ">=70") / 4 +SUMIF(O13:O13, ">=70") / 4 +SUMIF(Q13:Q13, ">=70") / 4 +SUMIF(S13:S13, ">=70") / 4 + SUMIF(N13:N13, ">1") / 4 + SUMIF(P13:P13, ">1") / 4 + SUMIF(R13:R13, ">1") / 4 + SUMIF(T13:T13, ">1") / 4 -> 0 | AM13: =SUMIF(U13:U13, ">=70") / 4 +SUMIF(W13:W13, ">=70") / 4 +SUMIF(Y13:Y13, ">=70") / 4 +SUMIF(AA13:AA13, ">=70") / 4 + SUMIF(V13:V13, ">1") / 4 + SUMIF(X13:X13, ">1") / 4 + SUMIF(Z13:Z13, ">1") / 4 + SUMIF(AB13:AB13, ">1") / 4 -> 0 | AN13: =SUMIF(AC13:AC13, ">=65") / 4 +SUMIF(AE13:AE13, ">=65") / 4 +SUMIF(AG13:AG13, ">=65") / 4 +SUMIF(AI13:AI13, ">=65") / 4 + SUMIF(AD13:AD13, ">1") / 4 + SUMIF(AF13:AF13, ">1") / 4 + SUMIF(AH13:AH13, ">1") / 4 + SUMIF(AJ13:AJ13, ">1") / 4 -> 0 | AO13: =AVERAGE(AK13:AN13) -> 0 | AR13: =IF(AO13<70, AO13*0.5, "") -> 0 | AT13: =AS13*50% -> 0 | AU13: =IF(AS13<>"", IF(AR13="","",AR13+AT13), "") | AV13: =IF(AU13 < 70, AR13*30%, "") | AX13: =AW13*70% -> 0 | AY13: =IF(AW13<>"", IF(AV13="", "", AV13+AX13), "") | AZ13: =IF(AND(AU13<70, AY13<70), AO13, "") | BB13: =IF(AW13<>"", IF(AY13>=70, AY13, IF(AZ13+BA13>=70, AZ13+BA13, "")), IF(AS13<>"", IF(AU13>=70, AU13, ""), IF(AO13>=70, AO13, ""))) | BC13: =IF(AW13<>"", IF(AY13<70, IF(AZ13+BA13<70, AZ13+BA13, ""), ""), IF(AS13<>"", IF(AU13<70, AU13, ""), IF(AO13<70, AO13, ""))) -> 0 | BE13: =SUM(E13+M13+U13+AC13)/4 -> 0 | BF13: =SUM(G13+O13+W13+AE13)/4 -> 0 | BG13: =SUM(I13+Q13+Y13+AG13)/4 -> 0 | BH13: =SUM(K13+S13+AA13+AI13)/4 -> 0 | BI13: =AVERAGE(BE13:BH13) -> 0
A14: 4 | B14: 2A-D-04 | C14: BOZIER CASSENAC | D14: JOEL ENRIQUE | AK14: =SUMIF(E14:E14, ">=70") / 4 +SUMIF(G14:G14, ">=70") / 4 +SUMIF(I14:I14, ">=70") / 4 +SUMIF(K14:K14, ">=70") / 4 + SUMIF(F14:F14, ">1") / 4 + SUMIF(H14:H14, ">1") / 4 + SUMIF(J14:J14, ">1") / 4 + SUMIF(L14:L14, ">1") / 4 -> 0 | AL14: =SUMIF(M14:M14, ">=70") / 4 +SUMIF(O14:O14, ">=70") / 4 +SUMIF(Q14:Q14, ">=70") / 4 +SUMIF(S14:S14, ">=70") / 4 + SUMIF(N14:N14, ">1") / 4 + SUMIF(P14:P14, ">1") / 4 + SUMIF(R14:R14, ">1") / 4 + SUMIF(T14:T14, ">1") / 4 -> 0 | AM14: =SUMIF(U14:U14, ">=70") / 4 +SUMIF(W14:W14, ">=70") / 4 +SUMIF(Y14:Y14, ">=70") / 4 +SUMIF(AA14:AA14, ">=70") / 4 + SUMIF(V14:V14, ">1") / 4 + SUMIF(X14:X14, ">1") / 4 + SUMIF(Z14:Z14, ">1") / 4 + SUMIF(AB14:AB14, ">1") / 4 -> 0 | AN14: =SUMIF(AC14:AC14, ">=65") / 4 +SUMIF(AE14:AE14, ">=65") / 4 +SUMIF(AG14:AG14, ">=65") / 4 +SUMIF(AI14:AI14, ">=65") / 4 + SUMIF(AD14:AD14, ">1") / 4 + SUMIF(AF14:AF14, ">1") / 4 + SUMIF(AH14:AH14, ">1") / 4 + SUMIF(AJ14:AJ14, ">1") / 4 -> 0 | AO14: =AVERAGE(AK14:AN14) -> 0 | AR14: =IF(AO14<70, AO14*0.5, "") -> 0 | AT14: =AS14*50% -> 0 | AU14: =IF(AS14<>"", IF(AR14="","",AR14+AT14), "") | AV14: =IF(AU14 < 70, AR14*30%, "") | AX14: =AW14*70% -> 0 | AY14: =IF(AW14<>"", IF(AV14="", "", AV14+AX14), "") | AZ14: =IF(AND(AU14<70, AY14<70), AO14, "") | BB14: =IF(AW14<>"", IF(AY14>=70, AY14, IF(AZ14+BA14>=70, AZ14+BA14, "")), IF(AS14<>"", IF(AU14>=70, AU14, ""), IF(AO14>=70, AO14, ""))) | BC14: =IF(AW14<>"", IF(AY14<70, IF(AZ14+BA14<70, AZ14+BA14, ""), ""), IF(AS14<>"", IF(AU14<70, AU14, ""), IF(AO14<70, AO14, ""))) -> 0 | BE14: =SUM(E14+M14+U14+AC14)/4 -> 0 | BF14: =SUM(G14+O14+W14+AE14)/4 -> 0 | BG14: =SUM(I14+Q14+Y14+AG14)/4 -> 0 | BH14: =SUM(K14+S14+AA14+AI14)/4 -> 0 | BI14: =AVERAGE(BE14:BH14) -> 0
A15: 5 | B15: 2A-D-05 | C15: BRAZOBAN LORENZO | D15: ROSA IRIS | E15: 80 | G15: 85 | I15: 87 | K15: 89 | M15: 88 | O15: 86 | Q15: 85 | S15: 87 | U15: 86 | W15: 88 | Y15: 90 | AA15: 84 | AC15: 88 | AE15: 90 | AG15: 91 | AI15: 92 | AK15: =SUMIF(E15:E15, ">=70") / 4 +SUMIF(G15:G15, ">=70") / 4 +SUMIF(I15:I15, ">=70") / 4 +SUMIF(K15:K15, ">=70") / 4 + SUMIF(F15:F15, ">1") / 4 + SUMIF(H15:H15, ">1") / 4 + SUMIF(J15:J15, ">1") / 4 + SUMIF(L15:L15, ">1") / 4 -> 85.25 | AL15: =SUMIF(M15:M15, ">=70") / 4 +SUMIF(O15:O15, ">=70") / 4 +SUMIF(Q15:Q15, ">=70") / 4 +SUMIF(S15:S15, ">=70") / 4 + SUMIF(N15:N15, ">1") / 4 + SUMIF(P15:P15, ">1") / 4 + SUMIF(R15:R15, ">1") / 4 + SUMIF(T15:T15, ">1") / 4 -> 86.5 | AM15: =SUMIF(U15:U15, ">=70") / 4 +SUMIF(W15:W15, ">=70") / 4 +SUMIF(Y15:Y15, ">=70") / 4 +SUMIF(AA15:AA15, ">=70") / 4 + SUMIF(V15:V15, ">1") / 4 + SUMIF(X15:X15, ">1") / 4 + SUMIF(Z15:Z15, ">1") / 4 + SUMIF(AB15:AB15, ">1") / 4 -> 87 | AN15: =SUMIF(AC15:AC15, ">=65") / 4 +SUMIF(AE15:AE15, ">=65") / 4 +SUMIF(AG15:AG15, ">=65") / 4 +SUMIF(AI15:AI15, ">=65") / 4 + SUMIF(AD15:AD15, ">1") / 4 + SUMIF(AF15:AF15, ">1") / 4 + SUMIF(AH15:AH15, ">1") / 4 + SUMIF(AJ15:AJ15, ">1") / 4 -> 90.25 | AO15: =AVERAGE(AK15:AN15) -> 87.25 | AR15: =IF(AO15<70, AO15*0.5, "") | AT15: =AS15*50% -> 0 | AU15: =IF(AS15<>"", IF(AR15="","",AR15+AT15), "") | AV15: =IF(AU15 < 70, AR15*30%, "") | AX15: =AW15*70% -> 0 | AY15: =IF(AW15<>"", IF(AV15="", "", AV15+AX15), "") | AZ15: =IF(AND(AU15<70, AY15<70), AO15, "") | BB15: =IF(AW15<>"", IF(AY15>=70, AY15, IF(AZ15+BA15>=70, AZ15+BA15, "")), IF(AS15<>"", IF(AU15>=70, AU15, ""), IF(AO15>=70, AO15, ""))) -> 87.25 | BC15: =IF(AW15<>"", IF(AY15<70, IF(AZ15+BA15<70, AZ15+BA15, ""), ""), IF(AS15<>"", IF(AU15<70, AU15, ""), IF(AO15<70, AO15, ""))) | BE15: =SUM(E15+M15+U15+AC15)/4 -> 85.5 | BF15: =SUM(G15+O15+W15+AE15)/4 -> 87.25 | BG15: =SUM(I15+Q15+Y15+AG15)/4 -> 88.25 | BH15: =SUM(K15+S15+AA15+AI15)/4 -> 88 | BI15: =AVERAGE(BE15:BH15) -> 87.25
A16: 6 | B16: 2A-D-06 | C16: DE JESUS DE LEON | D16: VICTOR MANUEL | AK16: =SUMIF(E16:E16, ">=70") / 4 +SUMIF(G16:G16, ">=70") / 4 +SUMIF(I16:I16, ">=70") / 4 +SUMIF(K16:K16, ">=70") / 4 + SUMIF(F16:F16, ">1") / 4 + SUMIF(H16:H16, ">1") / 4 + SUMIF(J16:J16, ">1") / 4 + SUMIF(L16:L16, ">1") / 4 -> 0 | AL16: =SUMIF(M16:M16, ">=70") / 4 +SUMIF(O16:O16, ">=70") / 4 +SUMIF(Q16:Q16, ">=70") / 4 +SUMIF(S16:S16, ">=70") / 4 + SUMIF(N16:N16, ">1") / 4 + SUMIF(P16:P16, ">1") / 4 + SUMIF(R16:R16, ">1") / 4 + SUMIF(T16:T16, ">1") / 4 -> 0 | AM16: =SUMIF(U16:U16, ">=70") / 4 +SUMIF(W16:W16, ">=70") / 4 +SUMIF(Y16:Y16, ">=70") / 4 +SUMIF(AA16:AA16, ">=70") / 4 + SUMIF(V16:V16, ">1") / 4 + SUMIF(X16:X16, ">1") / 4 + SUMIF(Z16:Z16, ">1") / 4 + SUMIF(AB16:AB16, ">1") / 4 -> 0 | AN16: =SUMIF(AC16:AC16, ">=65") / 4 +SUMIF(AE16:AE16, ">=65") / 4 +SUMIF(AG16:AG16, ">=65") / 4 +SUMIF(AI16:AI16, ">=65") / 4 + SUMIF(AD16:AD16, ">1") / 4 + SUMIF(AF16:AF16, ">1") / 4 + SUMIF(AH16:AH16, ">1") / 4 + SUMIF(AJ16:AJ16, ">1") / 4 -> 0 | AO16: =AVERAGE(AK16:AN16) -> 0 | AR16: =IF(AO16<70, AO16*0.5, "") -> 0 | AT16: =AS16*50% -> 0 | AU16: =IF(AS16<>"", IF(AR16="","",AR16+AT16), "") | AV16: =IF(AU16 < 70, AR16*30%, "") | AX16: =AW16*70% -> 0 | AY16: =IF(AW16<>"", IF(AV16="", "", AV16+AX16), "") | AZ16: =IF(AND(AU16<70, AY16<70), AO16, "") | BB16: =IF(AW16<>"", IF(AY16>=70, AY16, IF(AZ16+BA16>=70, AZ16+BA16, "")), IF(AS16<>"", IF(AU16>=70, AU16, ""), IF(AO16>=70, AO16, ""))) | BC16: =IF(AW16<>"", IF(AY16<70, IF(AZ16+BA16<70, AZ16+BA16, ""), ""), IF(AS16<>"", IF(AU16<70, AU16, ""), IF(AO16<70, AO16, ""))) -> 0 | BE16: =SUM(E16+M16+U16+AC16)/4 -> 0 | BF16: =SUM(G16+O16+W16+AE16)/4 -> 0 | BG16: =SUM(I16+Q16+Y16+AG16)/4 -> 0 | BH16: =SUM(K16+S16+AA16+AI16)/4 -> 0 | BI16: =AVERAGE(BE16:BH16) -> 0
A17: 7 | B17: 2A-D-07 | C17: DE LA CRUZ SELMO | D17: ROSALBA | AK17: =SUMIF(E17:E17, ">=70") / 4 +SUMIF(G17:G17, ">=70") / 4 +SUMIF(I17:I17, ">=70") / 4 +SUMIF(K17:K17, ">=70") / 4 + SUMIF(F17:F17, ">1") / 4 + SUMIF(H17:H17, ">1") / 4 + SUMIF(J17:J17, ">1") / 4 + SUMIF(L17:L17, ">1") / 4 -> 0 | AL17: =SUMIF(M17:M17, ">=70") / 4 +SUMIF(O17:O17, ">=70") / 4 +SUMIF(Q17:Q17, ">=70") / 4 +SUMIF(S17:S17, ">=70") / 4 + SUMIF(N17:N17, ">1") / 4 + SUMIF(P17:P17, ">1") / 4 + SUMIF(R17:R17, ">1") / 4 + SUMIF(T17:T17, ">1") / 4 -> 0 | AM17: =SUMIF(U17:U17, ">=70") / 4 +SUMIF(W17:W17, ">=70") / 4 +SUMIF(Y17:Y17, ">=70") / 4 +SUMIF(AA17:AA17, ">=70") / 4 + SUMIF(V17:V17, ">1") / 4 + SUMIF(X17:X17, ">1") / 4 + SUMIF(Z17:Z17, ">1") / 4 + SUMIF(AB17:AB17, ">1") / 4 -> 0 | AN17: =SUMIF(AC17:AC17, ">=65") / 4 +SUMIF(AE17:AE17, ">=65") / 4 +SUMIF(AG17:AG17, ">=65") / 4 +SUMIF(AI17:AI17, ">=65") / 4 + SUMIF(AD17:AD17, ">1") / 4 + SUMIF(AF17:AF17, ">1") / 4 + SUMIF(AH17:AH17, ">1") / 4 + SUMIF(AJ17:AJ17, ">1") / 4 -> 0 | AO17: =AVERAGE(AK17:AN17) -> 0 | AR17: =IF(AO17<70, AO17*0.5, "") -> 0 | AT17: =AS17*50% -> 0 | AU17: =IF(AS17<>"", IF(AR17="","",AR17+AT17), "") | AV17: =IF(AU17 < 70, AR17*30%, "") | AX17: =AW17*70% -> 0 | AY17: =IF(AW17<>"", IF(AV17="", "", AV17+AX17), "") | AZ17: =IF(AND(AU17<70, AY17<70), AO17, "") | BB17: =IF(AW17<>"", IF(AY17>=70, AY17, IF(AZ17+BA17>=70, AZ17+BA17, "")), IF(AS17<>"", IF(AU17>=70, AU17, ""), IF(AO17>=70, AO17, ""))) | BC17: =IF(AW17<>"", IF(AY17<70, IF(AZ17+BA17<70, AZ17+BA17, ""), ""), IF(AS17<>"", IF(AU17<70, AU17, ""), IF(AO17<70, AO17, ""))) -> 0 | BE17: =SUM(E17+M17+U17+AC17)/4 -> 0 | BF17: =SUM(G17+O17+W17+AE17)/4 -> 0 | BG17: =SUM(I17+Q17+Y17+AG17)/4 -> 0 | BH17: =SUM(K17+S17+AA17+AI17)/4 -> 0 | BI17: =AVERAGE(BE17:BH17) -> 0
A18: 8 | B18: 2A-D-08 | C18: DE LA CRUZ | D18: JUAN MANUEL | AK18: =SUMIF(E18:E18, ">=70") / 4 +SUMIF(G18:G18, ">=70") / 4 +SUMIF(I18:I18, ">=70") / 4 +SUMIF(K18:K18, ">=70") / 4 + SUMIF(F18:F18, ">1") / 4 + SUMIF(H18:H18, ">1") / 4 + SUMIF(J18:J18, ">1") / 4 + SUMIF(L18:L18, ">1") / 4 -> 0 | AL18: =SUMIF(M18:M18, ">=70") / 4 +SUMIF(O18:O18, ">=70") / 4 +SUMIF(Q18:Q18, ">=70") / 4 +SUMIF(S18:S18, ">=70") / 4 + SUMIF(N18:N18, ">1") / 4 + SUMIF(P18:P18, ">1") / 4 + SUMIF(R18:R18, ">1") / 4 + SUMIF(T18:T18, ">1") / 4 -> 0 | AM18: =SUMIF(U18:U18, ">=70") / 4 +SUMIF(W18:W18, ">=70") / 4 +SUMIF(Y18:Y18, ">=70") / 4 +SUMIF(AA18:AA18, ">=70") / 4 + SUMIF(V18:V18, ">1") / 4 + SUMIF(X18:X18, ">1") / 4 + SUMIF(Z18:Z18, ">1") / 4 + SUMIF(AB18:AB18, ">1") / 4 -> 0 | AN18: =SUMIF(AC18:AC18, ">=65") / 4 +SUMIF(AE18:AE18, ">=65") / 4 +SUMIF(AG18:AG18, ">=65") / 4 +SUMIF(AI18:AI18, ">=65") / 4 + SUMIF(AD18:AD18, ">1") / 4 + SUMIF(AF18:AF18, ">1") / 4 + SUMIF(AH18:AH18, ">1") / 4 + SUMIF(AJ18:AJ18, ">1") / 4 -> 0 | AO18: =AVERAGE(AK18:AN18) -> 0 | AR18: =IF(AO18<70, AO18*0.5, "") -> 0 | AT18: =AS18*50% -> 0 | AU18: =IF(AS18<>"", IF(AR18="","",AR18+AT18), "") | AV18: =IF(AU18 < 70, AR18*30%, "") | AX18: =AW18*70% -> 0 | AY18: =IF(AW18<>"", IF(AV18="", "", AV18+AX18), "") | AZ18: =IF(AND(AU18<70, AY18<70), AO18, "") | BB18: =IF(AW18<>"", IF(AY18>=70, AY18, IF(AZ18+BA18>=70, AZ18+BA18, "")), IF(AS18<>"", IF(AU18>=70, AU18, ""), IF(AO18>=70, AO18, ""))) | BC18: =IF(AW18<>"", IF(AY18<70, IF(AZ18+BA18<70, AZ18+BA18, ""), ""), IF(AS18<>"", IF(AU18<70, AU18, ""), IF(AO18<70, AO18, ""))) -> 0 | BE18: =SUM(E18+M18+U18+AC18)/4 -> 0 | BF18: =SUM(G18+O18+W18+AE18)/4 -> 0 | BG18: =SUM(I18+Q18+Y18+AG18)/4 -> 0 | BH18: =SUM(K18+S18+AA18+AI18)/4 -> 0 | BI18: =AVERAGE(BE18:BH18) -> 0
A19: 9 | B19: 2A-D-09 | C19: DE LA NIEVE | D19: DANIEL OMAR | AK19: =SUMIF(E19:E19, ">=70") / 4 +SUMIF(G19:G19, ">=70") / 4 +SUMIF(I19:I19, ">=70") / 4 +SUMIF(K19:K19, ">=70") / 4 + SUMIF(F19:F19, ">1") / 4 + SUMIF(H19:H19, ">1") / 4 + SUMIF(J19:J19, ">1") / 4 + SUMIF(L19:L19, ">1") / 4 -> 0 | AL19: =SUMIF(M19:M19, ">=70") / 4 +SUMIF(O19:O19, ">=70") / 4 +SUMIF(Q19:Q19, ">=70") / 4 +SUMIF(S19:S19, ">=70") / 4 + SUMIF(N19:N19, ">1") / 4 + SUMIF(P19:P19, ">1") / 4 + SUMIF(R19:R19, ">1") / 4 + SUMIF(T19:T19, ">1") / 4 -> 0 | AM19: =SUMIF(U19:U19, ">=70") / 4 +SUMIF(W19:W19, ">=70") / 4 +SUMIF(Y19:Y19, ">=70") / 4 +SUMIF(AA19:AA19, ">=70") / 4 + SUMIF(V19:V19, ">1") / 4 + SUMIF(X19:X19, ">1") / 4 + SUMIF(Z19:Z19, ">1") / 4 + SUMIF(AB19:AB19, ">1") / 4 -> 0 | AN19: =SUMIF(AC19:AC19, ">=65") / 4 +SUMIF(AE19:AE19, ">=65") / 4 +SUMIF(AG19:AG19, ">=65") / 4 +SUMIF(AI19:AI19, ">=65") / 4 + SUMIF(AD19:AD19, ">1") / 4 + SUMIF(AF19:AF19, ">1") / 4 + SUMIF(AH19:AH19, ">1") / 4 + SUMIF(AJ19:AJ19, ">1") / 4 -> 0 | AO19: =AVERAGE(AK19:AN19) -> 0 | AR19: =IF(AO19<70, AO19*0.5, "") -> 0 | AT19: =AS19*50% -> 0 | AU19: =IF(AS19<>"", IF(AR19="","",AR19+AT19), "") | AV19: =IF(AU19 < 70, AR19*30%, "") | AX19: =AW19*70% -> 0 | AY19: =IF(AW19<>"", IF(AV19="", "", AV19+AX19), "") | AZ19: =IF(AND(AU19<70, AY19<70), AO19, "") | BB19: =IF(AW19<>"", IF(AY19>=70, AY19, IF(AZ19+BA19>=70, AZ19+BA19, "")), IF(AS19<>"", IF(AU19>=70, AU19, ""), IF(AO19>=70, AO19, ""))) | BC19: =IF(AW19<>"", IF(AY19<70, IF(AZ19+BA19<70, AZ19+BA19, ""), ""), IF(AS19<>"", IF(AU19<70, AU19, ""), IF(AO19<70, AO19, ""))) -> 0 | BE19: =SUM(E19+M19+U19+AC19)/4 -> 0 | BF19: =SUM(G19+O19+W19+AE19)/4 -> 0 | BG19: =SUM(I19+Q19+Y19+AG19)/4 -> 0 | BH19: =SUM(K19+S19+AA19+AI19)/4 -> 0 | BI19: =AVERAGE(BE19:BH19) -> 0
A20: 10 | B20: 2A-D-10 | C20: DE LA ROSA ROJAS | D20: EMMANUEL JESUS | AK20: =SUMIF(E20:E20, ">=70") / 4 +SUMIF(G20:G20, ">=70") / 4 +SUMIF(I20:I20, ">=70") / 4 +SUMIF(K20:K20, ">=70") / 4 + SUMIF(F20:F20, ">1") / 4 + SUMIF(H20:H20, ">1") / 4 + SUMIF(J20:J20, ">1") / 4 + SUMIF(L20:L20, ">1") / 4 -> 0 | AL20: =SUMIF(M20:M20, ">=70") / 4 +SUMIF(O20:O20, ">=70") / 4 +SUMIF(Q20:Q20, ">=70") / 4 +SUMIF(S20:S20, ">=70") / 4 + SUMIF(N20:N20, ">1") / 4 + SUMIF(P20:P20, ">1") / 4 + SUMIF(R20:R20, ">1") / 4 + SUMIF(T20:T20, ">1") / 4 -> 0 | AM20: =SUMIF(U20:U20, ">=70") / 4 +SUMIF(W20:W20, ">=70") / 4 +SUMIF(Y20:Y20, ">=70") / 4 +SUMIF(AA20:AA20, ">=70") / 4 + SUMIF(V20:V20, ">1") / 4 + SUMIF(X20:X20, ">1") / 4 + SUMIF(Z20:Z20, ">1") / 4 + SUMIF(AB20:AB20, ">1") / 4 -> 0 | AN20: =SUMIF(AC20:AC20, ">=65") / 4 +SUMIF(AE20:AE20, ">=65") / 4 +SUMIF(AG20:AG20, ">=65") / 4 +SUMIF(AI20:AI20, ">=65") / 4 + SUMIF(AD20:AD20, ">1") / 4 + SUMIF(AF20:AF20, ">1") / 4 + SUMIF(AH20:AH20, ">1") / 4 + SUMIF(AJ20:AJ20, ">1") / 4 -> 0 | AO20: =AVERAGE(AK20:AN20) -> 0 | AR20: =IF(AO20<70, AO20*0.5, "") -> 0 | AT20: =AS20*50% -> 0 | AU20: =IF(AS20<>"", IF(AR20="","",AR20+AT20), "") | AV20: =IF(AU20 < 70, AR20*30%, "") | AX20: =AW20*70% -> 0 | AY20: =IF(AW20<>"", IF(AV20="", "", AV20+AX20), "") | AZ20: =IF(AND(AU20<70, AY20<70), AO20, "") | BB20: =IF(AW20<>"", IF(AY20>=70, AY20, IF(AZ20+BA20>=70, AZ20+BA20, "")), IF(AS20<>"", IF(AU20>=70, AU20, ""), IF(AO20>=70, AO20, ""))) | BC20: =IF(AW20<>"", IF(AY20<70, IF(AZ20+BA20<70, AZ20+BA20, ""), ""), IF(AS20<>"", IF(AU20<70, AU20, ""), IF(AO20<70, AO20, ""))) -> 0 | BE20: =SUM(E20+M20+U20+AC20)/4 -> 0 | BF20: =SUM(G20+O20+W20+AE20)/4 -> 0 | BG20: =SUM(I20+Q20+Y20+AG20)/4 -> 0 | BH20: =SUM(K20+S20+AA20+AI20)/4 -> 0 | BI20: =AVERAGE(BE20:BH20) -> 0
A21: 11 | B21: 2A-D-11 | C21: DE LEON | D21: LUIS KENDRY | AK21: =SUMIF(E21:E21, ">=70") / 4 +SUMIF(G21:G21, ">=70") / 4 +SUMIF(I21:I21, ">=70") / 4 +SUMIF(K21:K21, ">=70") / 4 + SUMIF(F21:F21, ">1") / 4 + SUMIF(H21:H21, ">1") / 4 + SUMIF(J21:J21, ">1") / 4 + SUMIF(L21:L21, ">1") / 4 -> 0 | AL21: =SUMIF(M21:M21, ">=70") / 4 +SUMIF(O21:O21, ">=70") / 4 +SUMIF(Q21:Q21, ">=70") / 4 +SUMIF(S21:S21, ">=70") / 4 + SUMIF(N21:N21, ">1") / 4 + SUMIF(P21:P21, ">1") / 4 + SUMIF(R21:R21, ">1") / 4 + SUMIF(T21:T21, ">1") / 4 -> 0 | AM21: =SUMIF(U21:U21, ">=70") / 4 +SUMIF(W21:W21, ">=70") / 4 +SUMIF(Y21:Y21, ">=70") / 4 +SUMIF(AA21:AA21, ">=70") / 4 + SUMIF(V21:V21, ">1") / 4 + SUMIF(X21:X21, ">1") / 4 + SUMIF(Z21:Z21, ">1") / 4 + SUMIF(AB21:AB21, ">1") / 4 -> 0 | AN21: =SUMIF(AC21:AC21, ">=65") / 4 +SUMIF(AE21:AE21, ">=65") / 4 +SUMIF(AG21:AG21, ">=65") / 4 +SUMIF(AI21:AI21, ">=65") / 4 + SUMIF(AD21:AD21, ">1") / 4 + SUMIF(AF21:AF21, ">1") / 4 + SUMIF(AH21:AH21, ">1") / 4 + SUMIF(AJ21:AJ21, ">1") / 4 -> 0 | AO21: =AVERAGE(AK21:AN21) -> 0 | AR21: =IF(AO21<70, AO21*0.5, "") -> 0 | AT21: =AS21*50% -> 0 | AU21: =IF(AS21<>"", IF(AR21="","",AR21+AT21), "") | AV21: =IF(AU21 < 70, AR21*30%, "") | AX21: =AW21*70% -> 0 | AY21: =IF(AW21<>"", IF(AV21="", "", AV21+AX21), "") | AZ21: =IF(AND(AU21<70, AY21<70), AO21, "") | BB21: =IF(AW21<>"", IF(AY21>=70, AY21, IF(AZ21+BA21>=70, AZ21+BA21, "")), IF(AS21<>"", IF(AU21>=70, AU21, ""), IF(AO21>=70, AO21, ""))) | BC21: =IF(AW21<>"", IF(AY21<70, IF(AZ21+BA21<70, AZ21+BA21, ""), ""), IF(AS21<>"", IF(AU21<70, AU21, ""), IF(AO21<70, AO21, ""))) -> 0 | BE21: =SUM(E21+M21+U21+AC21)/4 -> 0 | BF21: =SUM(G21+O21+W21+AE21)/4 -> 0 | BG21: =SUM(I21+Q21+Y21+AG21)/4 -> 0 | BH21: =SUM(K21+S21+AA21+AI21)/4 -> 0 | BI21: =AVERAGE(BE21:BH21) -> 0
A22: 12 | B22: 2A-D-12 | C22: DELOSSANTE | D22: MIRDALENE | AK22: =SUMIF(E22:E22, ">=70") / 4 +SUMIF(G22:G22, ">=70") / 4 +SUMIF(I22:I22, ">=70") / 4 +SUMIF(K22:K22, ">=70") / 4 + SUMIF(F22:F22, ">1") / 4 + SUMIF(H22:H22, ">1") / 4 + SUMIF(J22:J22, ">1") / 4 + SUMIF(L22:L22, ">1") / 4 -> 0 | AL22: =SUMIF(M22:M22, ">=70") / 4 +SUMIF(O22:O22, ">=70") / 4 +SUMIF(Q22:Q22, ">=70") / 4 +SUMIF(S22:S22, ">=70") / 4 + SUMIF(N22:N22, ">1") / 4 + SUMIF(P22:P22, ">1") / 4 + SUMIF(R22:R22, ">1") / 4 + SUMIF(T22:T22, ">1") / 4 -> 0 | AM22: =SUMIF(U22:U22, ">=70") / 4 +SUMIF(W22:W22, ">=70") / 4 +SUMIF(Y22:Y22, ">=70") / 4 +SUMIF(AA22:AA22, ">=70") / 4 + SUMIF(V22:V22, ">1") / 4 + SUMIF(X22:X22, ">1") / 4 + SUMIF(Z22:Z22, ">1") / 4 + SUMIF(AB22:AB22, ">1") / 4 -> 0 | AN22: =SUMIF(AC22:AC22, ">=65") / 4 +SUMIF(AE22:AE22, ">=65") / 4 +SUMIF(AG22:AG22, ">=65") / 4 +SUMIF(AI22:AI22, ">=65") / 4 + SUMIF(AD22:AD22, ">1") / 4 + SUMIF(AF22:AF22, ">1") / 4 + SUMIF(AH22:AH22, ">1") / 4 + SUMIF(AJ22:AJ22, ">1") / 4 -> 0 | AO22: =AVERAGE(AK22:AN22) -> 0 | AR22: =IF(AO22<70, AO22*0.5, "") -> 0 | AT22: =AS22*50% -> 0 | AU22: =IF(AS22<>"", IF(AR22="","",AR22+AT22), "") | AV22: =IF(AU22 < 70, AR22*30%, "") | AX22: =AW22*70% -> 0 | AY22: =IF(AW22<>"", IF(AV22="", "", AV22+AX22), "") | AZ22: =IF(AND(AU22<70, AY22<70), AO22, "") | BB22: =IF(AW22<>"", IF(AY22>=70, AY22, IF(AZ22+BA22>=70, AZ22+BA22, "")), IF(AS22<>"", IF(AU22>=70, AU22, ""), IF(AO22>=70, AO22, ""))) | BC22: =IF(AW22<>"", IF(AY22<70, IF(AZ22+BA22<70, AZ22+BA22, ""), ""), IF(AS22<>"", IF(AU22<70, AU22, ""), IF(AO22<70, AO22, ""))) -> 0 | BE22: =SUM(E22+M22+U22+AC22)/4 -> 0 | BF22: =SUM(G22+O22+W22+AE22)/4 -> 0 | BG22: =SUM(I22+Q22+Y22+AG22)/4 -> 0 | BH22: =SUM(K22+S22+AA22+AI22)/4 -> 0 | BI22: =AVERAGE(BE22:BH22) -> 0
A23: 13 | B23: 2A-D-13 | C23: DOMINGUEZ MONTERO | D23: JADE YASELY | AK23: =SUMIF(E23:E23, ">=70") / 4 +SUMIF(G23:G23, ">=70") / 4 +SUMIF(I23:I23, ">=70") / 4 +SUMIF(K23:K23, ">=70") / 4 + SUMIF(F23:F23, ">1") / 4 + SUMIF(H23:H23, ">1") / 4 + SUMIF(J23:J23, ">1") / 4 + SUMIF(L23:L23, ">1") / 4 -> 0 | AL23: =SUMIF(M23:M23, ">=70") / 4 +SUMIF(O23:O23, ">=70") / 4 +SUMIF(Q23:Q23, ">=70") / 4 +SUMIF(S23:S23, ">=70") / 4 + SUMIF(N23:N23, ">1") / 4 + SUMIF(P23:P23, ">1") / 4 + SUMIF(R23:R23, ">1") / 4 + SUMIF(T23:T23, ">1") / 4 -> 0 | AM23: =SUMIF(U23:U23, ">=70") / 4 +SUMIF(W23:W23, ">=70") / 4 +SUMIF(Y23:Y23, ">=70") / 4 +SUMIF(AA23:AA23, ">=70") / 4 + SUMIF(V23:V23, ">1") / 4 + SUMIF(X23:X23, ">1") / 4 + SUMIF(Z23:Z23, ">1") / 4 + SUMIF(AB23:AB23, ">1") / 4 -> 0 | AN23: =SUMIF(AC23:AC23, ">=65") / 4 +SUMIF(AE23:AE23, ">=65") / 4 +SUMIF(AG23:AG23, ">=65") / 4 +SUMIF(AI23:AI23, ">=65") / 4 + SUMIF(AD23:AD23, ">1") / 4 + SUMIF(AF23:AF23, ">1") / 4 + SUMIF(AH23:AH23, ">1") / 4 + SUMIF(AJ23:AJ23, ">1") / 4 -> 0 | AO23: =AVERAGE(AK23:AN23) -> 0 | AR23: =IF(AO23<70, AO23*0.5, "") -> 0 | AT23: =AS23*50% -> 0 | AU23: =IF(AS23<>"", IF(AR23="","",AR23+AT23), "") | AV23: =IF(AU23 < 70, AR23*30%, "") | AX23: =AW23*70% -> 0 | AY23: =IF(AW23<>"", IF(AV23="", "", AV23+AX23), "") | AZ23: =IF(AND(AU23<70, AY23<70), AO23, "") | BB23: =IF(AW23<>"", IF(AY23>=70, AY23, IF(AZ23+BA23>=70, AZ23+BA23, "")), IF(AS23<>"", IF(AU23>=70, AU23, ""), IF(AO23>=70, AO23, ""))) | BC23: =IF(AW23<>"", IF(AY23<70, IF(AZ23+BA23<70, AZ23+BA23, ""), ""), IF(AS23<>"", IF(AU23<70, AU23, ""), IF(AO23<70, AO23, ""))) -> 0 | BE23: =SUM(E23+M23+U23+AC23)/4 -> 0 | BF23: =SUM(G23+O23+W23+AE23)/4 -> 0 | BG23: =SUM(I23+Q23+Y23+AG23)/4 -> 0 | BH23: =SUM(K23+S23+AA23+AI23)/4 -> 0 | BI23: =AVERAGE(BE23:BH23) -> 0
A24: 14 | B24: 2A-D-14 | C24: FERNANDEZ CUELLO | D24: JUAN FRANCISCO | AK24: =SUMIF(E24:E24, ">=70") / 4 +SUMIF(G24:G24, ">=70") / 4 +SUMIF(I24:I24, ">=70") / 4 +SUMIF(K24:K24, ">=70") / 4 + SUMIF(F24:F24, ">1") / 4 + SUMIF(H24:H24, ">1") / 4 + SUMIF(J24:J24, ">1") / 4 + SUMIF(L24:L24, ">1") / 4 -> 0 | AL24: =SUMIF(M24:M24, ">=70") / 4 +SUMIF(O24:O24, ">=70") / 4 +SUMIF(Q24:Q24, ">=70") / 4 +SUMIF(S24:S24, ">=70") / 4 + SUMIF(N24:N24, ">1") / 4 + SUMIF(P24:P24, ">1") / 4 + SUMIF(R24:R24, ">1") / 4 + SUMIF(T24:T24, ">1") / 4 -> 0 | AM24: =SUMIF(U24:U24, ">=70") / 4 +SUMIF(W24:W24, ">=70") / 4 +SUMIF(Y24:Y24, ">=70") / 4 +SUMIF(AA24:AA24, ">=70") / 4 + SUMIF(V24:V24, ">1") / 4 + SUMIF(X24:X24, ">1") / 4 + SUMIF(Z24:Z24, ">1") / 4 + SUMIF(AB24:AB24, ">1") / 4 -> 0 | AN24: =SUMIF(AC24:AC24, ">=65") / 4 +SUMIF(AE24:AE24, ">=65") / 4 +SUMIF(AG24:AG24, ">=65") / 4 +SUMIF(AI24:AI24, ">=65") / 4 + SUMIF(AD24:AD24, ">1") / 4 + SUMIF(AF24:AF24, ">1") / 4 + SUMIF(AH24:AH24, ">1") / 4 + SUMIF(AJ24:AJ24, ">1") / 4 -> 0 | AO24: =AVERAGE(AK24:AN24) -> 0 | AR24: =IF(AO24<70, AO24*0.5, "") -> 0 | AT24: =AS24*50% -> 0 | AU24: =IF(AS24<>"", IF(AR24="","",AR24+AT24), "") | AV24: =IF(AU24 < 70, AR24*30%, "") | AX24: =AW24*70% -> 0 | AY24: =IF(AW24<>"", IF(AV24="", "", AV24+AX24), "") | AZ24: =IF(AND(AU24<70, AY24<70), AO24, "") | BB24: =IF(AW24<>"", IF(AY24>=70, AY24, IF(AZ24+BA24>=70, AZ24+BA24, "")), IF(AS24<>"", IF(AU24>=70, AU24, ""), IF(AO24>=70, AO24, ""))) | BC24: =IF(AW24<>"", IF(AY24<70, IF(AZ24+BA24<70, AZ24+BA24, ""), ""), IF(AS24<>"", IF(AU24<70, AU24, ""), IF(AO24<70, AO24, ""))) -> 0 | BE24: =SUM(E24+M24+U24+AC24)/4 -> 0 | BF24: =SUM(G24+O24+W24+AE24)/4 -> 0 | BG24: =SUM(I24+Q24+Y24+AG24)/4 -> 0 | BH24: =SUM(K24+S24+AA24+AI24)/4 -> 0 | BI24: =AVERAGE(BE24:BH24) -> 0
A25: 15 | B25: 2A-D-15 | C25: GOIN HIPPOLYTE | D25: ABIGAELLE | AK25: =SUMIF(E25:E25, ">=70") / 4 +SUMIF(G25:G25, ">=70") / 4 +SUMIF(I25:I25, ">=70") / 4 +SUMIF(K25:K25, ">=70") / 4 + SUMIF(F25:F25, ">1") / 4 + SUMIF(H25:H25, ">1") / 4 + SUMIF(J25:J25, ">1") / 4 + SUMIF(L25:L25, ">1") / 4 -> 0 | AL25: =SUMIF(M25:M25, ">=70") / 4 +SUMIF(O25:O25, ">=70") / 4 +SUMIF(Q25:Q25, ">=70") / 4 +SUMIF(S25:S25, ">=70") / 4 + SUMIF(N25:N25, ">1") / 4 + SUMIF(P25:P25, ">1") / 4 + SUMIF(R25:R25, ">1") / 4 + SUMIF(T25:T25, ">1") / 4 -> 0 | AM25: =SUMIF(U25:U25, ">=70") / 4 +SUMIF(W25:W25, ">=70") / 4 +SUMIF(Y25:Y25, ">=70") / 4 +SUMIF(AA25:AA25, ">=70") / 4 + SUMIF(V25:V25, ">1") / 4 + SUMIF(X25:X25, ">1") / 4 + SUMIF(Z25:Z25, ">1") / 4 + SUMIF(AB25:AB25, ">1") / 4 -> 0 | AN25: =SUMIF(AC25:AC25, ">=65") / 4 +SUMIF(AE25:AE25, ">=65") / 4 +SUMIF(AG25:AG25, ">=65") / 4 +SUMIF(AI25:AI25, ">=65") / 4 + SUMIF(AD25:AD25, ">1") / 4 + SUMIF(AF25:AF25, ">1") / 4 + SUMIF(AH25:AH25, ">1") / 4 + SUMIF(AJ25:AJ25, ">1") / 4 -> 0 | AO25: =AVERAGE(AK25:AN25) -> 0 | AR25: =IF(AO25<70, AO25*0.5, "") -> 0 | AT25: =AS25*50% -> 0 | AU25: =IF(AS25<>"", IF(AR25="","",AR25+AT25), "") | AV25: =IF(AU25 < 70, AR25*30%, "") | AX25: =AW25*70% -> 0 | AY25: =IF(AW25<>"", IF(AV25="", "", AV25+AX25), "") | AZ25: =IF(AND(AU25<70, AY25<70), AO25, "") | BB25: =IF(AW25<>"", IF(AY25>=70, AY25, IF(AZ25+BA25>=70, AZ25+BA25, "")), IF(AS25<>"", IF(AU25>=70, AU25, ""), IF(AO25>=70, AO25, ""))) | BC25: =IF(AW25<>"", IF(AY25<70, IF(AZ25+BA25<70, AZ25+BA25, ""), ""), IF(AS25<>"", IF(AU25<70, AU25, ""), IF(AO25<70, AO25, ""))) -> 0 | BE25: =SUM(E25+M25+U25+AC25)/4 -> 0 | BF25: =SUM(G25+O25+W25+AE25)/4 -> 0 | BG25: =SUM(I25+Q25+Y25+AG25)/4 -> 0 | BH25: =SUM(K25+S25+AA25+AI25)/4 -> 0 | BI25: =AVERAGE(BE25:BH25) -> 0
A26: 16 | B26: 2A-D-16 | C26: HERNANDEZ SORIANO | D26: ELIAN | AK26: =SUMIF(E26:E26, ">=70") / 4 +SUMIF(G26:G26, ">=70") / 4 +SUMIF(I26:I26, ">=70") / 4 +SUMIF(K26:K26, ">=70") / 4 + SUMIF(F26:F26, ">1") / 4 + SUMIF(H26:H26, ">1") / 4 + SUMIF(J26:J26, ">1") / 4 + SUMIF(L26:L26, ">1") / 4 -> 0 | AL26: =SUMIF(M26:M26, ">=70") / 4 +SUMIF(O26:O26, ">=70") / 4 +SUMIF(Q26:Q26, ">=70") / 4 +SUMIF(S26:S26, ">=70") / 4 + SUMIF(N26:N26, ">1") / 4 + SUMIF(P26:P26, ">1") / 4 + SUMIF(R26:R26, ">1") / 4 + SUMIF(T26:T26, ">1") / 4 -> 0 | AM26: =SUMIF(U26:U26, ">=70") / 4 +SUMIF(W26:W26, ">=70") / 4 +SUMIF(Y26:Y26, ">=70") / 4 +SUMIF(AA26:AA26, ">=70") / 4 + SUMIF(V26:V26, ">1") / 4 + SUMIF(X26:X26, ">1") / 4 + SUMIF(Z26:Z26, ">1") / 4 + SUMIF(AB26:AB26, ">1") / 4 -> 0 | AN26: =SUMIF(AC26:AC26, ">=65") / 4 +SUMIF(AE26:AE26, ">=65") / 4 +SUMIF(AG26:AG26, ">=65") / 4 +SUMIF(AI26:AI26, ">=65") / 4 + SUMIF(AD26:AD26, ">1") / 4 + SUMIF(AF26:AF26, ">1") / 4 + SUMIF(AH26:AH26, ">1") / 4 + SUMIF(AJ26:AJ26, ">1") / 4 -> 0 | AO26: =AVERAGE(AK26:AN26) -> 0 | AR26: =IF(AO26<70, AO26*0.5, "") -> 0 | AT26: =AS26*50% -> 0 | AU26: =IF(AS26<>"", IF(AR26="","",AR26+AT26), "") | AV26: =IF(AU26 < 70, AR26*30%, "") | AX26: =AW26*70% -> 0 | AY26: =IF(AW26<>"", IF(AV26="", "", AV26+AX26), "") | AZ26: =IF(AND(AU26<70, AY26<70), AO26, "") | BB26: =IF(AW26<>"", IF(AY26>=70, AY26, IF(AZ26+BA26>=70, AZ26+BA26, "")), IF(AS26<>"", IF(AU26>=70, AU26, ""), IF(AO26>=70, AO26, ""))) | BC26: =IF(AW26<>"", IF(AY26<70, IF(AZ26+BA26<70, AZ26+BA26, ""), ""), IF(AS26<>"", IF(AU26<70, AU26, ""), IF(AO26<70, AO26, ""))) -> 0 | BE26: =SUM(E26+M26+U26+AC26)/4 -> 0 | BF26: =SUM(G26+O26+W26+AE26)/4 -> 0 | BG26: =SUM(I26+Q26+Y26+AG26)/4 -> 0 | BH26: =SUM(K26+S26+AA26+AI26)/4 -> 0 | BI26: =AVERAGE(BE26:BH26) -> 0
A27: 17 | B27: 2A-D-17 | C27: JANVIER CORASME | D27: GISELENE | AK27: =SUMIF(E27:E27, ">=70") / 4 +SUMIF(G27:G27, ">=70") / 4 +SUMIF(I27:I27, ">=70") / 4 +SUMIF(K27:K27, ">=70") / 4 + SUMIF(F27:F27, ">1") / 4 + SUMIF(H27:H27, ">1") / 4 + SUMIF(J27:J27, ">1") / 4 + SUMIF(L27:L27, ">1") / 4 -> 0 | AL27: =SUMIF(M27:M27, ">=70") / 4 +SUMIF(O27:O27, ">=70") / 4 +SUMIF(Q27:Q27, ">=70") / 4 +SUMIF(S27:S27, ">=70") / 4 + SUMIF(N27:N27, ">1") / 4 + SUMIF(P27:P27, ">1") / 4 + SUMIF(R27:R27, ">1") / 4 + SUMIF(T27:T27, ">1") / 4 -> 0 | AM27: =SUMIF(U27:U27, ">=70") / 4 +SUMIF(W27:W27, ">=70") / 4 +SUMIF(Y27:Y27, ">=70") / 4 +SUMIF(AA27:AA27, ">=70") / 4 + SUMIF(V27:V27, ">1") / 4 + SUMIF(X27:X27, ">1") / 4 + SUMIF(Z27:Z27, ">1") / 4 + SUMIF(AB27:AB27, ">1") / 4 -> 0 | AN27: =SUMIF(AC27:AC27, ">=65") / 4 +SUMIF(AE27:AE27, ">=65") / 4 +SUMIF(AG27:AG27, ">=65") / 4 +SUMIF(AI27:AI27, ">=65") / 4 + SUMIF(AD27:AD27, ">1") / 4 + SUMIF(AF27:AF27, ">1") / 4 + SUMIF(AH27:AH27, ">1") / 4 + SUMIF(AJ27:AJ27, ">1") / 4 -> 0 | AO27: =AVERAGE(AK27:AN27) -> 0 | AR27: =IF(AO27<70, AO27*0.5, "") -> 0 | AT27: =AS27*50% -> 0 | AU27: =IF(AS27<>"", IF(AR27="","",AR27+AT27), "") | AV27: =IF(AU27 < 70, AR27*30%, "") | AX27: =AW27*70% -> 0 | AY27: =IF(AW27<>"", IF(AV27="", "", AV27+AX27), "") | AZ27: =IF(AND(AU27<70, AY27<70), AO27, "") | BB27: =IF(AW27<>"", IF(AY27>=70, AY27, IF(AZ27+BA27>=70, AZ27+BA27, "")), IF(AS27<>"", IF(AU27>=70, AU27, ""), IF(AO27>=70, AO27, ""))) | BC27: =IF(AW27<>"", IF(AY27<70, IF(AZ27+BA27<70, AZ27+BA27, ""), ""), IF(AS27<>"", IF(AU27<70, AU27, ""), IF(AO27<70, AO27, ""))) -> 0 | BE27: =SUM(E27+M27+U27+AC27)/4 -> 0 | BF27: =SUM(G27+O27+W27+AE27)/4 -> 0 | BG27: =SUM(I27+Q27+Y27+AG27)/4 -> 0 | BH27: =SUM(K27+S27+AA27+AI27)/4 -> 0 | BI27: =AVERAGE(BE27:BH27) -> 0
A28: 18 | B28: 2A-D-18 | C28: JEAN BAPTISTE | D28: ESTEICI | E28: 80 | G28: 83 | I28: 85 | K28: 84 | M28: 81 | O28: 84 | Q28: 83 | S28: 82 | U28: 80 | W28: 84 | Y28: 85 | AA28: 83 | AC28: 80 | AE28: 84 | AG28: 82 | AI28: 81 | AK28: =SUMIF(E28:E28, ">=70") / 4 +SUMIF(G28:G28, ">=70") / 4 +SUMIF(I28:I28, ">=70") / 4 +SUMIF(K28:K28, ">=70") / 4 + SUMIF(F28:F28, ">1") / 4 + SUMIF(H28:H28, ">1") / 4 + SUMIF(J28:J28, ">1") / 4 + SUMIF(L28:L28, ">1") / 4 -> 83 | AL28: =SUMIF(M28:M28, ">=70") / 4 +SUMIF(O28:O28, ">=70") / 4 +SUMIF(Q28:Q28, ">=70") / 4 +SUMIF(S28:S28, ">=70") / 4 + SUMIF(N28:N28, ">1") / 4 + SUMIF(P28:P28, ">1") / 4 + SUMIF(R28:R28, ">1") / 4 + SUMIF(T28:T28, ">1") / 4 -> 82.5 | AM28: =SUMIF(U28:U28, ">=70") / 4 +SUMIF(W28:W28, ">=70") / 4 +SUMIF(Y28:Y28, ">=70") / 4 +SUMIF(AA28:AA28, ">=70") / 4 + SUMIF(V28:V28, ">1") / 4 + SUMIF(X28:X28, ">1") / 4 + SUMIF(Z28:Z28, ">1") / 4 + SUMIF(AB28:AB28, ">1") / 4 -> 83 | AN28: =SUMIF(AC28:AC28, ">=65") / 4 +SUMIF(AE28:AE28, ">=65") / 4 +SUMIF(AG28:AG28, ">=65") / 4 +SUMIF(AI28:AI28, ">=65") / 4 + SUMIF(AD28:AD28, ">1") / 4 + SUMIF(AF28:AF28, ">1") / 4 + SUMIF(AH28:AH28, ">1") / 4 + SUMIF(AJ28:AJ28, ">1") / 4 -> 81.75 | AO28: =AVERAGE(AK28:AN28) -> 82.5625 | AR28: =IF(AO28<70, AO28*0.5, "") | AT28: =AS28*50% -> 0 | AU28: =IF(AS28<>"", IF(AR28="","",AR28+AT28), "") | AV28: =IF(AU28 < 70, AR28*30%, "") | AX28: =AW28*70% -> 0 | AY28: =IF(AW28<>"", IF(AV28="", "", AV28+AX28), "") | AZ28: =IF(AND(AU28<70, AY28<70), AO28, "") | BB28: =IF(AW28<>"", IF(AY28>=70, AY28, IF(AZ28+BA28>=70, AZ28+BA28, "")), IF(AS28<>"", IF(AU28>=70, AU28, ""), IF(AO28>=70, AO28, ""))) -> 82.5625 | BC28: =IF(AW28<>"", IF(AY28<70, IF(AZ28+BA28<70, AZ28+BA28, ""), ""), IF(AS28<>"", IF(AU28<70, AU28, ""), IF(AO28<70, AO28, ""))) | BE28: =SUM(E28+M28+U28+AC28)/4 -> 80.25 | BF28: =SUM(G28+O28+W28+AE28)/4 -> 83.75 | BG28: =SUM(I28+Q28+Y28+AG28)/4 -> 83.75 | BH28: =SUM(K28+S28+AA28+AI28)/4 -> 82.5 | BI28: =AVERAGE(BE28:BH28) -> 82.5625
A29: 19 | B29: 2A-D-19 | C29: JIMENEZ PAYANO | D29: ANDY JUNIOR | AK29: =SUMIF(E29:E29, ">=70") / 4 +SUMIF(G29:G29, ">=70") / 4 +SUMIF(I29:I29, ">=70") / 4 +SUMIF(K29:K29, ">=70") / 4 + SUMIF(F29:F29, ">1") / 4 + SUMIF(H29:H29, ">1") / 4 + SUMIF(J29:J29, ">1") / 4 + SUMIF(L29:L29, ">1") / 4 -> 0 | AL29: =SUMIF(M29:M29, ">=70") / 4 +SUMIF(O29:O29, ">=70") / 4 +SUMIF(Q29:Q29, ">=70") / 4 +SUMIF(S29:S29, ">=70") / 4 + SUMIF(N29:N29, ">1") / 4 + SUMIF(P29:P29, ">1") / 4 + SUMIF(R29:R29, ">1") / 4 + SUMIF(T29:T29, ">1") / 4 -> 0 | AM29: =SUMIF(U29:U29, ">=70") / 4 +SUMIF(W29:W29, ">=70") / 4 +SUMIF(Y29:Y29, ">=70") / 4 +SUMIF(AA29:AA29, ">=70") / 4 + SUMIF(V29:V29, ">1") / 4 + SUMIF(X29:X29, ">1") / 4 + SUMIF(Z29:Z29, ">1") / 4 + SUMIF(AB29:AB29, ">1") / 4 -> 0 | AN29: =SUMIF(AC29:AC29, ">=65") / 4 +SUMIF(AE29:AE29, ">=65") / 4 +SUMIF(AG29:AG29, ">=65") / 4 +SUMIF(AI29:AI29, ">=65") / 4 + SUMIF(AD29:AD29, ">1") / 4 + SUMIF(AF29:AF29, ">1") / 4 + SUMIF(AH29:AH29, ">1") / 4 + SUMIF(AJ29:AJ29, ">1") / 4 -> 0 | AO29: =AVERAGE(AK29:AN29) -> 0 | AR29: =IF(AO29<70, AO29*0.5, "") -> 0 | AT29: =AS29*50% -> 0 | AU29: =IF(AS29<>"", IF(AR29="","",AR29+AT29), "") | AV29: =IF(AU29 < 70, AR29*30%, "") | AX29: =AW29*70% -> 0 | AY29: =IF(AW29<>"", IF(AV29="", "", AV29+AX29), "") | AZ29: =IF(AND(AU29<70, AY29<70), AO29, "") | BB29: =IF(AW29<>"", IF(AY29>=70, AY29, IF(AZ29+BA29>=70, AZ29+BA29, "")), IF(AS29<>"", IF(AU29>=70, AU29, ""), IF(AO29>=70, AO29, ""))) | BC29: =IF(AW29<>"", IF(AY29<70, IF(AZ29+BA29<70, AZ29+BA29, ""), ""), IF(AS29<>"", IF(AU29<70, AU29, ""), IF(AO29<70, AO29, ""))) -> 0 | BE29: =SUM(E29+M29+U29+AC29)/4 -> 0 | BF29: =SUM(G29+O29+W29+AE29)/4 -> 0 | BG29: =SUM(I29+Q29+Y29+AG29)/4 -> 0 | BH29: =SUM(K29+S29+AA29+AI29)/4 -> 0 | BI29: =AVERAGE(BE29:BH29) -> 0
A30: 20 | B30: 2A-D-20 | C30: MONTAS LOPEZ | D30: EDUARDO AUGUSTO | AK30: =SUMIF(E30:E30, ">=70") / 4 +SUMIF(G30:G30, ">=70") / 4 +SUMIF(I30:I30, ">=70") / 4 +SUMIF(K30:K30, ">=70") / 4 + SUMIF(F30:F30, ">1") / 4 + SUMIF(H30:H30, ">1") / 4 + SUMIF(J30:J30, ">1") / 4 + SUMIF(L30:L30, ">1") / 4 -> 0 | AL30: =SUMIF(M30:M30, ">=70") / 4 +SUMIF(O30:O30, ">=70") / 4 +SUMIF(Q30:Q30, ">=70") / 4 +SUMIF(S30:S30, ">=70") / 4 + SUMIF(N30:N30, ">1") / 4 + SUMIF(P30:P30, ">1") / 4 + SUMIF(R30:R30, ">1") / 4 + SUMIF(T30:T30, ">1") / 4 -> 0 | AM30: =SUMIF(U30:U30, ">=70") / 4 +SUMIF(W30:W30, ">=70") / 4 +SUMIF(Y30:Y30, ">=70") / 4 +SUMIF(AA30:AA30, ">=70") / 4 + SUMIF(V30:V30, ">1") / 4 + SUMIF(X30:X30, ">1") / 4 + SUMIF(Z30:Z30, ">1") / 4 + SUMIF(AB30:AB30, ">1") / 4 -> 0 | AN30: =SUMIF(AC30:AC30, ">=65") / 4 +SUMIF(AE30:AE30, ">=65") / 4 +SUMIF(AG30:AG30, ">=65") / 4 +SUMIF(AI30:AI30, ">=65") / 4 + SUMIF(AD30:AD30, ">1") / 4 + SUMIF(AF30:AF30, ">1") / 4 + SUMIF(AH30:AH30, ">1") / 4 + SUMIF(AJ30:AJ30, ">1") / 4 -> 0 | AO30: =AVERAGE(AK30:AN30) -> 0 | AR30: =IF(AO30<70, AO30*0.5, "") -> 0 | AT30: =AS30*50% -> 0 | AU30: =IF(AS30<>"", IF(AR30="","",AR30+AT30), "") | AV30: =IF(AU30 < 70, AR30*30%, "") | AX30: =AW30*70% -> 0 | AY30: =IF(AW30<>"", IF(AV30="", "", AV30+AX30), "") | AZ30: =IF(AND(AU30<70, AY30<70), AO30, "") | BB30: =IF(AW30<>"", IF(AY30>=70, AY30, IF(AZ30+BA30>=70, AZ30+BA30, "")), IF(AS30<>"", IF(AU30>=70, AU30, ""), IF(AO30>=70, AO30, ""))) | BC30: =IF(AW30<>"", IF(AY30<70, IF(AZ30+BA30<70, AZ30+BA30, ""), ""), IF(AS30<>"", IF(AU30<70, AU30, ""), IF(AO30<70, AO30, ""))) -> 0 | BE30: =SUM(E30+M30+U30+AC30)/4 -> 0 | BF30: =SUM(G30+O30+W30+AE30)/4 -> 0 | BG30: =SUM(I30+Q30+Y30+AG30)/4 -> 0 | BH30: =SUM(K30+S30+AA30+AI30)/4 -> 0 | BI30: =AVERAGE(BE30:BH30) -> 0
A31: 21 | B31: 2A-D-21 | C31: MORALES DE LA CRUZ | D31: FREDELIN NATANAEL | AK31: =SUMIF(E31:E31, ">=70") / 4 +SUMIF(G31:G31, ">=70") / 4 +SUMIF(I31:I31, ">=70") / 4 +SUMIF(K31:K31, ">=70") / 4 + SUMIF(F31:F31, ">1") / 4 + SUMIF(H31:H31, ">1") / 4 + SUMIF(J31:J31, ">1") / 4 + SUMIF(L31:L31, ">1") / 4 -> 0 | AL31: =SUMIF(M31:M31, ">=70") / 4 +SUMIF(O31:O31, ">=70") / 4 +SUMIF(Q31:Q31, ">=70") / 4 +SUMIF(S31:S31, ">=70") / 4 + SUMIF(N31:N31, ">1") / 4 + SUMIF(P31:P31, ">1") / 4 + SUMIF(R31:R31, ">1") / 4 + SUMIF(T31:T31, ">1") / 4 -> 0 | AM31: =SUMIF(U31:U31, ">=70") / 4 +SUMIF(W31:W31, ">=70") / 4 +SUMIF(Y31:Y31, ">=70") / 4 +SUMIF(AA31:AA31, ">=70") / 4 + SUMIF(V31:V31, ">1") / 4 + SUMIF(X31:X31, ">1") / 4 + SUMIF(Z31:Z31, ">1") / 4 + SUMIF(AB31:AB31, ">1") / 4 -> 0 | AN31: =SUMIF(AC31:AC31, ">=65") / 4 +SUMIF(AE31:AE31, ">=65") / 4 +SUMIF(AG31:AG31, ">=65") / 4 +SUMIF(AI31:AI31, ">=65") / 4 + SUMIF(AD31:AD31, ">1") / 4 + SUMIF(AF31:AF31, ">1") / 4 + SUMIF(AH31:AH31, ">1") / 4 + SUMIF(AJ31:AJ31, ">1") / 4 -> 0 | AO31: =AVERAGE(AK31:AN31) -> 0 | AR31: =IF(AO31<70, AO31*0.5, "") -> 0 | AT31: =AS31*50% -> 0 | AU31: =IF(AS31<>"", IF(AR31="","",AR31+AT31), "") | AV31: =IF(AU31 < 70, AR31*30%, "") | AX31: =AW31*70% -> 0 | AY31: =IF(AW31<>"", IF(AV31="", "", AV31+AX31), "") | AZ31: =IF(AND(AU31<70, AY31<70), AO31, "") | BB31: =IF(AW31<>"", IF(AY31>=70, AY31, IF(AZ31+BA31>=70, AZ31+BA31, "")), IF(AS31<>"", IF(AU31>=70, AU31, ""), IF(AO31>=70, AO31, ""))) | BC31: =IF(AW31<>"", IF(AY31<70, IF(AZ31+BA31<70, AZ31+BA31, ""), ""), IF(AS31<>"", IF(AU31<70, AU31, ""), IF(AO31<70, AO31, ""))) -> 0 | BE31: =SUM(E31+M31+U31+AC31)/4 -> 0 | BF31: =SUM(G31+O31+W31+AE31)/4 -> 0 | BG31: =SUM(I31+Q31+Y31+AG31)/4 -> 0 | BH31: =SUM(K31+S31+AA31+AI31)/4 -> 0 | BI31: =AVERAGE(BE31:BH31) -> 0
A32: 22 | B32: 2A-D-22 | C32: ORTIZ | D32: GERMAYORI | E32: 81 | G32: 83 | I32: 84 | K32: 86 | M32: 87 | O32: 83 | Q32: 84 | S32: 86 | U32: 85 | W32: 86 | Y32: 84 | AA32: 86 | AC32: 88 | AE32: 86 | AG32: 87 | AI32: 88 | AK32: =SUMIF(E32:E32, ">=70") / 4 +SUMIF(G32:G32, ">=70") / 4 +SUMIF(I32:I32, ">=70") / 4 +SUMIF(K32:K32, ">=70") / 4 + SUMIF(F32:F32, ">1") / 4 + SUMIF(H32:H32, ">1") / 4 + SUMIF(J32:J32, ">1") / 4 + SUMIF(L32:L32, ">1") / 4 -> 83.5 | AL32: =SUMIF(M32:M32, ">=70") / 4 +SUMIF(O32:O32, ">=70") / 4 +SUMIF(Q32:Q32, ">=70") / 4 +SUMIF(S32:S32, ">=70") / 4 + SUMIF(N32:N32, ">1") / 4 + SUMIF(P32:P32, ">1") / 4 + SUMIF(R32:R32, ">1") / 4 + SUMIF(T32:T32, ">1") / 4 -> 85 | AM32: =SUMIF(U32:U32, ">=70") / 4 +SUMIF(W32:W32, ">=70") / 4 +SUMIF(Y32:Y32, ">=70") / 4 +SUMIF(AA32:AA32, ">=70") / 4 + SUMIF(V32:V32, ">1") / 4 + SUMIF(X32:X32, ">1") / 4 + SUMIF(Z32:Z32, ">1") / 4 + SUMIF(AB32:AB32, ">1") / 4 -> 85.25 | AN32: =SUMIF(AC32:AC32, ">=65") / 4 +SUMIF(AE32:AE32, ">=65") / 4 +SUMIF(AG32:AG32, ">=65") / 4 +SUMIF(AI32:AI32, ">=65") / 4 + SUMIF(AD32:AD32, ">1") / 4 + SUMIF(AF32:AF32, ">1") / 4 + SUMIF(AH32:AH32, ">1") / 4 + SUMIF(AJ32:AJ32, ">1") / 4 -> 87.25 | AO32: =AVERAGE(AK32:AN32) -> 85.25 | AR32: =IF(AO32<70, AO32*0.5, "") | AT32: =AS32*50% -> 0 | AU32: =IF(AS32<>"", IF(AR32="","",AR32+AT32), "") | AV32: =IF(AU32 < 70, AR32*30%, "") | AX32: =AW32*70% -> 0 | AY32: =IF(AW32<>"", IF(AV32="", "", AV32+AX32), "") | AZ32: =IF(AND(AU32<70, AY32<70), AO32, "") | BB32: =IF(AW32<>"", IF(AY32>=70, AY32, IF(AZ32+BA32>=70, AZ32+BA32, "")), IF(AS32<>"", IF(AU32>=70, AU32, ""), IF(AO32>=70, AO32, ""))) -> 85.25 | BC32: =IF(AW32<>"", IF(AY32<70, IF(AZ32+BA32<70, AZ32+BA32, ""), ""), IF(AS32<>"", IF(AU32<70, AU32, ""), IF(AO32<70, AO32, ""))) | BE32: =SUM(E32+M32+U32+AC32)/4 -> 85.25 | BF32: =SUM(G32+O32+W32+AE32)/4 -> 84.5 | BG32: =SUM(I32+Q32+Y32+AG32)/4 -> 84.75 | BH32: =SUM(K32+S32+AA32+AI32)/4 -> 86.5 | BI32: =AVERAGE(BE32:BH32) -> 85.25
A33: 23 | B33: 2A-D-23 | C33: PAYANO BURGOS | D33: JONAS | AK33: =SUMIF(E33:E33, ">=70") / 4 +SUMIF(G33:G33, ">=70") / 4 +SUMIF(I33:I33, ">=70") / 4 +SUMIF(K33:K33, ">=70") / 4 + SUMIF(F33:F33, ">1") / 4 + SUMIF(H33:H33, ">1") / 4 + SUMIF(J33:J33, ">1") / 4 + SUMIF(L33:L33, ">1") / 4 -> 0 | AL33: =SUMIF(M33:M33, ">=70") / 4 +SUMIF(O33:O33, ">=70") / 4 +SUMIF(Q33:Q33, ">=70") / 4 +SUMIF(S33:S33, ">=70") / 4 + SUMIF(N33:N33, ">1") / 4 + SUMIF(P33:P33, ">1") / 4 + SUMIF(R33:R33, ">1") / 4 + SUMIF(T33:T33, ">1") / 4 -> 0 | AM33: =SUMIF(U33:U33, ">=70") / 4 +SUMIF(W33:W33, ">=70") / 4 +SUMIF(Y33:Y33, ">=70") / 4 +SUMIF(AA33:AA33, ">=70") / 4 + SUMIF(V33:V33, ">1") / 4 + SUMIF(X33:X33, ">1") / 4 + SUMIF(Z33:Z33, ">1") / 4 + SUMIF(AB33:AB33, ">1") / 4 -> 0 | AN33: =SUMIF(AC33:AC33, ">=65") / 4 +SUMIF(AE33:AE33, ">=65") / 4 +SUMIF(AG33:AG33, ">=65") / 4 +SUMIF(AI33:AI33, ">=65") / 4 + SUMIF(AD33:AD33, ">1") / 4 + SUMIF(AF33:AF33, ">1") / 4 + SUMIF(AH33:AH33, ">1") / 4 + SUMIF(AJ33:AJ33, ">1") / 4 -> 0 | AO33: =AVERAGE(AK33:AN33) -> 0 | AR33: =IF(AO33<70, AO33*0.5, "") -> 0 | AT33: =AS33*50% -> 0 | AU33: =IF(AS33<>"", IF(AR33="","",AR33+AT33), "") | AV33: =IF(AU33 < 70, AR33*30%, "") | AX33: =AW33*70% -> 0 | AY33: =IF(AW33<>"", IF(AV33="", "", AV33+AX33), "") | AZ33: =IF(AND(AU33<70, AY33<70), AO33, "") | BB33: =IF(AW33<>"", IF(AY33>=70, AY33, IF(AZ33+BA33>=70, AZ33+BA33, "")), IF(AS33<>"", IF(AU33>=70, AU33, ""), IF(AO33>=70, AO33, ""))) | BC33: =IF(AW33<>"", IF(AY33<70, IF(AZ33+BA33<70, AZ33+BA33, ""), ""), IF(AS33<>"", IF(AU33<70, AU33, ""), IF(AO33<70, AO33, ""))) -> 0 | BE33: =SUM(E33+M33+U33+AC33)/4 -> 0 | BF33: =SUM(G33+O33+W33+AE33)/4 -> 0 | BG33: =SUM(I33+Q33+Y33+AG33)/4 -> 0 | BH33: =SUM(K33+S33+AA33+AI33)/4 -> 0 | BI33: =AVERAGE(BE33:BH33) -> 0
A34: 24 | B34: 2A-D-24 | C34: PEREZ ROSARIO | D34: HANSEL JUAN | AK34: =SUMIF(E34:E34, ">=70") / 4 +SUMIF(G34:G34, ">=70") / 4 +SUMIF(I34:I34, ">=70") / 4 +SUMIF(K34:K34, ">=70") / 4 + SUMIF(F34:F34, ">1") / 4 + SUMIF(H34:H34, ">1") / 4 + SUMIF(J34:J34, ">1") / 4 + SUMIF(L34:L34, ">1") / 4 -> 0 | AL34: =SUMIF(M34:M34, ">=70") / 4 +SUMIF(O34:O34, ">=70") / 4 +SUMIF(Q34:Q34, ">=70") / 4 +SUMIF(S34:S34, ">=70") / 4 + SUMIF(N34:N34, ">1") / 4 + SUMIF(P34:P34, ">1") / 4 + SUMIF(R34:R34, ">1") / 4 + SUMIF(T34:T34, ">1") / 4 -> 0 | AM34: =SUMIF(U34:U34, ">=70") / 4 +SUMIF(W34:W34, ">=70") / 4 +SUMIF(Y34:Y34, ">=70") / 4 +SUMIF(AA34:AA34, ">=70") / 4 + SUMIF(V34:V34, ">1") / 4 + SUMIF(X34:X34, ">1") / 4 + SUMIF(Z34:Z34, ">1") / 4 + SUMIF(AB34:AB34, ">1") / 4 -> 0 | AN34: =SUMIF(AC34:AC34, ">=65") / 4 +SUMIF(AE34:AE34, ">=65") / 4 +SUMIF(AG34:AG34, ">=65") / 4 +SUMIF(AI34:AI34, ">=65") / 4 + SUMIF(AD34:AD34, ">1") / 4 + SUMIF(AF34:AF34, ">1") / 4 + SUMIF(AH34:AH34, ">1") / 4 + SUMIF(AJ34:AJ34, ">1") / 4 -> 0 | AO34: =AVERAGE(AK34:AN34) -> 0 | AR34: =IF(AO34<70, AO34*0.5, "") -> 0 | AT34: =AS34*50% -> 0 | AU34: =IF(AS34<>"", IF(AR34="","",AR34+AT34), "") | AV34: =IF(AU34 < 70, AR34*30%, "") | AX34: =AW34*70% -> 0 | AY34: =IF(AW34<>"", IF(AV34="", "", AV34+AX34), "") | AZ34: =IF(AND(AU34<70, AY34<70), AO34, "") | BB34: =IF(AW34<>"", IF(AY34>=70, AY34, IF(AZ34+BA34>=70, AZ34+BA34, "")), IF(AS34<>"", IF(AU34>=70, AU34, ""), IF(AO34>=70, AO34, ""))) | BC34: =IF(AW34<>"", IF(AY34<70, IF(AZ34+BA34<70, AZ34+BA34, ""), ""), IF(AS34<>"", IF(AU34<70, AU34, ""), IF(AO34<70, AO34, ""))) -> 0 | BE34: =SUM(E34+M34+U34+AC34)/4 -> 0 | BF34: =SUM(G34+O34+W34+AE34)/4 -> 0 | BG34: =SUM(I34+Q34+Y34+AG34)/4 -> 0 | BH34: =SUM(K34+S34+AA34+AI34)/4 -> 0 | BI34: =AVERAGE(BE34:BH34) -> 0
A35: 25 | B35: 2A-D-25 | C35: PIERRE | D35: MALAIKA | AK35: =SUMIF(E35:E35, ">=70") / 4 +SUMIF(G35:G35, ">=70") / 4 +SUMIF(I35:I35, ">=70") / 4 +SUMIF(K35:K35, ">=70") / 4 + SUMIF(F35:F35, ">1") / 4 + SUMIF(H35:H35, ">1") / 4 + SUMIF(J35:J35, ">1") / 4 + SUMIF(L35:L35, ">1") / 4 -> 0 | AL35: =SUMIF(M35:M35, ">=70") / 4 +SUMIF(O35:O35, ">=70") / 4 +SUMIF(Q35:Q35, ">=70") / 4 +SUMIF(S35:S35, ">=70") / 4 + SUMIF(N35:N35, ">1") / 4 + SUMIF(P35:P35, ">1") / 4 + SUMIF(R35:R35, ">1") / 4 + SUMIF(T35:T35, ">1") / 4 -> 0 | AM35: =SUMIF(U35:U35, ">=70") / 4 +SUMIF(W35:W35, ">=70") / 4 +SUMIF(Y35:Y35, ">=70") / 4 +SUMIF(AA35:AA35, ">=70") / 4 + SUMIF(V35:V35, ">1") / 4 + SUMIF(X35:X35, ">1") / 4 + SUMIF(Z35:Z35, ">1") / 4 + SUMIF(AB35:AB35, ">1") / 4 -> 0 | AN35: =SUMIF(AC35:AC35, ">=65") / 4 +SUMIF(AE35:AE35, ">=65") / 4 +SUMIF(AG35:AG35, ">=65") / 4 +SUMIF(AI35:AI35, ">=65") / 4 + SUMIF(AD35:AD35, ">1") / 4 + SUMIF(AF35:AF35, ">1") / 4 + SUMIF(AH35:AH35, ">1") / 4 + SUMIF(AJ35:AJ35, ">1") / 4 -> 0 | AO35: =AVERAGE(AK35:AN35) -> 0 | AR35: =IF(AO35<70, AO35*0.5, "") -> 0 | AT35: =AS35*50% -> 0 | AU35: =IF(AS35<>"", IF(AR35="","",AR35+AT35), "") | AV35: =IF(AU35 < 70, AR35*30%, "") | AX35: =AW35*70% -> 0 | AY35: =IF(AW35<>"", IF(AV35="", "", AV35+AX35), "") | AZ35: =IF(AND(AU35<70, AY35<70), AO35, "") | BB35: =IF(AW35<>"", IF(AY35>=70, AY35, IF(AZ35+BA35>=70, AZ35+BA35, "")), IF(AS35<>"", IF(AU35>=70, AU35, ""), IF(AO35>=70, AO35, ""))) | BC35: =IF(AW35<>"", IF(AY35<70, IF(AZ35+BA35<70, AZ35+BA35, ""), ""), IF(AS35<>"", IF(AU35<70, AU35, ""), IF(AO35<70, AO35, ""))) -> 0 | BE35: =SUM(E35+M35+U35+AC35)/4 -> 0 | BF35: =SUM(G35+O35+W35+AE35)/4 -> 0 | BG35: =SUM(I35+Q35+Y35+AG35)/4 -> 0 | BH35: =SUM(K35+S35+AA35+AI35)/4 -> 0 | BI35: =AVERAGE(BE35:BH35) -> 0
A36: 26 | B36: 2A-D-26 | C36: PIERRE | D36: WILMELISA | AK36: =SUMIF(E36:E36, ">=70") / 4 +SUMIF(G36:G36, ">=70") / 4 +SUMIF(I36:I36, ">=70") / 4 +SUMIF(K36:K36, ">=70") / 4 + SUMIF(F36:F36, ">1") / 4 + SUMIF(H36:H36, ">1") / 4 + SUMIF(J36:J36, ">1") / 4 + SUMIF(L36:L36, ">1") / 4 -> 0 | AL36: =SUMIF(M36:M36, ">=70") / 4 +SUMIF(O36:O36, ">=70") / 4 +SUMIF(Q36:Q36, ">=70") / 4 +SUMIF(S36:S36, ">=70") / 4 + SUMIF(N36:N36, ">1") / 4 + SUMIF(P36:P36, ">1") / 4 + SUMIF(R36:R36, ">1") / 4 + SUMIF(T36:T36, ">1") / 4 -> 0 | AM36: =SUMIF(U36:U36, ">=70") / 4 +SUMIF(W36:W36, ">=70") / 4 +SUMIF(Y36:Y36, ">=70") / 4 +SUMIF(AA36:AA36, ">=70") / 4 + SUMIF(V36:V36, ">1") / 4 + SUMIF(X36:X36, ">1") / 4 + SUMIF(Z36:Z36, ">1") / 4 + SUMIF(AB36:AB36, ">1") / 4 -> 0 | AN36: =SUMIF(AC36:AC36, ">=65") / 4 +SUMIF(AE36:AE36, ">=65") / 4 +SUMIF(AG36:AG36, ">=65") / 4 +SUMIF(AI36:AI36, ">=65") / 4 + SUMIF(AD36:AD36, ">1") / 4 + SUMIF(AF36:AF36, ">1") / 4 + SUMIF(AH36:AH36, ">1") / 4 + SUMIF(AJ36:AJ36, ">1") / 4 -> 0 | AO36: =AVERAGE(AK36:AN36) -> 0 | AR36: =IF(AO36<70, AO36*0.5, "") -> 0 | AT36: =AS36*50% -> 0 | AU36: =IF(AS36<>"", IF(AR36="","",AR36+AT36), "") | AV36: =IF(AU36 < 70, AR36*30%, "") | AX36: =AW36*70% -> 0 | AY36: =IF(AW36<>"", IF(AV36="", "", AV36+AX36), "") | AZ36: =IF(AND(AU36<70, AY36<70), AO36, "") | BB36: =IF(AW36<>"", IF(AY36>=70, AY36, IF(AZ36+BA36>=70, AZ36+BA36, "")), IF(AS36<>"", IF(AU36>=70, AU36, ""), IF(AO36>=70, AO36, ""))) | BC36: =IF(AW36<>"", IF(AY36<70, IF(AZ36+BA36<70, AZ36+BA36, ""), ""), IF(AS36<>"", IF(AU36<70, AU36, ""), IF(AO36<70, AO36, ""))) -> 0 | BE36: =SUM(E36+M36+U36+AC36)/4 -> 0 | BF36: =SUM(G36+O36+W36+AE36)/4 -> 0 | BG36: =SUM(I36+Q36+Y36+AG36)/4 -> 0 | BH36: =SUM(K36+S36+AA36+AI36)/4 -> 0 | BI36: =AVERAGE(BE36:BH36) -> 0
A37: 27 | B37: 2A-D-27 | C37: POZO PEREZ | D37: YAFREISY | E37: 88 | G37: 90 | I37: 92 | K37: 91 | M37: 93 | O37: 91 | Q37: 90 | S37: 92 | U37: 93 | W37: 92 | Y37: 94 | AA37: 91 | AC37: 93 | AE37: 90 | AG37: 92 | AI37: 95 | AK37: =SUMIF(E37:E37, ">=70") / 4 +SUMIF(G37:G37, ">=70") / 4 +SUMIF(I37:I37, ">=70") / 4 +SUMIF(K37:K37, ">=70") / 4 + SUMIF(F37:F37, ">1") / 4 + SUMIF(H37:H37, ">1") / 4 + SUMIF(J37:J37, ">1") / 4 + SUMIF(L37:L37, ">1") / 4 -> 90.25 | AL37: =SUMIF(M37:M37, ">=70") / 4 +SUMIF(O37:O37, ">=70") / 4 +SUMIF(Q37:Q37, ">=70") / 4 +SUMIF(S37:S37, ">=70") / 4 + SUMIF(N37:N37, ">1") / 4 + SUMIF(P37:P37, ">1") / 4 + SUMIF(R37:R37, ">1") / 4 + SUMIF(T37:T37, ">1") / 4 -> 91.5 | AM37: =SUMIF(U37:U37, ">=70") / 4 +SUMIF(W37:W37, ">=70") / 4 +SUMIF(Y37:Y37, ">=70") / 4 +SUMIF(AA37:AA37, ">=70") / 4 + SUMIF(V37:V37, ">1") / 4 + SUMIF(X37:X37, ">1") / 4 + SUMIF(Z37:Z37, ">1") / 4 + SUMIF(AB37:AB37, ">1") / 4 -> 92.5 | AN37: =SUMIF(AC37:AC37, ">=65") / 4 +SUMIF(AE37:AE37, ">=65") / 4 +SUMIF(AG37:AG37, ">=65") / 4 +SUMIF(AI37:AI37, ">=65") / 4 + SUMIF(AD37:AD37, ">1") / 4 + SUMIF(AF37:AF37, ">1") / 4 + SUMIF(AH37:AH37, ">1") / 4 + SUMIF(AJ37:AJ37, ">1") / 4 -> 92.5 | AO37: =AVERAGE(AK37:AN37) -> 91.6875 | AR37: =IF(AO37<70, AO37*0.5, "") | AT37: =AS37*50% -> 0 | AU37: =IF(AS37<>"", IF(AR37="","",AR37+AT37), "") | AV37: =IF(AU37 < 70, AR37*30%, "") | AX37: =AW37*70% -> 0 | AY37: =IF(AW37<>"", IF(AV37="", "", AV37+AX37), "") | AZ37: =IF(AND(AU37<70, AY37<70), AO37, "") | BB37: =IF(AW37<>"", IF(AY37>=70, AY37, IF(AZ37+BA37>=70, AZ37+BA37, "")), IF(AS37<>"", IF(AU37>=70, AU37, ""), IF(AO37>=70, AO37, ""))) -> 91.6875 | BC37: =IF(AW37<>"", IF(AY37<70, IF(AZ37+BA37<70, AZ37+BA37, ""), ""), IF(AS37<>"", IF(AU37<70, AU37, ""), IF(AO37<70, AO37, ""))) | BE37: =SUM(E37+M37+U37+AC37)/4 -> 91.75 | BF37: =SUM(G37+O37+W37+AE37)/4 -> 90.75 | BG37: =SUM(I37+Q37+Y37+AG37)/4 -> 92 | BH37: =SUM(K37+S37+AA37+AI37)/4 -> 92.25 | BI37: =AVERAGE(BE37:BH37) -> 91.6875
A38: 28 | B38: 2A-D-28 | C38: RAMIREZ MATOS | D38: ANA DANIELA | E38: 96 | G38: 95 | I38: 97 | K38: 96 | M38: 98 | O38: 99 | Q38: 95 | S38: 98 | U38: 96 | W38: 97 | Y38: 99 | AA38: 98 | AC38: 96 | AE38: 95 | AG38: 97 | AI38: 96 | AK38: =SUMIF(E38:E38, ">=70") / 4 +SUMIF(G38:G38, ">=70") / 4 +SUMIF(I38:I38, ">=70") / 4 +SUMIF(K38:K38, ">=70") / 4 + SUMIF(F38:F38, ">1") / 4 + SUMIF(H38:H38, ">1") / 4 + SUMIF(J38:J38, ">1") / 4 + SUMIF(L38:L38, ">1") / 4 -> 96 | AL38: =SUMIF(M38:M38, ">=70") / 4 +SUMIF(O38:O38, ">=70") / 4 +SUMIF(Q38:Q38, ">=70") / 4 +SUMIF(S38:S38, ">=70") / 4 + SUMIF(N38:N38, ">1") / 4 + SUMIF(P38:P38, ">1") / 4 + SUMIF(R38:R38, ">1") / 4 + SUMIF(T38:T38, ">1") / 4 -> 97.5 | AM38: =SUMIF(U38:U38, ">=70") / 4 +SUMIF(W38:W38, ">=70") / 4 +SUMIF(Y38:Y38, ">=70") / 4 +SUMIF(AA38:AA38, ">=70") / 4 + SUMIF(V38:V38, ">1") / 4 + SUMIF(X38:X38, ">1") / 4 + SUMIF(Z38:Z38, ">1") / 4 + SUMIF(AB38:AB38, ">1") / 4 -> 97.5 | AN38: =SUMIF(AC38:AC38, ">=65") / 4 +SUMIF(AE38:AE38, ">=65") / 4 +SUMIF(AG38:AG38, ">=65") / 4 +SUMIF(AI38:AI38, ">=65") / 4 + SUMIF(AD38:AD38, ">1") / 4 + SUMIF(AF38:AF38, ">1") / 4 + SUMIF(AH38:AH38, ">1") / 4 + SUMIF(AJ38:AJ38, ">1") / 4 -> 96 | AO38: =AVERAGE(AK38:AN38) -> 96.75 | AR38: =IF(AO38<70, AO38*0.5, "") | AT38: =AS38*50% -> 0 | AU38: =IF(AS38<>"", IF(AR38="","",AR38+AT38), "") | AV38: =IF(AU38 < 70, AR38*30%, "") | AX38: =AW38*70% -> 0 | AY38: =IF(AW38<>"", IF(AV38="", "", AV38+AX38), "") | AZ38: =IF(AND(AU38<70, AY38<70), AO38, "") | BB38: =IF(AW38<>"", IF(AY38>=70, AY38, IF(AZ38+BA38>=70, AZ38+BA38, "")), IF(AS38<>"", IF(AU38>=70, AU38, ""), IF(AO38>=70, AO38, ""))) -> 96.75 | BC38: =IF(AW38<>"", IF(AY38<70, IF(AZ38+BA38<70, AZ38+BA38, ""), ""), IF(AS38<>"", IF(AU38<70, AU38, ""), IF(AO38<70, AO38, ""))) | BE38: =SUM(E38+M38+U38+AC38)/4 -> 96.5 | BF38: =SUM(G38+O38+W38+AE38)/4 -> 96.5 | BG38: =SUM(I38+Q38+Y38+AG38)/4 -> 97 | BH38: =SUM(K38+S38+AA38+AI38)/4 -> 97 | BI38: =AVERAGE(BE38:BH38) -> 96.75
A39: 29 | B39: 2A-D-29 | C39: REGALADO | D39: LEONELI | AK39: =SUMIF(E39:E39, ">=70") / 4 +SUMIF(G39:G39, ">=70") / 4 +SUMIF(I39:I39, ">=70") / 4 +SUMIF(K39:K39, ">=70") / 4 + SUMIF(F39:F39, ">1") / 4 + SUMIF(H39:H39, ">1") / 4 + SUMIF(J39:J39, ">1") / 4 + SUMIF(L39:L39, ">1") / 4 -> 0 | AL39: =SUMIF(M39:M39, ">=70") / 4 +SUMIF(O39:O39, ">=70") / 4 +SUMIF(Q39:Q39, ">=70") / 4 +SUMIF(S39:S39, ">=70") / 4 + SUMIF(N39:N39, ">1") / 4 + SUMIF(P39:P39, ">1") / 4 + SUMIF(R39:R39, ">1") / 4 + SUMIF(T39:T39, ">1") / 4 -> 0 | AM39: =SUMIF(U39:U39, ">=70") / 4 +SUMIF(W39:W39, ">=70") / 4 +SUMIF(Y39:Y39, ">=70") / 4 +SUMIF(AA39:AA39, ">=70") / 4 + SUMIF(V39:V39, ">1") / 4 + SUMIF(X39:X39, ">1") / 4 + SUMIF(Z39:Z39, ">1") / 4 + SUMIF(AB39:AB39, ">1") / 4 -> 0 | AN39: =SUMIF(AC39:AC39, ">=65") / 4 +SUMIF(AE39:AE39, ">=65") / 4 +SUMIF(AG39:AG39, ">=65") / 4 +SUMIF(AI39:AI39, ">=65") / 4 + SUMIF(AD39:AD39, ">1") / 4 + SUMIF(AF39:AF39, ">1") / 4 + SUMIF(AH39:AH39, ">1") / 4 + SUMIF(AJ39:AJ39, ">1") / 4 -> 0 | AO39: =AVERAGE(AK39:AN39) -> 0 | AR39: =IF(AO39<70, AO39*0.5, "") -> 0 | AT39: =AS39*50% -> 0 | AU39: =IF(AS39<>"", IF(AR39="","",AR39+AT39), "") | AV39: =IF(AU39 < 70, AR39*30%, "") | AX39: =AW39*70% -> 0 | AY39: =IF(AW39<>"", IF(AV39="", "", AV39+AX39), "") | AZ39: =IF(AND(AU39<70, AY39<70), AO39, "") | BB39: =IF(AW39<>"", IF(AY39>=70, AY39, IF(AZ39+BA39>=70, AZ39+BA39, "")), IF(AS39<>"", IF(AU39>=70, AU39, ""), IF(AO39>=70, AO39, ""))) | BC39: =IF(AW39<>"", IF(AY39<70, IF(AZ39+BA39<70, AZ39+BA39, ""), ""), IF(AS39<>"", IF(AU39<70, AU39, ""), IF(AO39<70, AO39, ""))) -> 0 | BE39: =SUM(E39+M39+U39+AC39)/4 -> 0 | BF39: =SUM(G39+O39+W39+AE39)/4 -> 0 | BG39: =SUM(I39+Q39+Y39+AG39)/4 -> 0 | BH39: =SUM(K39+S39+AA39+AI39)/4 -> 0 | BI39: =AVERAGE(BE39:BH39) -> 0
A40: 30 | B40: 2A-D-30 | C40: RIVERAS CASTOR | D40: JUAN JESUS | AK40: =SUMIF(E40:E40, ">=70") / 4 +SUMIF(G40:G40, ">=70") / 4 +SUMIF(I40:I40, ">=70") / 4 +SUMIF(K40:K40, ">=70") / 4 + SUMIF(F40:F40, ">1") / 4 + SUMIF(H40:H40, ">1") / 4 + SUMIF(J40:J40, ">1") / 4 + SUMIF(L40:L40, ">1") / 4 -> 0 | AL40: =SUMIF(M40:M40, ">=70") / 4 +SUMIF(O40:O40, ">=70") / 4 +SUMIF(Q40:Q40, ">=70") / 4 +SUMIF(S40:S40, ">=70") / 4 + SUMIF(N40:N40, ">1") / 4 + SUMIF(P40:P40, ">1") / 4 + SUMIF(R40:R40, ">1") / 4 + SUMIF(T40:T40, ">1") / 4 -> 0 | AM40: =SUMIF(U40:U40, ">=70") / 4 +SUMIF(W40:W40, ">=70") / 4 +SUMIF(Y40:Y40, ">=70") / 4 +SUMIF(AA40:AA40, ">=70") / 4 + SUMIF(V40:V40, ">1") / 4 + SUMIF(X40:X40, ">1") / 4 + SUMIF(Z40:Z40, ">1") / 4 + SUMIF(AB40:AB40, ">1") / 4 -> 0 | AN40: =SUMIF(AC40:AC40, ">=65") / 4 +SUMIF(AE40:AE40, ">=65") / 4 +SUMIF(AG40:AG40, ">=65") / 4 +SUMIF(AI40:AI40, ">=65") / 4 + SUMIF(AD40:AD40, ">1") / 4 + SUMIF(AF40:AF40, ">1") / 4 + SUMIF(AH40:AH40, ">1") / 4 + SUMIF(AJ40:AJ40, ">1") / 4 -> 0 | AO40: =AVERAGE(AK40:AN40) -> 0 | AR40: =IF(AO40<70, AO40*0.5, "") -> 0 | AT40: =AS40*50% -> 0 | AU40: =IF(AS40<>"", IF(AR40="","",AR40+AT40), "") | AV40: =IF(AU40 < 70, AR40*30%, "") | AX40: =AW40*70% -> 0 | AY40: =IF(AW40<>"", IF(AV40="", "", AV40+AX40), "") | AZ40: =IF(AND(AU40<70, AY40<70), AO40, "") | BB40: =IF(AW40<>"", IF(AY40>=70, AY40, IF(AZ40+BA40>=70, AZ40+BA40, "")), IF(AS40<>"", IF(AU40>=70, AU40, ""), IF(AO40>=70, AO40, ""))) | BC40: =IF(AW40<>"", IF(AY40<70, IF(AZ40+BA40<70, AZ40+BA40, ""), ""), IF(AS40<>"", IF(AU40<70, AU40, ""), IF(AO40<70, AO40, ""))) -> 0 | BE40: =SUM(E40+M40+U40+AC40)/4 -> 0 | BF40: =SUM(G40+O40+W40+AE40)/4 -> 0 | BG40: =SUM(I40+Q40+Y40+AG40)/4 -> 0 | BH40: =SUM(K40+S40+AA40+AI40)/4 -> 0 | BI40: =AVERAGE(BE40:BH40) -> 0
A41: 31 | B41: 2A-D-31 | C41: SAINLOT | D41: MILOVE | E41: 81 | G41: 83 | I41: 80 | K41: 82 | M41: 83 | O41: 79 | Q41: 84 | S41: 83 | U41: 84 | W41: 83 | Y41: 86 | AA41: 84 | AC41: 83 | AE41: 82 | AG41: 86 | AI41: 84 | AK41: =SUMIF(E41:E41, ">=70") / 4 +SUMIF(G41:G41, ">=70") / 4 +SUMIF(I41:I41, ">=70") / 4 +SUMIF(K41:K41, ">=70") / 4 + SUMIF(F41:F41, ">1") / 4 + SUMIF(H41:H41, ">1") / 4 + SUMIF(J41:J41, ">1") / 4 + SUMIF(L41:L41, ">1") / 4 -> 81.5 | AL41: =SUMIF(M41:M41, ">=70") / 4 +SUMIF(O41:O41, ">=70") / 4 +SUMIF(Q41:Q41, ">=70") / 4 +SUMIF(S41:S41, ">=70") / 4 + SUMIF(N41:N41, ">1") / 4 + SUMIF(P41:P41, ">1") / 4 + SUMIF(R41:R41, ">1") / 4 + SUMIF(T41:T41, ">1") / 4 -> 82.25 | AM41: =SUMIF(U41:U41, ">=70") / 4 +SUMIF(W41:W41, ">=70") / 4 +SUMIF(Y41:Y41, ">=70") / 4 +SUMIF(AA41:AA41, ">=70") / 4 + SUMIF(V41:V41, ">1") / 4 + SUMIF(X41:X41, ">1") / 4 + SUMIF(Z41:Z41, ">1") / 4 + SUMIF(AB41:AB41, ">1") / 4 -> 84.25 | AN41: =SUMIF(AC41:AC41, ">=65") / 4 +SUMIF(AE41:AE41, ">=65") / 4 +SUMIF(AG41:AG41, ">=65") / 4 +SUMIF(AI41:AI41, ">=65") / 4 + SUMIF(AD41:AD41, ">1") / 4 + SUMIF(AF41:AF41, ">1") / 4 + SUMIF(AH41:AH41, ">1") / 4 + SUMIF(AJ41:AJ41, ">1") / 4 -> 83.75 | AO41: =AVERAGE(AK41:AN41) -> 82.9375 | AR41: =IF(AO41<70, AO41*0.5, "") | AT41: =AS41*50% -> 0 | AU41: =IF(AS41<>"", IF(AR41="","",AR41+AT41), "") | AV41: =IF(AU41 < 70, AR41*30%, "") | AX41: =AW41*70% -> 0 | AY41: =IF(AW41<>"", IF(AV41="", "", AV41+AX41), "") | AZ41: =IF(AND(AU41<70, AY41<70), AO41, "") | BB41: =IF(AW41<>"", IF(AY41>=70, AY41, IF(AZ41+BA41>=70, AZ41+BA41, "")), IF(AS41<>"", IF(AU41>=70, AU41, ""), IF(AO41>=70, AO41, ""))) -> 82.9375 | BC41: =IF(AW41<>"", IF(AY41<70, IF(AZ41+BA41<70, AZ41+BA41, ""), ""), IF(AS41<>"", IF(AU41<70, AU41, ""), IF(AO41<70, AO41, ""))) | BE41: =SUM(E41+M41+U41+AC41)/4 -> 82.75 | BF41: =SUM(G41+O41+W41+AE41)/4 -> 81.75 | BG41: =SUM(I41+Q41+Y41+AG41)/4 -> 84 | BH41: =SUM(K41+S41+AA41+AI41)/4 -> 83.25 | BI41: =AVERAGE(BE41:BH41) -> 82.9375
A42: 32 | B42: 2A-D-32 | C42: SELMO | D42: VLADIMIR | AK42: =SUMIF(E42:E42, ">=70") / 4 +SUMIF(G42:G42, ">=70") / 4 +SUMIF(I42:I42, ">=70") / 4 +SUMIF(K42:K42, ">=70") / 4 + SUMIF(F42:F42, ">1") / 4 + SUMIF(H42:H42, ">1") / 4 + SUMIF(J42:J42, ">1") / 4 + SUMIF(L42:L42, ">1") / 4 -> 0 | AL42: =SUMIF(M42:M42, ">=70") / 4 +SUMIF(O42:O42, ">=70") / 4 +SUMIF(Q42:Q42, ">=70") / 4 +SUMIF(S42:S42, ">=70") / 4 + SUMIF(N42:N42, ">1") / 4 + SUMIF(P42:P42, ">1") / 4 + SUMIF(R42:R42, ">1") / 4 + SUMIF(T42:T42, ">1") / 4 -> 0 | AM42: =SUMIF(U42:U42, ">=70") / 4 +SUMIF(W42:W42, ">=70") / 4 +SUMIF(Y42:Y42, ">=70") / 4 +SUMIF(AA42:AA42, ">=70") / 4 + SUMIF(V42:V42, ">1") / 4 + SUMIF(X42:X42, ">1") / 4 + SUMIF(Z42:Z42, ">1") / 4 + SUMIF(AB42:AB42, ">1") / 4 -> 0 | AN42: =SUMIF(AC42:AC42, ">=65") / 4 +SUMIF(AE42:AE42, ">=65") / 4 +SUMIF(AG42:AG42, ">=65") / 4 +SUMIF(AI42:AI42, ">=65") / 4 + SUMIF(AD42:AD42, ">1") / 4 + SUMIF(AF42:AF42, ">1") / 4 + SUMIF(AH42:AH42, ">1") / 4 + SUMIF(AJ42:AJ42, ">1") / 4 -> 0 | AO42: =AVERAGE(AK42:AN42) -> 0 | AR42: =IF(AO42<70, AO42*0.5, "") -> 0 | AT42: =AS42*50% -> 0 | AU42: =IF(AS42<>"", IF(AR42="","",AR42+AT42), "") | AV42: =IF(AU42 < 70, AR42*30%, "") | AX42: =AW42*70% -> 0 | AY42: =IF(AW42<>"", IF(AV42="", "", AV42+AX42), "") | AZ42: =IF(AND(AU42<70, AY42<70), AO42, "") | BB42: =IF(AW42<>"", IF(AY42>=70, AY42, IF(AZ42+BA42>=70, AZ42+BA42, "")), IF(AS42<>"", IF(AU42>=70, AU42, ""), IF(AO42>=70, AO42, ""))) | BC42: =IF(AW42<>"", IF(AY42<70, IF(AZ42+BA42<70, AZ42+BA42, ""), ""), IF(AS42<>"", IF(AU42<70, AU42, ""), IF(AO42<70, AO42, ""))) -> 0 | BE42: =SUM(E42+M42+U42+AC42)/4 -> 0 | BF42: =SUM(G42+O42+W42+AE42)/4 -> 0 | BG42: =SUM(I42+Q42+Y42+AG42)/4 -> 0 | BH42: =SUM(K42+S42+AA42+AI42)/4 -> 0 | BI42: =AVERAGE(BE42:BH42) -> 0
A43: 33 | B43: 2A-D-33 | C43: SEPTIMO MARTINEZ | D43: ANDY | AK43: =SUMIF(E43:E43, ">=70") / 4 +SUMIF(G43:G43, ">=70") / 4 +SUMIF(I43:I43, ">=70") / 4 +SUMIF(K43:K43, ">=70") / 4 + SUMIF(F43:F43, ">1") / 4 + SUMIF(H43:H43, ">1") / 4 + SUMIF(J43:J43, ">1") / 4 + SUMIF(L43:L43, ">1") / 4 -> 0 | AL43: =SUMIF(M43:M43, ">=70") / 4 +SUMIF(O43:O43, ">=70") / 4 +SUMIF(Q43:Q43, ">=70") / 4 +SUMIF(S43:S43, ">=70") / 4 + SUMIF(N43:N43, ">1") / 4 + SUMIF(P43:P43, ">1") / 4 + SUMIF(R43:R43, ">1") / 4 + SUMIF(T43:T43, ">1") / 4 -> 0 | AM43: =SUMIF(U43:U43, ">=70") / 4 +SUMIF(W43:W43, ">=70") / 4 +SUMIF(Y43:Y43, ">=70") / 4 +SUMIF(AA43:AA43, ">=70") / 4 + SUMIF(V43:V43, ">1") / 4 + SUMIF(X43:X43, ">1") / 4 + SUMIF(Z43:Z43, ">1") / 4 + SUMIF(AB43:AB43, ">1") / 4 -> 0 | AN43: =SUMIF(AC43:AC43, ">=65") / 4 +SUMIF(AE43:AE43, ">=65") / 4 +SUMIF(AG43:AG43, ">=65") / 4 +SUMIF(AI43:AI43, ">=65") / 4 + SUMIF(AD43:AD43, ">1") / 4 + SUMIF(AF43:AF43, ">1") / 4 + SUMIF(AH43:AH43, ">1") / 4 + SUMIF(AJ43:AJ43, ">1") / 4 -> 0 | AO43: =AVERAGE(AK43:AN43) -> 0 | AR43: =IF(AO43<70, AO43*0.5, "") -> 0 | AT43: =AS43*50% -> 0 | AU43: =IF(AS43<>"", IF(AR43="","",AR43+AT43), "") | AV43: =IF(AU43 < 70, AR43*30%, "") | AX43: =AW43*70% -> 0 | AY43: =IF(AW43<>"", IF(AV43="", "", AV43+AX43), "") | AZ43: =IF(AND(AU43<70, AY43<70), AO43, "") | BB43: =IF(AW43<>"", IF(AY43>=70, AY43, IF(AZ43+BA43>=70, AZ43+BA43, "")), IF(AS43<>"", IF(AU43>=70, AU43, ""), IF(AO43>=70, AO43, ""))) | BC43: =IF(AW43<>"", IF(AY43<70, IF(AZ43+BA43<70, AZ43+BA43, ""), ""), IF(AS43<>"", IF(AU43<70, AU43, ""), IF(AO43<70, AO43, ""))) -> 0 | BE43: =SUM(E43+M43+U43+AC43)/4 -> 0 | BF43: =SUM(G43+O43+W43+AE43)/4 -> 0 | BG43: =SUM(I43+Q43+Y43+AG43)/4 -> 0 | BH43: =SUM(K43+S43+AA43+AI43)/4 -> 0 | BI43: =AVERAGE(BE43:BH43) -> 0
A44: 34 | B44: 2A-D-34 | C44: SEPULVEDA | D44: JONATHAN JOSE | AK44: =SUMIF(E44:E44, ">=70") / 4 +SUMIF(G44:G44, ">=70") / 4 +SUMIF(I44:I44, ">=70") / 4 +SUMIF(K44:K44, ">=70") / 4 + SUMIF(F44:F44, ">1") / 4 + SUMIF(H44:H44, ">1") / 4 + SUMIF(J44:J44, ">1") / 4 + SUMIF(L44:L44, ">1") / 4 -> 0 | AL44: =SUMIF(M44:M44, ">=70") / 4 +SUMIF(O44:O44, ">=70") / 4 +SUMIF(Q44:Q44, ">=70") / 4 +SUMIF(S44:S44, ">=70") / 4 + SUMIF(N44:N44, ">1") / 4 + SUMIF(P44:P44, ">1") / 4 + SUMIF(R44:R44, ">1") / 4 + SUMIF(T44:T44, ">1") / 4 -> 0 | AM44: =SUMIF(U44:U44, ">=70") / 4 +SUMIF(W44:W44, ">=70") / 4 +SUMIF(Y44:Y44, ">=70") / 4 +SUMIF(AA44:AA44, ">=70") / 4 + SUMIF(V44:V44, ">1") / 4 + SUMIF(X44:X44, ">1") / 4 + SUMIF(Z44:Z44, ">1") / 4 + SUMIF(AB44:AB44, ">1") / 4 -> 0 | AN44: =SUMIF(AC44:AC44, ">=65") / 4 +SUMIF(AE44:AE44, ">=65") / 4 +SUMIF(AG44:AG44, ">=65") / 4 +SUMIF(AI44:AI44, ">=65") / 4 + SUMIF(AD44:AD44, ">1") / 4 + SUMIF(AF44:AF44, ">1") / 4 + SUMIF(AH44:AH44, ">1") / 4 + SUMIF(AJ44:AJ44, ">1") / 4 -> 0 | AO44: =AVERAGE(AK44:AN44) -> 0 | AR44: =IF(AO44<70, AO44*0.5, "") -> 0 | AT44: =AS44*50% -> 0 | AU44: =IF(AS44<>"", IF(AR44="","",AR44+AT44), "") | AV44: =IF(AU44 < 70, AR44*30%, "") | AX44: =AW44*70% -> 0 | AY44: =IF(AW44<>"", IF(AV44="", "", AV44+AX44), "") | AZ44: =IF(AND(AU44<70, AY44<70), AO44, "") | BB44: =IF(AW44<>"", IF(AY44>=70, AY44, IF(AZ44+BA44>=70, AZ44+BA44, "")), IF(AS44<>"", IF(AU44>=70, AU44, ""), IF(AO44>=70, AO44, ""))) | BC44: =IF(AW44<>"", IF(AY44<70, IF(AZ44+BA44<70, AZ44+BA44, ""), ""), IF(AS44<>"", IF(AU44<70, AU44, ""), IF(AO44<70, AO44, ""))) -> 0 | BE44: =SUM(E44+M44+U44+AC44)/4 -> 0 | BF44: =SUM(G44+O44+W44+AE44)/4 -> 0 | BG44: =SUM(I44+Q44+Y44+AG44)/4 -> 0 | BH44: =SUM(K44+S44+AA44+AI44)/4 -> 0 | BI44: =AVERAGE(BE44:BH44) -> 0
A45: 35 | B45: 2A-D-35 | C45: SIME PEREZ | D45: REY RIOOBERHT | E45: 78 | G45: 79 | I45: 81 | K45: 80 | M45: 82 | O45: 79 | Q45: 83 | S45: 81 | U45: 80 | W45: 78 | Y45: 82 | AA45: 77 | AC45: 81 | AE45: 83 | AG45: 82 | AI45: 80 | AK45: =SUMIF(E45:E45, ">=70") / 4 +SUMIF(G45:G45, ">=70") / 4 +SUMIF(I45:I45, ">=70") / 4 +SUMIF(K45:K45, ">=70") / 4 + SUMIF(F45:F45, ">1") / 4 + SUMIF(H45:H45, ">1") / 4 + SUMIF(J45:J45, ">1") / 4 + SUMIF(L45:L45, ">1") / 4 -> 79.5 | AL45: =SUMIF(M45:M45, ">=70") / 4 +SUMIF(O45:O45, ">=70") / 4 +SUMIF(Q45:Q45, ">=70") / 4 +SUMIF(S45:S45, ">=70") / 4 + SUMIF(N45:N45, ">1") / 4 + SUMIF(P45:P45, ">1") / 4 + SUMIF(R45:R45, ">1") / 4 + SUMIF(T45:T45, ">1") / 4 -> 81.25 | AM45: =SUMIF(U45:U45, ">=70") / 4 +SUMIF(W45:W45, ">=70") / 4 +SUMIF(Y45:Y45, ">=70") / 4 +SUMIF(AA45:AA45, ">=70") / 4 + SUMIF(V45:V45, ">1") / 4 + SUMIF(X45:X45, ">1") / 4 + SUMIF(Z45:Z45, ">1") / 4 + SUMIF(AB45:AB45, ">1") / 4 -> 79.25 | AN45: =SUMIF(AC45:AC45, ">=65") / 4 +SUMIF(AE45:AE45, ">=65") / 4 +SUMIF(AG45:AG45, ">=65") / 4 +SUMIF(AI45:AI45, ">=65") / 4 + SUMIF(AD45:AD45, ">1") / 4 + SUMIF(AF45:AF45, ">1") / 4 + SUMIF(AH45:AH45, ">1") / 4 + SUMIF(AJ45:AJ45, ">1") / 4 -> 81.5 | AO45: =AVERAGE(AK45:AN45) -> 80.375 | AR45: =IF(AO45<70, AO45*0.5, "") | AT45: =AS45*50% -> 0 | AU45: =IF(AS45<>"", IF(AR45="","",AR45+AT45), "") | AV45: =IF(AU45 < 70, AR45*30%, "") | AX45: =AW45*70% -> 0 | AY45: =IF(AW45<>"", IF(AV45="", "", AV45+AX45), "") | AZ45: =IF(AND(AU45<70, AY45<70), AO45, "") | BB45: =IF(AW45<>"", IF(AY45>=70, AY45, IF(AZ45+BA45>=70, AZ45+BA45, "")), IF(AS45<>"", IF(AU45>=70, AU45, ""), IF(AO45>=70, AO45, ""))) -> 80.375 | BC45: =IF(AW45<>"", IF(AY45<70, IF(AZ45+BA45<70, AZ45+BA45, ""), ""), IF(AS45<>"", IF(AU45<70, AU45, ""), IF(AO45<70, AO45, ""))) | BE45: =SUM(E45+M45+U45+AC45)/4 -> 80.25 | BF45: =SUM(G45+O45+W45+AE45)/4 -> 79.75 | BG45: =SUM(I45+Q45+Y45+AG45)/4 -> 82 | BH45: =SUM(K45+S45+AA45+AI45)/4 -> 79.5 | BI45: =AVERAGE(BE45:BH45) -> 80.375
A46: 36 | B46: 2A-D-36 | C46: THIBAUD | D46: DUKENS | AK46: =SUMIF(E46:E46, ">=70") / 4 +SUMIF(G46:G46, ">=70") / 4 +SUMIF(I46:I46, ">=70") / 4 +SUMIF(K46:K46, ">=70") / 4 + SUMIF(F46:F46, ">1") / 4 + SUMIF(H46:H46, ">1") / 4 + SUMIF(J46:J46, ">1") / 4 + SUMIF(L46:L46, ">1") / 4 -> 0 | AL46: =SUMIF(M46:M46, ">=70") / 4 +SUMIF(O46:O46, ">=70") / 4 +SUMIF(Q46:Q46, ">=70") / 4 +SUMIF(S46:S46, ">=70") / 4 + SUMIF(N46:N46, ">1") / 4 + SUMIF(P46:P46, ">1") / 4 + SUMIF(R46:R46, ">1") / 4 + SUMIF(T46:T46, ">1") / 4 -> 0 | AM46: =SUMIF(U46:U46, ">=70") / 4 +SUMIF(W46:W46, ">=70") / 4 +SUMIF(Y46:Y46, ">=70") / 4 +SUMIF(AA46:AA46, ">=70") / 4 + SUMIF(V46:V46, ">1") / 4 + SUMIF(X46:X46, ">1") / 4 + SUMIF(Z46:Z46, ">1") / 4 + SUMIF(AB46:AB46, ">1") / 4 -> 0 | AN46: =SUMIF(AC46:AC46, ">=65") / 4 +SUMIF(AE46:AE46, ">=65") / 4 +SUMIF(AG46:AG46, ">=65") / 4 +SUMIF(AI46:AI46, ">=65") / 4 + SUMIF(AD46:AD46, ">1") / 4 + SUMIF(AF46:AF46, ">1") / 4 + SUMIF(AH46:AH46, ">1") / 4 + SUMIF(AJ46:AJ46, ">1") / 4 -> 0 | AO46: =AVERAGE(AK46:AN46) -> 0 | AR46: =IF(AO46<70, AO46*0.5, "") -> 0 | AT46: =AS46*50% -> 0 | AU46: =IF(AS46<>"", IF(AR46="","",AR46+AT46), "") | AV46: =IF(AU46 < 70, AR46*30%, "") | AX46: =AW46*70% -> 0 | AY46: =IF(AW46<>"", IF(AV46="", "", AV46+AX46), "") | AZ46: =IF(AND(AU46<70, AY46<70), AO46, "") | BB46: =IF(AW46<>"", IF(AY46>=70, AY46, IF(AZ46+BA46>=70, AZ46+BA46, "")), IF(AS46<>"", IF(AU46>=70, AU46, ""), IF(AO46>=70, AO46, ""))) | BC46: =IF(AW46<>"", IF(AY46<70, IF(AZ46+BA46<70, AZ46+BA46, ""), ""), IF(AS46<>"", IF(AU46<70, AU46, ""), IF(AO46<70, AO46, ""))) -> 0 | BE46: =SUM(E46+M46+U46+AC46)/4 -> 0 | BF46: =SUM(G46+O46+W46+AE46)/4 -> 0 | BG46: =SUM(I46+Q46+Y46+AG46)/4 -> 0 | BH46: =SUM(K46+S46+AA46+AI46)/4 -> 0 | BI46: =AVERAGE(BE46:BH46) -> 0
A47: 37 | B47: 2A-D-37 | C47: AMADIS BRAZOBAN | D47: ALLISON ELIEZER | AK47: =SUMIF(E47:E47, ">=70") / 4 +SUMIF(G47:G47, ">=70") / 4 +SUMIF(I47:I47, ">=70") / 4 +SUMIF(K47:K47, ">=70") / 4 + SUMIF(F47:F47, ">1") / 4 + SUMIF(H47:H47, ">1") / 4 + SUMIF(J47:J47, ">1") / 4 + SUMIF(L47:L47, ">1") / 4 -> 0 | AL47: =SUMIF(M47:M47, ">=70") / 4 +SUMIF(O47:O47, ">=70") / 4 +SUMIF(Q47:Q47, ">=70") / 4 +SUMIF(S47:S47, ">=70") / 4 + SUMIF(N47:N47, ">1") / 4 + SUMIF(P47:P47, ">1") / 4 + SUMIF(R47:R47, ">1") / 4 + SUMIF(T47:T47, ">1") / 4 -> 0 | AM47: =SUMIF(U47:U47, ">=70") / 4 +SUMIF(W47:W47, ">=70") / 4 +SUMIF(Y47:Y47, ">=70") / 4 +SUMIF(AA47:AA47, ">=70") / 4 + SUMIF(V47:V47, ">1") / 4 + SUMIF(X47:X47, ">1") / 4 + SUMIF(Z47:Z47, ">1") / 4 + SUMIF(AB47:AB47, ">1") / 4 -> 0 | AN47: =SUMIF(AC47:AC47, ">=65") / 4 +SUMIF(AE47:AE47, ">=65") / 4 +SUMIF(AG47:AG47, ">=65") / 4 +SUMIF(AI47:AI47, ">=65") / 4 + SUMIF(AD47:AD47, ">1") / 4 + SUMIF(AF47:AF47, ">1") / 4 + SUMIF(AH47:AH47, ">1") / 4 + SUMIF(AJ47:AJ47, ">1") / 4 -> 0 | AO47: =AVERAGE(AK47:AN47) -> 0 | AR47: =IF(AO47<70, AO47*0.5, "") -> 0 | AT47: =AS47*50% -> 0 | AU47: =IF(AS47<>"", IF(AR47="","",AR47+AT47), "") | AV47: =IF(AU47 < 70, AR47*30%, "") | AX47: =AW47*70% -> 0 | AY47: =IF(AW47<>"", IF(AV47="", "", AV47+AX47), "") | AZ47: =IF(AND(AU47<70, AY47<70), AO47, "") | BB47: =IF(AW47<>"", IF(AY47>=70, AY47, IF(AZ47+BA47>=70, AZ47+BA47, "")), IF(AS47<>"", IF(AU47>=70, AU47, ""), IF(AO47>=70, AO47, ""))) | BC47: =IF(AW47<>"", IF(AY47<70, IF(AZ47+BA47<70, AZ47+BA47, ""), ""), IF(AS47<>"", IF(AU47<70, AU47, ""), IF(AO47<70, AO47, ""))) -> 0 | BE47: =SUM(E47+M47+U47+AC47)/4 -> 0 | BF47: =SUM(G47+O47+W47+AE47)/4 -> 0 | BG47: =SUM(I47+Q47+Y47+AG47)/4 -> 0 | BH47: =SUM(K47+S47+AA47+AI47)/4 -> 0 | BI47: =AVERAGE(BE47:BH47) -> 0
A48: 38 | B48: 2A-D-38 | C48: MARTINEZ MARTINEZ | D48: TEICHER DARIEL | AK48: =SUMIF(E48:E48, ">=70") / 4 +SUMIF(G48:G48, ">=70") / 4 +SUMIF(I48:I48, ">=70") / 4 +SUMIF(K48:K48, ">=70") / 4 + SUMIF(F48:F48, ">1") / 4 + SUMIF(H48:H48, ">1") / 4 + SUMIF(J48:J48, ">1") / 4 + SUMIF(L48:L48, ">1") / 4 -> 0 | AL48: =SUMIF(M48:M48, ">=70") / 4 +SUMIF(O48:O48, ">=70") / 4 +SUMIF(Q48:Q48, ">=70") / 4 +SUMIF(S48:S48, ">=70") / 4 + SUMIF(N48:N48, ">1") / 4 + SUMIF(P48:P48, ">1") / 4 + SUMIF(R48:R48, ">1") / 4 + SUMIF(T48:T48, ">1") / 4 -> 0 | AM48: =SUMIF(U48:U48, ">=70") / 4 +SUMIF(W48:W48, ">=70") / 4 +SUMIF(Y48:Y48, ">=70") / 4 +SUMIF(AA48:AA48, ">=70") / 4 + SUMIF(V48:V48, ">1") / 4 + SUMIF(X48:X48, ">1") / 4 + SUMIF(Z48:Z48, ">1") / 4 + SUMIF(AB48:AB48, ">1") / 4 -> 0 | AN48: =SUMIF(AC48:AC48, ">=65") / 4 +SUMIF(AE48:AE48, ">=65") / 4 +SUMIF(AG48:AG48, ">=65") / 4 +SUMIF(AI48:AI48, ">=65") / 4 + SUMIF(AD48:AD48, ">1") / 4 + SUMIF(AF48:AF48, ">1") / 4 + SUMIF(AH48:AH48, ">1") / 4 + SUMIF(AJ48:AJ48, ">1") / 4 -> 0 | AO48: =AVERAGE(AK48:AN48) -> 0 | AR48: =IF(AO48<70, AO48*0.5, "") -> 0 | AT48: =AS48*50% -> 0 | AU48: =IF(AS48<>"", IF(AR48="","",AR48+AT48), "") | AV48: =IF(AU48 < 70, AR48*30%, "") | AX48: =AW48*70% -> 0 | AY48: =IF(AW48<>"", IF(AV48="", "", AV48+AX48), "") | AZ48: =IF(AND(AU48<70, AY48<70), AO48, "") | BB48: =IF(AW48<>"", IF(AY48>=70, AY48, IF(AZ48+BA48>=70, AZ48+BA48, "")), IF(AS48<>"", IF(AU48>=70, AU48, ""), IF(AO48>=70, AO48, ""))) | BC48: =IF(AW48<>"", IF(AY48<70, IF(AZ48+BA48<70, AZ48+BA48, ""), ""), IF(AS48<>"", IF(AU48<70, AU48, ""), IF(AO48<70, AO48, ""))) -> 0 | BE48: =SUM(E48+M48+U48+AC48)/4 -> 0 | BF48: =SUM(G48+O48+W48+AE48)/4 -> 0 | BG48: =SUM(I48+Q48+Y48+AG48)/4 -> 0 | BH48: =SUM(K48+S48+AA48+AI48)/4 -> 0 | BI48: =AVERAGE(BE48:BH48) -> 0
A49: 39 | B49: 2A-D-39 | C49: MADE MATEO | D49: LEURY | AK49: =SUMIF(E49:E49, ">=70") / 4 +SUMIF(G49:G49, ">=70") / 4 +SUMIF(I49:I49, ">=70") / 4 +SUMIF(K49:K49, ">=70") / 4 + SUMIF(F49:F49, ">1") / 4 + SUMIF(H49:H49, ">1") / 4 + SUMIF(J49:J49, ">1") / 4 + SUMIF(L49:L49, ">1") / 4 -> 0 | AL49: =SUMIF(M49:M49, ">=70") / 4 +SUMIF(O49:O49, ">=70") / 4 +SUMIF(Q49:Q49, ">=70") / 4 +SUMIF(S49:S49, ">=70") / 4 + SUMIF(N49:N49, ">1") / 4 + SUMIF(P49:P49, ">1") / 4 + SUMIF(R49:R49, ">1") / 4 + SUMIF(T49:T49, ">1") / 4 -> 0 | AM49: =SUMIF(U49:U49, ">=70") / 4 +SUMIF(W49:W49, ">=70") / 4 +SUMIF(Y49:Y49, ">=70") / 4 +SUMIF(AA49:AA49, ">=70") / 4 + SUMIF(V49:V49, ">1") / 4 + SUMIF(X49:X49, ">1") / 4 + SUMIF(Z49:Z49, ">1") / 4 + SUMIF(AB49:AB49, ">1") / 4 -> 0 | AN49: =SUMIF(AC49:AC49, ">=65") / 4 +SUMIF(AE49:AE49, ">=65") / 4 +SUMIF(AG49:AG49, ">=65") / 4 +SUMIF(AI49:AI49, ">=65") / 4 + SUMIF(AD49:AD49, ">1") / 4 + SUMIF(AF49:AF49, ">1") / 4 + SUMIF(AH49:AH49, ">1") / 4 + SUMIF(AJ49:AJ49, ">1") / 4 -> 0 | AO49: =AVERAGE(AK49:AN49) -> 0 | AR49: =IF(AO49<70, AO49*0.5, "") -> 0 | AT49: =AS49*50% -> 0 | AU49: =IF(AS49<>"", IF(AR49="","",AR49+AT49), "") | AV49: =IF(AU49 < 70, AR49*30%, "") | AX49: =AW49*70% -> 0 | AY49: =IF(AW49<>"", IF(AV49="", "", AV49+AX49), "") | AZ49: =IF(AND(AU49<70, AY49<70), AO49, "") | BB49: =IF(AW49<>"", IF(AY49>=70, AY49, IF(AZ49+BA49>=70, AZ49+BA49, "")), IF(AS49<>"", IF(AU49>=70, AU49, ""), IF(AO49>=70, AO49, ""))) | BC49: =IF(AW49<>"", IF(AY49<70, IF(AZ49+BA49<70, AZ49+BA49, ""), ""), IF(AS49<>"", IF(AU49<70, AU49, ""), IF(AO49<70, AO49, ""))) -> 0 | BE49: =SUM(E49+M49+U49+AC49)/4 -> 0 | BF49: =SUM(G49+O49+W49+AE49)/4 -> 0 | BG49: =SUM(I49+Q49+Y49+AG49)/4 -> 0 | BH49: =SUM(K49+S49+AA49+AI49)/4 -> 0 | BI49: =AVERAGE(BE49:BH49) -> 0
A50: 40 | B50: 2A-D-40 | C50: DE JESUS HERNANDEZ | D50: MIGUEL ANGEL | AK50: =SUMIF(E50:E50, ">=70") / 4 +SUMIF(G50:G50, ">=70") / 4 +SUMIF(I50:I50, ">=70") / 4 +SUMIF(K50:K50, ">=70") / 4 + SUMIF(F50:F50, ">1") / 4 + SUMIF(H50:H50, ">1") / 4 + SUMIF(J50:J50, ">1") / 4 + SUMIF(L50:L50, ">1") / 4 -> 0 | AL50: =SUMIF(M50:M50, ">=70") / 4 +SUMIF(O50:O50, ">=70") / 4 +SUMIF(Q50:Q50, ">=70") / 4 +SUMIF(S50:S50, ">=70") / 4 + SUMIF(N50:N50, ">1") / 4 + SUMIF(P50:P50, ">1") / 4 + SUMIF(R50:R50, ">1") / 4 + SUMIF(T50:T50, ">1") / 4 -> 0 | AM50: =SUMIF(U50:U50, ">=70") / 4 +SUMIF(W50:W50, ">=70") / 4 +SUMIF(Y50:Y50, ">=70") / 4 +SUMIF(AA50:AA50, ">=70") / 4 + SUMIF(V50:V50, ">1") / 4 + SUMIF(X50:X50, ">1") / 4 + SUMIF(Z50:Z50, ">1") / 4 + SUMIF(AB50:AB50, ">1") / 4 -> 0 | AN50: =SUMIF(AC50:AC50, ">=65") / 4 +SUMIF(AE50:AE50, ">=65") / 4 +SUMIF(AG50:AG50, ">=65") / 4 +SUMIF(AI50:AI50, ">=65") / 4 + SUMIF(AD50:AD50, ">1") / 4 + SUMIF(AF50:AF50, ">1") / 4 + SUMIF(AH50:AH50, ">1") / 4 + SUMIF(AJ50:AJ50, ">1") / 4 -> 0 | AO50: =AVERAGE(AK50:AN50) -> 0 | AR50: =IF(AO50<70, AO50*0.5, "") -> 0 | AT50: =AS50*50% -> 0 | AU50: =IF(AS50<>"", IF(AR50="","",AR50+AT50), "") | AV50: =IF(AU50 < 70, AR50*30%, "") | AX50: =AW50*70% -> 0 | AY50: =IF(AW50<>"", IF(AV50="", "", AV50+AX50), "") | AZ50: =IF(AND(AU50<70, AY50<70), AO50, "") | BB50: =IF(AW50<>"", IF(AY50>=70, AY50, IF(AZ50+BA50>=70, AZ50+BA50, "")), IF(AS50<>"", IF(AU50>=70, AU50, ""), IF(AO50>=70, AO50, ""))) | BC50: =IF(AW50<>"", IF(AY50<70, IF(AZ50+BA50<70, AZ50+BA50, ""), ""), IF(AS50<>"", IF(AU50<70, AU50, ""), IF(AO50<70, AO50, ""))) -> 0 | BE50: =SUM(E50+M50+U50+AC50)/4 -> 0 | BF50: =SUM(G50+O50+W50+AE50)/4 -> 0 | BG50: =SUM(I50+Q50+Y50+AG50)/4 -> 0 | BH50: =SUM(K50+S50+AA50+AI50)/4 -> 0 | BI50: =AVERAGE(BE50:BH50) -> 0
A51: 41 | B51: 2A-D-41 | C51: LENDOF SANTANA | D51: ARLING STERLING | AK51: =SUMIF(E51:E51, ">=70") / 4 +SUMIF(G51:G51, ">=70") / 4 +SUMIF(I51:I51, ">=70") / 4 +SUMIF(K51:K51, ">=70") / 4 + SUMIF(F51:F51, ">1") / 4 + SUMIF(H51:H51, ">1") / 4 + SUMIF(J51:J51, ">1") / 4 + SUMIF(L51:L51, ">1") / 4 -> 0 | AL51: =SUMIF(M51:M51, ">=70") / 4 +SUMIF(O51:O51, ">=70") / 4 +SUMIF(Q51:Q51, ">=70") / 4 +SUMIF(S51:S51, ">=70") / 4 + SUMIF(N51:N51, ">1") / 4 + SUMIF(P51:P51, ">1") / 4 + SUMIF(R51:R51, ">1") / 4 + SUMIF(T51:T51, ">1") / 4 -> 0 | AM51: =SUMIF(U51:U51, ">=70") / 4 +SUMIF(W51:W51, ">=70") / 4 +SUMIF(Y51:Y51, ">=70") / 4 +SUMIF(AA51:AA51, ">=70") / 4 + SUMIF(V51:V51, ">1") / 4 + SUMIF(X51:X51, ">1") / 4 + SUMIF(Z51:Z51, ">1") / 4 + SUMIF(AB51:AB51, ">1") / 4 -> 0 | AN51: =SUMIF(AC51:AC51, ">=65") / 4 +SUMIF(AE51:AE51, ">=65") / 4 +SUMIF(AG51:AG51, ">=65") / 4 +SUMIF(AI51:AI51, ">=65") / 4 + SUMIF(AD51:AD51, ">1") / 4 + SUMIF(AF51:AF51, ">1") / 4 + SUMIF(AH51:AH51, ">1") / 4 + SUMIF(AJ51:AJ51, ">1") / 4 -> 0 | AO51: =AVERAGE(AK51:AN51) -> 0 | AR51: =IF(AO51<70, AO51*0.5, "") -> 0 | AT51: =AS51*50% -> 0 | AU51: =IF(AS51<>"", IF(AR51="","",AR51+AT51), "") | AV51: =IF(AU51 < 70, AR51*30%, "") | AX51: =AW51*70% -> 0 | AY51: =IF(AW51<>"", IF(AV51="", "", AV51+AX51), "") | AZ51: =IF(AND(AU51<70, AY51<70), AO51, "") | BB51: =IF(AW51<>"", IF(AY51>=70, AY51, IF(AZ51+BA51>=70, AZ51+BA51, "")), IF(AS51<>"", IF(AU51>=70, AU51, ""), IF(AO51>=70, AO51, ""))) | BC51: =IF(AW51<>"", IF(AY51<70, IF(AZ51+BA51<70, AZ51+BA51, ""), ""), IF(AS51<>"", IF(AU51<70, AU51, ""), IF(AO51<70, AO51, ""))) -> 0 | BE51: =SUM(E51+M51+U51+AC51)/4 -> 0 | BF51: =SUM(G51+O51+W51+AE51)/4 -> 0 | BG51: =SUM(I51+Q51+Y51+AG51)/4 -> 0 | BH51: =SUM(K51+S51+AA51+AI51)/4 -> 0 | BI51: =AVERAGE(BE51:BH51) -> 0
A52: 42 | B52: 2A-D-42 | C52: DE JESUS DE LA CRUZ | D52: SEBASTIAN | AK52: =SUMIF(E52:E52, ">=70") / 4 +SUMIF(G52:G52, ">=70") / 4 +SUMIF(I52:I52, ">=70") / 4 +SUMIF(K52:K52, ">=70") / 4 + SUMIF(F52:F52, ">1") / 4 + SUMIF(H52:H52, ">1") / 4 + SUMIF(J52:J52, ">1") / 4 + SUMIF(L52:L52, ">1") / 4 -> 0 | AL52: =SUMIF(M52:M52, ">=70") / 4 +SUMIF(O52:O52, ">=70") / 4 +SUMIF(Q52:Q52, ">=70") / 4 +SUMIF(S52:S52, ">=70") / 4 + SUMIF(N52:N52, ">1") / 4 + SUMIF(P52:P52, ">1") / 4 + SUMIF(R52:R52, ">1") / 4 + SUMIF(T52:T52, ">1") / 4 -> 0 | AM52: =SUMIF(U52:U52, ">=70") / 4 +SUMIF(W52:W52, ">=70") / 4 +SUMIF(Y52:Y52, ">=70") / 4 +SUMIF(AA52:AA52, ">=70") / 4 + SUMIF(V52:V52, ">1") / 4 + SUMIF(X52:X52, ">1") / 4 + SUMIF(Z52:Z52, ">1") / 4 + SUMIF(AB52:AB52, ">1") / 4 -> 0 | AN52: =SUMIF(AC52:AC52, ">=65") / 4 +SUMIF(AE52:AE52, ">=65") / 4 +SUMIF(AG52:AG52, ">=65") / 4 +SUMIF(AI52:AI52, ">=65") / 4 + SUMIF(AD52:AD52, ">1") / 4 + SUMIF(AF52:AF52, ">1") / 4 + SUMIF(AH52:AH52, ">1") / 4 + SUMIF(AJ52:AJ52, ">1") / 4 -> 0 | AO52: =AVERAGE(AK52:AN52) -> 0 | AR52: =IF(AO52<70, AO52*0.5, "") -> 0 | AT52: =AS52*50% -> 0 | AU52: =IF(AS52<>"", IF(AR52="","",AR52+AT52), "") | AV52: =IF(AU52 < 70, AR52*30%, "") | AX52: =AW52*70% -> 0 | AY52: =IF(AW52<>"", IF(AV52="", "", AV52+AX52), "") | AZ52: =IF(AND(AU52<70, AY52<70), AO52, "") | BB52: =IF(AW52<>"", IF(AY52>=70, AY52, IF(AZ52+BA52>=70, AZ52+BA52, "")), IF(AS52<>"", IF(AU52>=70, AU52, ""), IF(AO52>=70, AO52, ""))) | BC52: =IF(AW52<>"", IF(AY52<70, IF(AZ52+BA52<70, AZ52+BA52, ""), ""), IF(AS52<>"", IF(AU52<70, AU52, ""), IF(AO52<70, AO52, ""))) -> 0 | BE52: =SUM(E52+M52+U52+AC52)/4 -> 0 | BF52: =SUM(G52+O52+W52+AE52)/4 -> 0 | BG52: =SUM(I52+Q52+Y52+AG52)/4 -> 0 | BH52: =SUM(K52+S52+AA52+AI52)/4 -> 0 | BI52: =AVERAGE(BE52:BH52) -> 0
A53: 43 | B53: 2A-D-43 | AK53: =SUMIF(E53:E53, ">=70") / 4 +SUMIF(G53:G53, ">=70") / 4 +SUMIF(I53:I53, ">=70") / 4 +SUMIF(K53:K53, ">=70") / 4 + SUMIF(F53:F53, ">1") / 4 + SUMIF(H53:H53, ">1") / 4 + SUMIF(J53:J53, ">1") / 4 + SUMIF(L53:L53, ">1") / 4 -> 0 | AL53: =SUMIF(M53:M53, ">=70") / 4 +SUMIF(O53:O53, ">=70") / 4 +SUMIF(Q53:Q53, ">=70") / 4 +SUMIF(S53:S53, ">=70") / 4 + SUMIF(N53:N53, ">1") / 4 + SUMIF(P53:P53, ">1") / 4 + SUMIF(R53:R53, ">1") / 4 + SUMIF(T53:T53, ">1") / 4 -> 0 | AM53: =SUMIF(U53:U53, ">=70") / 4 +SUMIF(W53:W53, ">=70") / 4 +SUMIF(Y53:Y53, ">=70") / 4 +SUMIF(AA53:AA53, ">=70") / 4 + SUMIF(V53:V53, ">1") / 4 + SUMIF(X53:X53, ">1") / 4 + SUMIF(Z53:Z53, ">1") / 4 + SUMIF(AB53:AB53, ">1") / 4 -> 0 | AN53: =SUMIF(AC53:AC53, ">=65") / 4 +SUMIF(AE53:AE53, ">=65") / 4 +SUMIF(AG53:AG53, ">=65") / 4 +SUMIF(AI53:AI53, ">=65") / 4 + SUMIF(AD53:AD53, ">1") / 4 + SUMIF(AF53:AF53, ">1") / 4 + SUMIF(AH53:AH53, ">1") / 4 + SUMIF(AJ53:AJ53, ">1") / 4 -> 0 | AO53: =AVERAGE(AK53:AN53) -> 0 | AR53: =IF(AO53<70, AO53*0.5, "") -> 0 | AT53: =AS53*50% -> 0 | AU53: =IF(AS53<>"", IF(AR53="","",AR53+AT53), "") | AV53: =IF(AU53 < 70, AR53*30%, "") | AX53: =AW53*70% -> 0 | AY53: =IF(AW53<>"", IF(AV53="", "", AV53+AX53), "") | AZ53: =IF(AND(AU53<70, AY53<70), AO53, "") | BB53: =IF(AW53<>"", IF(AY53>=70, AY53, IF(AZ53+BA53>=70, AZ53+BA53, "")), IF(AS53<>"", IF(AU53>=70, AU53, ""), IF(AO53>=70, AO53, ""))) | BC53: =IF(AW53<>"", IF(AY53<70, IF(AZ53+BA53<70, AZ53+BA53, ""), ""), IF(AS53<>"", IF(AU53<70, AU53, ""), IF(AO53<70, AO53, ""))) -> 0 | BE53: =SUM(E53+M53+U53+AC53)/4 -> 0 | BF53: =SUM(G53+O53+W53+AE53)/4 -> 0 | BG53: =SUM(I53+Q53+Y53+AG53)/4 -> 0 | BH53: =SUM(K53+S53+AA53+AI53)/4 -> 0 | BI53: =AVERAGE(BE53:BH53) -> 0
A54: 44 | B54: 2A-D-44 | AK54: =SUMIF(E54:E54, ">=70") / 4 +SUMIF(G54:G54, ">=70") / 4 +SUMIF(I54:I54, ">=70") / 4 +SUMIF(K54:K54, ">=70") / 4 + SUMIF(F54:F54, ">1") / 4 + SUMIF(H54:H54, ">1") / 4 + SUMIF(J54:J54, ">1") / 4 + SUMIF(L54:L54, ">1") / 4 -> 0 | AL54: =SUMIF(M54:M54, ">=70") / 4 +SUMIF(O54:O54, ">=70") / 4 +SUMIF(Q54:Q54, ">=70") / 4 +SUMIF(S54:S54, ">=70") / 4 + SUMIF(N54:N54, ">1") / 4 + SUMIF(P54:P54, ">1") / 4 + SUMIF(R54:R54, ">1") / 4 + SUMIF(T54:T54, ">1") / 4 -> 0 | AM54: =SUMIF(U54:U54, ">=70") / 4 +SUMIF(W54:W54, ">=70") / 4 +SUMIF(Y54:Y54, ">=70") / 4 +SUMIF(AA54:AA54, ">=70") / 4 + SUMIF(V54:V54, ">1") / 4 + SUMIF(X54:X54, ">1") / 4 + SUMIF(Z54:Z54, ">1") / 4 + SUMIF(AB54:AB54, ">1") / 4 -> 0 | AN54: =SUMIF(AC54:AC54, ">=65") / 4 +SUMIF(AE54:AE54, ">=65") / 4 +SUMIF(AG54:AG54, ">=65") / 4 +SUMIF(AI54:AI54, ">=65") / 4 + SUMIF(AD54:AD54, ">1") / 4 + SUMIF(AF54:AF54, ">1") / 4 + SUMIF(AH54:AH54, ">1") / 4 + SUMIF(AJ54:AJ54, ">1") / 4 -> 0 | AO54: =AVERAGE(AK54:AN54) -> 0 | AR54: =IF(AO54<70, AO54*0.5, "") -> 0 | AT54: =AS54*50% -> 0 | AU54: =IF(AS54<>"", IF(AR54="","",AR54+AT54), "") | AV54: =IF(AU54 < 70, AR54*30%, "") | AX54: =AW54*70% -> 0 | AY54: =IF(AW54<>"", IF(AV54="", "", AV54+AX54), "") | AZ54: =IF(AND(AU54<70, AY54<70), AO54, "") | BB54: =IF(AW54<>"", IF(AY54>=70, AY54, IF(AZ54+BA54>=70, AZ54+BA54, "")), IF(AS54<>"", IF(AU54>=70, AU54, ""), IF(AO54>=70, AO54, ""))) | BC54: =IF(AW54<>"", IF(AY54<70, IF(AZ54+BA54<70, AZ54+BA54, ""), ""), IF(AS54<>"", IF(AU54<70, AU54, ""), IF(AO54<70, AO54, ""))) -> 0 | BE54: =SUM(E54+M54+U54+AC54)/4 -> 0 | BF54: =SUM(G54+O54+W54+AE54)/4 -> 0 | BG54: =SUM(I54+Q54+Y54+AG54)/4 -> 0 | BH54: =SUM(K54+S54+AA54+AI54)/4 -> 0 | BI54: =AVERAGE(BE54:BH54) -> 0
A55: 45 | B55: 2A-D-45 | AK55: =SUMIF(E55:E55, ">=70") / 4 +SUMIF(G55:G55, ">=70") / 4 +SUMIF(I55:I55, ">=70") / 4 +SUMIF(K55:K55, ">=70") / 4 + SUMIF(F55:F55, ">1") / 4 + SUMIF(H55:H55, ">1") / 4 + SUMIF(J55:J55, ">1") / 4 + SUMIF(L55:L55, ">1") / 4 -> 0 | AL55: =SUMIF(M55:M55, ">=70") / 4 +SUMIF(O55:O55, ">=70") / 4 +SUMIF(Q55:Q55, ">=70") / 4 +SUMIF(S55:S55, ">=70") / 4 + SUMIF(N55:N55, ">1") / 4 + SUMIF(P55:P55, ">1") / 4 + SUMIF(R55:R55, ">1") / 4 + SUMIF(T55:T55, ">1") / 4 -> 0 | AM55: =SUMIF(U55:U55, ">=70") / 4 +SUMIF(W55:W55, ">=70") / 4 +SUMIF(Y55:Y55, ">=70") / 4 +SUMIF(AA55:AA55, ">=70") / 4 + SUMIF(V55:V55, ">1") / 4 + SUMIF(X55:X55, ">1") / 4 + SUMIF(Z55:Z55, ">1") / 4 + SUMIF(AB55:AB55, ">1") / 4 -> 0 | AN55: =SUMIF(AC55:AC55, ">=65") / 4 +SUMIF(AE55:AE55, ">=65") / 4 +SUMIF(AG55:AG55, ">=65") / 4 +SUMIF(AI55:AI55, ">=65") / 4 + SUMIF(AD55:AD55, ">1") / 4 + SUMIF(AF55:AF55, ">1") / 4 + SUMIF(AH55:AH55, ">1") / 4 + SUMIF(AJ55:AJ55, ">1") / 4 -> 0 | AO55: =AVERAGE(AK55:AN55) -> 0 | AR55: =IF(AO55<70, AO55*0.5, "") -> 0 | AT55: =AS55*50% -> 0 | AU55: =IF(AS55<>"", IF(AR55="","",AR55+AT55), "") | AV55: =IF(AU55 < 70, AR55*30%, "") | AX55: =AW55*70% -> 0 | AY55: =IF(AW55<>"", IF(AV55="", "", AV55+AX55), "") | AZ55: =IF(AND(AU55<70, AY55<70), AO55, "") | BB55: =IF(AW55<>"", IF(AY55>=70, AY55, IF(AZ55+BA55>=70, AZ55+BA55, "")), IF(AS55<>"", IF(AU55>=70, AU55, ""), IF(AO55>=70, AO55, ""))) | BC55: =IF(AW55<>"", IF(AY55<70, IF(AZ55+BA55<70, AZ55+BA55, ""), ""), IF(AS55<>"", IF(AU55<70, AU55, ""), IF(AO55<70, AO55, ""))) -> 0 | BE55: =SUM(E55+M55+U55+AC55)/4 -> 0 | BF55: =SUM(G55+O55+W55+AE55)/4 -> 0 | BG55: =SUM(I55+Q55+Y55+AG55)/4 -> 0 | BH55: =SUM(K55+S55+AA55+AI55)/4 -> 0 | BI55: =AVERAGE(BE55:BH55) -> 0

Sheet INGLES
D7: CALCULO DE NOTAS | AN7: Calificacion Final | AO7: % DE ASISTENCIA ANUAL | AQ7: CALIFICACION COMPLETIVA | AU7: CALIFICACION EXTRAORDINARIA | AY7: EVALUACION ESPECIAL | BA7: SITUACIONFINAL EN LA ASIGNATURA | BD7: PARA HOJA PERIODO C.F.
A9: NO | B9: NOMBRES | C9: APELLIDOS | D9: CE - LE1 | L9: CE - LE2, LE3 | T9: CE - LE4, LE6 | AB9: CE - LE5, LE7 | AJ9: PCP 1 | AK9: PCP 2 | AL9: PCP 3 | AM9: PCP 4 | AQ9: 50% C.F | AR9: C.E.C. | AS9: 50% C.E.C. | AT9: C.C.F | AU9: 30% C.F. | AV9: C.E.EX | AW9: 70% C.E.EX | AX9: C.EX.F | AY9: C.F. | AZ9: C.E. | BA9: A | BB9: R
D10: P1 | E10: RP1 | F10: P2 | G10: RP2 | H10: P3 | I10: RP3 | J10: P4 | K10: RP4 | L10: P1 | M10: RP1 | N10: P2 | O10: RP2 | P10: P3 | Q10: RP3 | R10: P4 | S10: RP4 | T10: P1 | U10: RP1 | V10: P2 | W10: RP3 | X10: P3 | Y10: RP4 | Z10: P4 | AA10: RP4 | AB10: P1 | AC10: RP1 | AD10: P2 | AE10: RP3 | AF10: P3 | AG10: RP4 | AH10: P4 | AI10: RP4
A11: 1 | B11: AMADOR | C11: ABEL JOHAN | AJ11: =SUMIF(D11:D11, ">=70") / 4 +SUMIF(F11:F11, ">=70") / 4 +SUMIF(H11:H11, ">=70") / 4 +SUMIF(J11:J11, ">=70") / 4 + SUMIF(E11:E11, ">1") / 4 + SUMIF(G11:G11, ">1") / 4 + SUMIF(I11:I11, ">1") / 4 + SUMIF(K11:K11, ">1") / 4 -> 0 | AK11: =SUMIF(L11:L11, ">=70") / 4 +SUMIF(N11:N11, ">=70") / 4 +SUMIF(P11:P11, ">=70") / 4 +SUMIF(R11:R11, ">=70") / 4 + SUMIF(M11:M11, ">1") / 4 + SUMIF(O11:O11, ">1") / 4 + SUMIF(Q11:Q11, ">1") / 4 + SUMIF(S11:S11, ">1") / 4 -> 0 | AL11: =SUMIF(T11:T11, ">=70") / 4 +SUMIF(V11:V11, ">=70") / 4 +SUMIF(X11:X11, ">=70") / 4 +SUMIF(Z11:Z11, ">=70") / 4 + SUMIF(U11:U11, ">1") / 4 + SUMIF(W11:W11, ">1") / 4 + SUMIF(Y11:Y11, ">1") / 4 + SUMIF(AA11:AA11, ">1") / 4 -> 0 | AM11: =SUMIF(AB11:AB11, ">=70") / 4 +SUMIF(AD11:AD11, ">=70") / 4 +SUMIF(AF11:AF11, ">=70") / 4 +SUMIF(AH11:AH11, ">=70") / 4 + SUMIF(AC11:AC11, ">1") / 4 + SUMIF(AE11:AE11, ">1") / 4 + SUMIF(AG11:AG11, ">1") / 4 + SUMIF(AI11:AI11, ">1") / 4 -> 0 | AN11: =AVERAGE(AJ11:AM11) -> 0 | AQ11: =IF(AN11<70, AN11*0.5, "") -> 0 | AS11: =AR11*50% -> 0 | AT11: =IF(AR11<>"", IF(AQ11="","",AQ11+AS11), "") | AU11: =IF(AT11 < 70, AQ11*30%, "") | AW11: =AV11*70% -> 0 | AX11: =IF(AV11<>"", IF(AU11="", "", AU11+AW11), "") | AY11: =IF(AND(AT11<70, AX11<70), AN11, "") | BA11: =IF(AV11<>"", IF(AX11>=70, AX11, IF(AY11+AZ11>=70, AY11+AZ11, "")), IF(AR11<>"", IF(AT11>=70, AT11, ""), IF(AN11>=70, AN11, ""))) | BB11: =IF(AV11<>"", IF(AX11<70, IF(AY11+AZ11<70, AY11+AZ11, ""), ""), IF(AR11<>"", IF(AT11<70, AT11, ""), IF(AN11<70, AN11, ""))) -> 0 | BD11: =IF(AND(NOT(ISBLANK(AY11)), NOT(ISBLANK(AZ11))), AY11 + AZ11, "")
A12: 2 | B12: AMPARO RODRIGUEZ | C12: ANGEL LUCIANO | AJ12: =SUMIF(D12:D12, ">=70") / 4 +SUMIF(F12:F12, ">=70") / 4 +SUMIF(H12:H12, ">=70") / 4 +SUMIF(J12:J12, ">=70") / 4 + SUMIF(E12:E12, ">1") / 4 + SUMIF(G12:G12, ">1") / 4 + SUMIF(I12:I12, ">1") / 4 + SUMIF(K12:K12, ">1") / 4 -> 0 | AK12: =SUMIF(L12:L12, ">=70") / 4 +SUMIF(N12:N12, ">=70") / 4 +SUMIF(P12:P12, ">=70") / 4 +SUMIF(R12:R12, ">=70") / 4 + SUMIF(M12:M12, ">1") / 4 + SUMIF(O12:O12, ">1") / 4 + SUMIF(Q12:Q12, ">1") / 4 + SUMIF(S12:S12, ">1") / 4 -> 0 | AL12: =SUMIF(T12:T12, ">=70") / 4 +SUMIF(V12:V12, ">=70") / 4 +SUMIF(X12:X12, ">=70") / 4 +SUMIF(Z12:Z12, ">=70") / 4 + SUMIF(U12:U12, ">1") / 4 + SUMIF(W12:W12, ">1") / 4 + SUMIF(Y12:Y12, ">1") / 4 + SUMIF(AA12:AA12, ">1") / 4 -> 0 | AM12: =SUMIF(AB12:AB12, ">=65") / 4 +SUMIF(AD12:AD12, ">=65") / 4 +SUMIF(AF12:AF12, ">=65") / 4 +SUMIF(AH12:AH12, ">=65") / 4 + SUMIF(AC12:AC12, ">1") / 4 + SUMIF(AE12:AE12, ">1") / 4 + SUMIF(AG12:AG12, ">1") / 4 + SUMIF(AI12:AI12, ">1") / 4 -> 0 | AN12: =AVERAGE(AJ12:AM12) -> 0 | AQ12: =IF(AN12<70, AN12*0.5, "") -> 0 | AS12: =AR12*50% -> 0 | AT12: =IF(AR12<>"", IF(AQ12="","",AQ12+AS12), "") | AU12: =IF(AT12 < 70, AQ12*30%, "") | AW12: =AV12*70% -> 0 | AX12: =IF(AV12<>"", IF(AU12="", "", AU12+AW12), "") | AY12: =IF(AND(AT12<70, AX12<70), AN12, "") | BA12: =IF(AV12<>"", IF(AX12>=70, AX12, IF(AY12+AZ12>=70, AY12+AZ12, "")), IF(AR12<>"", IF(AT12>=70, AT12, ""), IF(AN12>=70, AN12, ""))) | BB12: =IF(AV12<>"", IF(AX12<70, IF(AY12+AZ12<70, AY12+AZ12, ""), ""), IF(AR12<>"", IF(AT12<70, AT12, ""), IF(AN12<70, AN12, ""))) -> 0 | BD12: =IF(AND(NOT(ISBLANK(AY12)), NOT(ISBLANK(AZ12))), AY12 + AZ12, "")
A13: 3 | B13: BISCAINO | C13: STEPHANIE | AJ13: =SUMIF(D13:D13, ">=70") / 4 +SUMIF(F13:F13, ">=70") / 4 +SUMIF(H13:H13, ">=70") / 4 +SUMIF(J13:J13, ">=70") / 4 + SUMIF(E13:E13, ">1") / 4 + SUMIF(G13:G13, ">1") / 4 + SUMIF(I13:I13, ">1") / 4 + SUMIF(K13:K13, ">1") / 4 -> 0 | AK13: =SUMIF(L13:L13, ">=70") / 4 +SUMIF(N13:N13, ">=70") / 4 +SUMIF(P13:P13, ">=70") / 4 +SUMIF(R13:R13, ">=70") / 4 + SUMIF(M13:M13, ">1") / 4 + SUMIF(O13:O13, ">1") / 4 + SUMIF(Q13:Q13, ">1") / 4 + SUMIF(S13:S13, ">1") / 4 -> 0 | AL13: =SUMIF(T13:T13, ">=70") / 4 +SUMIF(V13:V13, ">=70") / 4 +SUMIF(X13:X13, ">=70") / 4 +SUMIF(Z13:Z13, ">=70") / 4 + SUMIF(U13:U13, ">1") / 4 + SUMIF(W13:W13, ">1") / 4 + SUMIF(Y13:Y13, ">1") / 4 + SUMIF(AA13:AA13, ">1") / 4 -> 0 | AM13: =SUMIF(AB13:AB13, ">=65") / 4 +SUMIF(AD13:AD13, ">=65") / 4 +SUMIF(AF13:AF13, ">=65") / 4 +SUMIF(AH13:AH13, ">=65") / 4 + SUMIF(AC13:AC13, ">1") / 4 + SUMIF(AE13:AE13, ">1") / 4 + SUMIF(AG13:AG13, ">1") / 4 + SUMIF(AI13:AI13, ">1") / 4 -> 0 | AN13: =AVERAGE(AJ13:AM13) -> 0 | AQ13: =IF(AN13<70, AN13*0.5, "") -> 0 | AS13: =AR13*50% -> 0 | AT13: =IF(AR13<>"", IF(AQ13="","",AQ13+AS13), "") | AU13: =IF(AT13 < 70, AQ13*30%, "") | AW13: =AV13*70% -> 0 | AX13: =IF(AV13<>"", IF(AU13="", "", AU13+AW13), "") | AY13: =IF(AND(AT13<70, AX13<70), AN13, "") | BA13: =IF(AV13<>"", IF(AX13>=70, AX13, IF(AY13+AZ13>=70, AY13+AZ13, "")), IF(AR13<>"", IF(AT13>=70, AT13, ""), IF(AN13>=70, AN13, ""))) | BB13: =IF(AV13<>"", IF(AX13<70, IF(AY13+AZ13<70, AY13+AZ13, ""), ""), IF(AR13<>"", IF(AT13<70, AT13, ""), IF(AN13<70, AN13, ""))) -> 0 | BD13: =IF(AND(NOT(ISBLANK(AY13)), NOT(ISBLANK(AZ13))), AY13 + AZ13, "")
A14: 4 | B14: BOZIER CASSENAC | C14: JOEL ENRIQUE | AJ14: =SUMIF(D14:D14, ">=70") / 4 +SUMIF(F14:F14, ">=70") / 4 +SUMIF(H14:H14, ">=70") / 4 +SUMIF(J14:J14, ">=70") / 4 + SUMIF(E14:E14, ">1") / 4 + SUMIF(G14:G14, ">1") / 4 + SUMIF(I14:I14, ">1") / 4 + SUMIF(K14:K14, ">1") / 4 -> 0 | AK14: =SUMIF(L14:L14, ">=70") / 4 +SUMIF(N14:N14, ">=70") / 4 +SUMIF(P14:P14, ">=70") / 4 +SUMIF(R14:R14, ">=70") / 4 + SUMIF(M14:M14, ">1") / 4 + SUMIF(O14:O14, ">1") / 4 + SUMIF(Q14:Q14, ">1") / 4 + SUMIF(S14:S14, ">1") / 4 -> 0 | AL14: =SUMIF(T14:T14, ">=70") / 4 +SUMIF(V14:V14, ">=70") / 4 +SUMIF(X14:X14, ">=70") / 4 +SUMIF(Z14:Z14, ">=70") / 4 + SUMIF(U14:U14, ">1") / 4 + SUMIF(W14:W14, ">1") / 4 + SUMIF(Y14:Y14, ">1") / 4 + SUMIF(AA14:AA14, ">1") / 4 -> 0 | AM14: =SUMIF(AB14:AB14, ">=65") / 4 +SUMIF(AD14:AD14, ">=65") / 4 +SUMIF(AF14:AF14, ">=65") / 4 +SUMIF(AH14:AH14, ">=65") / 4 + SUMIF(AC14:AC14, ">1") / 4 + SUMIF(AE14:AE14, ">1") / 4 + SUMIF(AG14:AG14, ">1") / 4 + SUMIF(AI14:AI14, ">1") / 4 -> 0 | AN14: =AVERAGE(AJ14:AM14) -> 0 | AQ14: =IF(AN14<70, AN14*0.5, "") -> 0 | AS14: =AR14*50% -> 0 | AT14: =IF(AR14<>"", IF(AQ14="","",AQ14+AS14), "") | AU14: =IF(AT14 < 70, AQ14*30%, "") | AW14: =AV14*70% -> 0 | AX14: =IF(AV14<>"", IF(AU14="", "", AU14+AW14), "") | AY14: =IF(AND(AT14<70, AX14<70), AN14, "") | BA14: =IF(AV14<>"", IF(AX14>=70, AX14, IF(AY14+AZ14>=70, AY14+AZ14, "")), IF(AR14<>"", IF(AT14>=70, AT14, ""), IF(AN14>=70, AN14, ""))) | BB14: =IF(AV14<>"", IF(AX14<70, IF(AY14+AZ14<70, AY14+AZ14, ""), ""), IF(AR14<>"", IF(AT14<70, AT14, ""), IF(AN14<70, AN14, ""))) -> 0 | BD14: =IF(AND(NOT(ISBLANK(AY14)), NOT(ISBLANK(AZ14))), AY14 + AZ14, "")
A15: 5 | B15: BRAZOBAN LORENZO | C15: ROSA IRIS | D15: 78 | F15: 80 | H15: 77 | J15: 81 | L15: 80 | N15: 82 | P15: 80 | R15: 82 | T15: 83 | V15: 85 | X15: 82 | Z15: 86 | AB15: 87 | AD15: 89 | AF15: 87 | AH15: 89 | AJ15: =SUMIF(D15:D15, ">=70") / 4 +SUMIF(F15:F15, ">=70") / 4 +SUMIF(H15:H15, ">=70") / 4 +SUMIF(J15:J15, ">=70") / 4 + SUMIF(E15:E15, ">1") / 4 + SUMIF(G15:G15, ">1") / 4 + SUMIF(I15:I15, ">1") / 4 + SUMIF(K15:K15, ">1") / 4 -> 79 | AK15: =SUMIF(L15:L15, ">=70") / 4 +SUMIF(N15:N15, ">=70") / 4 +SUMIF(P15:P15, ">=70") / 4 +SUMIF(R15:R15, ">=70") / 4 + SUMIF(M15:M15, ">1") / 4 + SUMIF(O15:O15, ">1") / 4 + SUMIF(Q15:Q15, ">1") / 4 + SUMIF(S15:S15, ">1") / 4 -> 81 | AL15: =SUMIF(T15:T15, ">=70") / 4 +SUMIF(V15:V15, ">=70") / 4 +SUMIF(X15:X15, ">=70") / 4 +SUMIF(Z15:Z15, ">=70") / 4 + SUMIF(U15:U15, ">1") / 4 + SUMIF(W15:W15, ">1") / 4 + SUMIF(Y15:Y15, ">1") / 4 + SUMIF(AA15:AA15, ">1") / 4 -> 84 | AM15: =SUMIF(AB15:AB15, ">=65") / 4 +SUMIF(AD15:AD15, ">=65") / 4 +SUMIF(AF15:AF15, ">=65") / 4 +SUMIF(AH15:AH15, ">=65") / 4 + SUMIF(AC15:AC15, ">1") / 4 + SUMIF(AE15:AE15, ">1") / 4 + SUMIF(AG15:AG15, ">1") / 4 + SUMIF(AI15:AI15, ">1") / 4 -> 88 | AN15: =AVERAGE(AJ15:AM15) -> 83 | AQ15: =IF(AN15<70, AN15*0.5, "") | AS15: =AR15*50% -> 0 | AT15: =IF(AR15<>"", IF(AQ15="","",AQ15+AS15), "") | AU15: =IF(AT15 < 70, AQ15*30%, "") | AW15: =AV15*70% -> 0 | AX15: =IF(AV15<>"", IF(AU15="", "", AU15+AW15), "") | AY15: =IF(AND(AT15<70, AX15<70), AN15, "") | BA15: =IF(AV15<>"", IF(AX15>=70, AX15, IF(AY15+AZ15>=70, AY15+AZ15, "")), IF(AR15<>"", IF(AT15>=70, AT15, ""), IF(AN15>=70, AN15, ""))) -> 83 | BB15: =IF(AV15<>"", IF(AX15<70, IF(AY15+AZ15<70, AY15+AZ15, ""), ""), IF(AR15<>"", IF(AT15<70, AT15, ""), IF(AN15<70, AN15, ""))) | BD15: =IF(AND(NOT(ISBLANK(AY15)), NOT(ISBLANK(AZ15))), AY15 + AZ15, "")
A16: 6 | B16: DE JESUS DE LEON | C16: VICTOR MANUEL | AJ16: =SUMIF(D16:D16, ">=70") / 4 +SUMIF(F16:F16, ">=70") / 4 +SUMIF(H16:H16, ">=70") / 4 +SUMIF(J16:J16, ">=70") / 4 + SUMIF(E16:E16, ">1") / 4 + SUMIF(G16:G16, ">1") / 4 + SUMIF(I16:I16, ">1") / 4 + SUMIF(K16:K16, ">1") / 4 -> 0 | AK16: =SUMIF(L16:L16, ">=70") / 4 +SUMIF(N16:N16, ">=70") / 4 +SUMIF(P16:P16, ">=70") / 4 +SUMIF(R16:R16, ">=70") / 4 + SUMIF(M16:M16, ">1") / 4 + SUMIF(O16:O16, ">1") / 4 + SUMIF(Q16:Q16, ">1") / 4 + SUMIF(S16:S16, ">1") / 4 -> 0 | AL16: =SUMIF(T16:T16, ">=70") / 4 +SUMIF(V16:V16, ">=70") / 4 +SUMIF(X16:X16, ">=70") / 4 +SUMIF(Z16:Z16, ">=70") / 4 + SUMIF(U16:U16, ">1") / 4 + SUMIF(W16:W16, ">1") / 4 + SUMIF(Y16:Y16, ">1") / 4 + SUMIF(AA16:AA16, ">1") / 4 -> 0 | AM16: =SUMIF(AB16:AB16, ">=65") / 4 +SUMIF(AD16:AD16, ">=65") / 4 +SUMIF(AF16:AF16, ">=65") / 4 +SUMIF(AH16:AH16, ">=65") / 4 + SUMIF(AC16:AC16, ">1") / 4 + SUMIF(AE16:AE16, ">1") / 4 + SUMIF(AG16:AG16, ">1") / 4 + SUMIF(AI16:AI16, ">1") / 4 -> 0 | AN16: =AVERAGE(AJ16:AM16) -> 0 | AQ16: =IF(AN16<70, AN16*0.5, "") -> 0 | AS16: =AR16*50% -> 0 | AT16: =IF(AR16<>"", IF(AQ16="","",AQ16+AS16), "") | AU16: =IF(AT16 < 70, AQ16*30%, "") | AW16: =AV16*70% -> 0 | AX16: =IF(AV16<>"", IF(AU16="", "", AU16+AW16), "") | AY16: =IF(AND(AT16<70, AX16<70), AN16, "") | BA16: =IF(AV16<>"", IF(AX16>=70, AX16, IF(AY16+AZ16>=70, AY16+AZ16, "")), IF(AR16<>"", IF(AT16>=70, AT16, ""), IF(AN16>=70, AN16, ""))) | BB16: =IF(AV16<>"", IF(AX16<70, IF(AY16+AZ16<70, AY16+AZ16, ""), ""), IF(AR16<>"", IF(AT16<70, AT16, ""), IF(AN16<70, AN16, ""))) -> 0 | BD16: =IF(AND(NOT(ISBLANK(AY16)), NOT(ISBLANK(AZ16))), AY16 + AZ16, "")
A17: 7 | B17: DE LA CRUZ SELMO | C17: ROSALBA | AJ17: =SUMIF(D17:D17, ">=70") / 4 +SUMIF(F17:F17, ">=70") / 4 +SUMIF(H17:H17, ">=70") / 4 +SUMIF(J17:J17, ">=70") / 4 + SUMIF(E17:E17, ">1") / 4 + SUMIF(G17:G17, ">1") / 4 + SUMIF(I17:I17, ">1") / 4 + SUMIF(K17:K17, ">1") / 4 -> 0 | AK17: =SUMIF(L17:L17, ">=70") / 4 +SUMIF(N17:N17, ">=70") / 4 +SUMIF(P17:P17, ">=70") / 4 +SUMIF(R17:R17, ">=70") / 4 + SUMIF(M17:M17, ">1") / 4 + SUMIF(O17:O17, ">1") / 4 + SUMIF(Q17:Q17, ">1") / 4 + SUMIF(S17:S17, ">1") / 4 -> 0 | AL17: =SUMIF(T17:T17, ">=70") / 4 +SUMIF(V17:V17, ">=70") / 4 +SUMIF(X17:X17, ">=70") / 4 +SUMIF(Z17:Z17, ">=70") / 4 + SUMIF(U17:U17, ">1") / 4 + SUMIF(W17:W17, ">1") / 4 + SUMIF(Y17:Y17, ">1") / 4 + SUMIF(AA17:AA17, ">1") / 4 -> 0 | AM17: =SUMIF(AB17:AB17, ">=65") / 4 +SUMIF(AD17:AD17, ">=65") / 4 +SUMIF(AF17:AF17, ">=65") / 4 +SUMIF(AH17:AH17, ">=65") / 4 + SUMIF(AC17:AC17, ">1") / 4 + SUMIF(AE17:AE17, ">1") / 4 + SUMIF(AG17:AG17, ">1") / 4 + SUMIF(AI17:AI17, ">1") / 4 -> 0 | AN17: =AVERAGE(AJ17:AM17) -> 0 | AQ17: =IF(AN17<70, AN17*0.5, "") -> 0 | AS17: =AR17*50% -> 0 | AT17: =IF(AR17<>"", IF(AQ17="","",AQ17+AS17), "") | AU17: =IF(AT17 < 70, AQ17*30%, "") | AW17: =AV17*70% -> 0 | AX17: =IF(AV17<>"", IF(AU17="", "", AU17+AW17), "") | AY17: =IF(AND(AT17<70, AX17<70), AN17, "") | BA17: =IF(AV17<>"", IF(AX17>=70, AX17, IF(AY17+AZ17>=70, AY17+AZ17, "")), IF(AR17<>"", IF(AT17>=70, AT17, ""), IF(AN17>=70, AN17, ""))) | BB17: =IF(AV17<>"", IF(AX17<70, IF(AY17+AZ17<70, AY17+AZ17, ""), ""), IF(AR17<>"", IF(AT17<70, AT17, ""), IF(AN17<70, AN17, ""))) -> 0 | BD17: =IF(AND(NOT(ISBLANK(AY17)), NOT(ISBLANK(AZ17))), AY17 + AZ17, "")
A18: 8 | B18: DE LA CRUZ | C18: JUAN MANUEL | D18: 77 | F18: 79 | H18: 76 | J18: 80 | L18: 81 | N18: 83 | P18: 80 | R18: 84 | T18: 84 | V18: 86 | X18: 82 | Z18: 88 | AB18: 86 | AD18: 88 | AF18: 85 | AH18: 89 | AJ18: =SUMIF(D18:D18, ">=70") / 4 +SUMIF(F18:F18, ">=70") / 4 +SUMIF(H18:H18, ">=70") / 4 +SUMIF(J18:J18, ">=70") / 4 + SUMIF(E18:E18, ">1") / 4 + SUMIF(G18:G18, ">1") / 4 + SUMIF(I18:I18, ">1") / 4 + SUMIF(K18:K18, ">1") / 4 -> 78 | AK18: =SUMIF(L18:L18, ">=70") / 4 +SUMIF(N18:N18, ">=70") / 4 +SUMIF(P18:P18, ">=70") / 4 +SUMIF(R18:R18, ">=70") / 4 + SUMIF(M18:M18, ">1") / 4 + SUMIF(O18:O18, ">1") / 4 + SUMIF(Q18:Q18, ">1") / 4 + SUMIF(S18:S18, ">1") / 4 -> 82 | AL18: =SUMIF(T18:T18, ">=70") / 4 +SUMIF(V18:V18, ">=70") / 4 +SUMIF(X18:X18, ">=70") / 4 +SUMIF(Z18:Z18, ">=70") / 4 + SUMIF(U18:U18, ">1") / 4 + SUMIF(W18:W18, ">1") / 4 + SUMIF(Y18:Y18, ">1") / 4 + SUMIF(AA18:AA18, ">1") / 4 -> 85 | AM18: =SUMIF(AB18:AB18, ">=65") / 4 +SUMIF(AD18:AD18, ">=65") / 4 +SUMIF(AF18:AF18, ">=65") / 4 +SUMIF(AH18:AH18, ">=65") / 4 + SUMIF(AC18:AC18, ">1") / 4 + SUMIF(AE18:AE18, ">1") / 4 + SUMIF(AG18:AG18, ">1") / 4 + SUMIF(AI18:AI18, ">1") / 4 -> 87 | AN18: =AVERAGE(AJ18:AM18) -> 83 | AQ18: =IF(AN18<70, AN18*0.5, "") | AS18: =AR18*50% -> 0 | AT18: =IF(AR18<>"", IF(AQ18="","",AQ18+AS18), "") | AU18: =IF(AT18 < 70, AQ18*30%, "") | AW18: =AV18*70% -> 0 | AX18: =IF(AV18<>"", IF(AU18="", "", AU18+AW18), "") | AY18: =IF(AND(AT18<70, AX18<70), AN18, "") | BA18: =IF(AV18<>"", IF(AX18>=70, AX18, IF(AY18+AZ18>=70, AY18+AZ18, "")), IF(AR18<>"", IF(AT18>=70, AT18, ""), IF(AN18>=70, AN18, ""))) -> 83 | BB18: =IF(AV18<>"", IF(AX18<70, IF(AY18+AZ18<70, AY18+AZ18, ""), ""), IF(AR18<>"", IF(AT18<70, AT18, ""), IF(AN18<70, AN18, ""))) | BD18: =IF(AND(NOT(ISBLANK(AY18)), NOT(ISBLANK(AZ18))), AY18 + AZ18, "")
A19: 9 | B19: DE LA NIEVE | C19: DANIEL OMAR | AJ19: =SUMIF(D19:D19, ">=70") / 4 +SUMIF(F19:F19, ">=70") / 4 +SUMIF(H19:H19, ">=70") / 4 +SUMIF(J19:J19, ">=70") / 4 + SUMIF(E19:E19, ">1") / 4 + SUMIF(G19:G19, ">1") / 4 + SUMIF(I19:I19, ">1") / 4 + SUMIF(K19:K19, ">1") / 4 -> 0 | AK19: =SUMIF(L19:L19, ">=70") / 4 +SUMIF(N19:N19, ">=70") / 4 +SUMIF(P19:P19, ">=70") / 4 +SUMIF(R19:R19, ">=70") / 4 + SUMIF(M19:M19, ">1") / 4 + SUMIF(O19:O19, ">1") / 4 + SUMIF(Q19:Q19, ">1") / 4 + SUMIF(S19:S19, ">1") / 4 -> 0 | AL19: =SUMIF(T19:T19, ">=70") / 4 +SUMIF(V19:V19, ">=70") / 4 +SUMIF(X19:X19, ">=70") / 4 +SUMIF(Z19:Z19, ">=70") / 4 + SUMIF(U19:U19, ">1") / 4 + SUMIF(W19:W19, ">1") / 4 + SUMIF(Y19:Y19, ">1") / 4 + SUMIF(AA19:AA19, ">1") / 4 -> 0 | AM19: =SUMIF(AB19:AB19, ">=65") / 4 +SUMIF(AD19:AD19, ">=65") / 4 +SUMIF(AF19:AF19, ">=65") / 4 +SUMIF(AH19:AH19, ">=65") / 4 + SUMIF(AC19:AC19, ">1") / 4 + SUMIF(AE19:AE19, ">1") / 4 + SUMIF(AG19:AG19, ">1") / 4 + SUMIF(AI19:AI19, ">1") / 4 -> 0 | AN19: =AVERAGE(AJ19:AM19) -> 0 | AQ19: =IF(AN19<70, AN19*0.5, "") -> 0 | AS19: =AR19*50% -> 0 | AT19: =IF(AR19<>"", IF(AQ19="","",AQ19+AS19), "") | AU19: =IF(AT19 < 70, AQ19*30%, "") | AW19: =AV19*70% -> 0 | AX19: =IF(AV19<>"", IF(AU19="", "", AU19+AW19), "") | AY19: =IF(AND(AT19<70, AX19<70), AN19, "") | BA19: =IF(AV19<>"", IF(AX19>=70, AX19, IF(AY19+AZ19>=70, AY19+AZ19, "")), IF(AR19<>"", IF(AT19>=70, AT19, ""), IF(AN19>=70, AN19, ""))) | BB19: =IF(AV19<>"", IF(AX19<70, IF(AY19+AZ19<70, AY19+AZ19, ""), ""), IF(AR19<>"", IF(AT19<70, AT19, ""), IF(AN19<70, AN19, ""))) -> 0 | BD19: =IF(AND(NOT(ISBLANK(AY19)), NOT(ISBLANK(AZ19))), AY19 + AZ19, "")
A20: 10 | B20: DE LA ROSA ROJAS | C20: EMMANUEL JESUS | AJ20: =SUMIF(D20:D20, ">=70") / 4 +SUMIF(F20:F20, ">=70") / 4 +SUMIF(H20:H20, ">=70") / 4 +SUMIF(J20:J20, ">=70") / 4 + SUMIF(E20:E20, ">1") / 4 + SUMIF(G20:G20, ">1") / 4 + SUMIF(I20:I20, ">1") / 4 + SUMIF(K20:K20, ">1") / 4 -> 0 | AK20: =SUMIF(L20:L20, ">=70") / 4 +SUMIF(N20:N20, ">=70") / 4 +SUMIF(P20:P20, ">=70") / 4 +SUMIF(R20:R20, ">=70") / 4 + SUMIF(M20:M20, ">1") / 4 + SUMIF(O20:O20, ">1") / 4 + SUMIF(Q20:Q20, ">1") / 4 + SUMIF(S20:S20, ">1") / 4 -> 0 | AL20: =SUMIF(T20:T20, ">=70") / 4 +SUMIF(V20:V20, ">=70") / 4 +SUMIF(X20:X20, ">=70") / 4 +SUMIF(Z20:Z20, ">=70") / 4 + SUMIF(U20:U20, ">1") / 4 + SUMIF(W20:W20, ">1") / 4 + SUMIF(Y20:Y20, ">1") / 4 + SUMIF(AA20:AA20, ">1") / 4 -> 0 | AM20: =SUMIF(AB20:AB20, ">=65") / 4 +SUMIF(AD20:AD20, ">=65") / 4 +SUMIF(AF20:AF20, ">=65") / 4 +SUMIF(AH20:AH20, ">=65") / 4 + SUMIF(AC20:AC20, ">1") / 4 + SUMIF(AE20:AE20, ">1") / 4 + SUMIF(AG20:AG20, ">1") / 4 + SUMIF(AI20:AI20, ">1") / 4 -> 0 | AN20: =AVERAGE(AJ20:AM20) -> 0 | AQ20: =IF(AN20<70, AN20*0.5, "") -> 0 | AS20: =AR20*50% -> 0 | AT20: =IF(AR20<>"", IF(AQ20="","",AQ20+AS20), "") | AU20: =IF(AT20 < 70, AQ20*30%, "") | AW20: =AV20*70% -> 0 | AX20: =IF(AV20<>"", IF(AU20="", "", AU20+AW20), "") | AY20: =IF(AND(AT20<70, AX20<70), AN20, "") | BA20: =IF(AV20<>"", IF(AX20>=70, AX20, IF(AY20+AZ20>=70, AY20+AZ20, "")), IF(AR20<>"", IF(AT20>=70, AT20, ""), IF(AN20>=70, AN20, ""))) | BB20: =IF(AV20<>"", IF(AX20<70, IF(AY20+AZ20<70, AY20+AZ20, ""), ""), IF(AR20<>"", IF(AT20<70, AT20, ""), IF(AN20<70, AN20, ""))) -> 0 | BD20: =IF(AND(NOT(ISBLANK(AY20)), NOT(ISBLANK(AZ20))), AY20 + AZ20, "")
A21: 11 | B21: DE LEON | C21: LUIS KENDRY | AJ21: =SUMIF(D21:D21, ">=70") / 4 +SUMIF(F21:F21, ">=70") / 4 +SUMIF(H21:H21, ">=70") / 4 +SUMIF(J21:J21, ">=70") / 4 + SUMIF(E21:E21, ">1") / 4 + SUMIF(G21:G21, ">1") / 4 + SUMIF(I21:I21, ">1") / 4 + SUMIF(K21:K21, ">1") / 4 -> 0 | AK21: =SUMIF(L21:L21, ">=70") / 4 +SUMIF(N21:N21, ">=70") / 4 +SUMIF(P21:P21, ">=70") / 4 +SUMIF(R21:R21, ">=70") / 4 + SUMIF(M21:M21, ">1") / 4 + SUMIF(O21:O21, ">1") / 4 + SUMIF(Q21:Q21, ">1") / 4 + SUMIF(S21:S21, ">1") / 4 -> 0 | AL21: =SUMIF(T21:T21, ">=70") / 4 +SUMIF(V21:V21, ">=70") / 4 +SUMIF(X21:X21, ">=70") / 4 +SUMIF(Z21:Z21, ">=70") / 4 + SUMIF(U21:U21, ">1") / 4 + SUMIF(W21:W21, ">1") / 4 + SUMIF(Y21:Y21, ">1") / 4 + SUMIF(AA21:AA21, ">1") / 4 -> 0 | AM21: =SUMIF(AB21:AB21, ">=65") / 4 +SUMIF(AD21:AD21, ">=65") / 4 +SUMIF(AF21:AF21, ">=65") / 4 +SUMIF(AH21:AH21, ">=65") / 4 + SUMIF(AC21:AC21, ">1") / 4 + SUMIF(AE21:AE21, ">1") / 4 + SUMIF(AG21:AG21, ">1") / 4 + SUMIF(AI21:AI21, ">1") / 4 -> 0 | AN21: =AVERAGE(AJ21:AM21) -> 0 | AQ21: =IF(AN21<70, AN21*0.5, "") -> 0 | AS21: =AR21*50% -> 0 | AT21: =IF(AR21<>"", IF(AQ21="","",AQ21+AS21), "") | AU21: =IF(AT21 < 70, AQ21*30%, "") | AW21: =AV21*70% -> 0 | AX21: =IF(AV21<>"", IF(AU21="", "", AU21+AW21), "") | AY21: =IF(AND(AT21<70, AX21<70), AN21, "") | BA21: =IF(AV21<>"", IF(AX21>=70, AX21, IF(AY21+AZ21>=70, AY21+AZ21, "")), IF(AR21<>"", IF(AT21>=70, AT21, ""), IF(AN21>=70, AN21, ""))) | BB21: =IF(AV21<>"", IF(AX21<70, IF(AY21+AZ21<70, AY21+AZ21, ""), ""), IF(AR21<>"", IF(AT21<70, AT21, ""), IF(AN21<70, AN21, ""))) -> 0 | BD21: =IF(AND(NOT(ISBLANK(AY21)), NOT(ISBLANK(AZ21))), AY21 + AZ21, "")
A22: 12 | B22: DELOSSANTE | C22: MIRDALENE | AJ22: =SUMIF(D22:D22, ">=70") / 4 +SUMIF(F22:F22, ">=70") / 4 +SUMIF(H22:H22, ">=70") / 4 +SUMIF(J22:J22, ">=70") / 4 + SUMIF(E22:E22, ">1") / 4 + SUMIF(G22:G22, ">1") / 4 + SUMIF(I22:I22, ">1") / 4 + SUMIF(K22:K22, ">1") / 4 -> 0 | AK22: =SUMIF(L22:L22, ">=70") / 4 +SUMIF(N22:N22, ">=70") / 4 +SUMIF(P22:P22, ">=70") / 4 +SUMIF(R22:R22, ">=70") / 4 + SUMIF(M22:M22, ">1") / 4 + SUMIF(O22:O22, ">1") / 4 + SUMIF(Q22:Q22, ">1") / 4 + SUMIF(S22:S22, ">1") / 4 -> 0 | AL22: =SUMIF(T22:T22, ">=70") / 4 +SUMIF(V22:V22, ">=70") / 4 +SUMIF(X22:X22, ">=70") / 4 +SUMIF(Z22:Z22, ">=70") / 4 + SUMIF(U22:U22, ">1") / 4 + SUMIF(W22:W22, ">1") / 4 + SUMIF(Y22:Y22, ">1") / 4 + SUMIF(AA22:AA22, ">1") / 4 -> 0 | AM22: =SUMIF(AB22:AB22, ">=65") / 4 +SUMIF(AD22:AD22, ">=65") / 4 +SUMIF(AF22:AF22, ">=65") / 4 +SUMIF(AH22:AH22, ">=65") / 4 + SUMIF(AC22:AC22, ">1") / 4 + SUMIF(AE22:AE22, ">1") / 4 + SUMIF(AG22:AG22, ">1") / 4 + SUMIF(AI22:AI22, ">1") / 4 -> 0 | AN22: =AVERAGE(AJ22:AM22) -> 0 | AQ22: =IF(AN22<70, AN22*0.5, "") -> 0 | AS22: =AR22*50% -> 0 | AT22: =IF(AR22<>"", IF(AQ22="","",AQ22+AS22), "") | AU22: =IF(AT22 < 70, AQ22*30%, "") | AW22: =AV22*70% -> 0 | AX22: =IF(AV22<>"", IF(AU22="", "", AU22+AW22), "") | AY22: =IF(AND(AT22<70, AX22<70), AN22, "") | BA22: =IF(AV22<>"", IF(AX22>=70, AX22, IF(AY22+AZ22>=70, AY22+AZ22, "")), IF(AR22<>"", IF(AT22>=70, AT22, ""), IF(AN22>=70, AN22, ""))) | BB22: =IF(AV22<>"", IF(AX22<70, IF(AY22+AZ22<70, AY22+AZ22, ""), ""), IF(AR22<>"", IF(AT22<70, AT22, ""), IF(AN22<70, AN22, ""))) -> 0 | BD22: =IF(AND(NOT(ISBLANK(AY22)), NOT(ISBLANK(AZ22))), AY22 + AZ22, "")
A23: 13 | B23: DOMINGUEZ MONTERO | C23: JADE YASELY | AJ23: =SUMIF(D23:D23, ">=70") / 4 +SUMIF(F23:F23, ">=70") / 4 +SUMIF(H23:H23, ">=70") / 4 +SUMIF(J23:J23, ">=70") / 4 + SUMIF(E23:E23, ">1") / 4 + SUMIF(G23:G23, ">1") / 4 + SUMIF(I23:I23, ">1") / 4 + SUMIF(K23:K23, ">1") / 4 -> 0 | AK23: =SUMIF(L23:L23, ">=70") / 4 +SUMIF(N23:N23, ">=70") / 4 +SUMIF(P23:P23, ">=70") / 4 +SUMIF(R23:R23, ">=70") / 4 + SUMIF(M23:M23, ">1") / 4 + SUMIF(O23:O23, ">1") / 4 + SUMIF(Q23:Q23, ">1") / 4 + SUMIF(S23:S23, ">1") / 4 -> 0 | AL23: =SUMIF(T23:T23, ">=70") / 4 +SUMIF(V23:V23, ">=70") / 4 +SUMIF(X23:X23, ">=70") / 4 +SUMIF(Z23:Z23, ">=70") / 4 + SUMIF(U23:U23, ">1") / 4 + SUMIF(W23:W23, ">1") / 4 + SUMIF(Y23:Y23, ">1") / 4 + SUMIF(AA23:AA23, ">1") / 4 -> 0 | AM23: =SUMIF(AB23:AB23, ">=65") / 4 +SUMIF(AD23:AD23, ">=65") / 4 +SUMIF(AF23:AF23, ">=65") / 4 +SUMIF(AH23:AH23, ">=65") / 4 + SUMIF(AC23:AC23, ">1") / 4 + SUMIF(AE23:AE23, ">1") / 4 + SUMIF(AG23:AG23, ">1") / 4 + SUMIF(AI23:AI23, ">1") / 4 -> 0 | AN23: =AVERAGE(AJ23:AM23) -> 0 | AQ23: =IF(AN23<70, AN23*0.5, "") -> 0 | AS23: =AR23*50% -> 0 | AT23: =IF(AR23<>"", IF(AQ23="","",AQ23+AS23), "") | AU23: =IF(AT23 < 70, AQ23*30%, "") | AW23: =AV23*70% -> 0 | AX23: =IF(AV23<>"", IF(AU23="", "", AU23+AW23), "") | AY23: =IF(AND(AT23<70, AX23<70), AN23, "") | BA23: =IF(AV23<>"", IF(AX23>=70, AX23, IF(AY23+AZ23>=70, AY23+AZ23, "")), IF(AR23<>"", IF(AT23>=70, AT23, ""), IF(AN23>=70, AN23, ""))) | BB23: =IF(AV23<>"", IF(AX23<70, IF(AY23+AZ23<70, AY23+AZ23, ""), ""), IF(AR23<>"", IF(AT23<70, AT23, ""), IF(AN23<70, AN23, ""))) -> 0 | BD23: =IF(AND(NOT(ISBLANK(AY23)), NOT(ISBLANK(AZ23))), AY23 + AZ23, "")
A24: 14 | B24: FERNANDEZ CUELLO | C24: JUAN FRANCISCO | AJ24: =SUMIF(D24:D24, ">=70") / 4 +SUMIF(F24:F24, ">=70") / 4 +SUMIF(H24:H24, ">=70") / 4 +SUMIF(J24:J24, ">=70") / 4 + SUMIF(E24:E24, ">1") / 4 + SUMIF(G24:G24, ">1") / 4 + SUMIF(I24:I24, ">1") / 4 + SUMIF(K24:K24, ">1") / 4 -> 0 | AK24: =SUMIF(L24:L24, ">=70") / 4 +SUMIF(N24:N24, ">=70") / 4 +SUMIF(P24:P24, ">=70") / 4 +SUMIF(R24:R24, ">=70") / 4 + SUMIF(M24:M24, ">1") / 4 + SUMIF(O24:O24, ">1") / 4 + SUMIF(Q24:Q24, ">1") / 4 + SUMIF(S24:S24, ">1") / 4 -> 0 | AL24: =SUMIF(T24:T24, ">=70") / 4 +SUMIF(V24:V24, ">=70") / 4 +SUMIF(X24:X24, ">=70") / 4 +SUMIF(Z24:Z24, ">=70") / 4 + SUMIF(U24:U24, ">1") / 4 + SUMIF(W24:W24, ">1") / 4 + SUMIF(Y24:Y24, ">1") / 4 + SUMIF(AA24:AA24, ">1") / 4 -> 0 | AM24: =SUMIF(AB24:AB24, ">=65") / 4 +SUMIF(AD24:AD24, ">=65") / 4 +SUMIF(AF24:AF24, ">=65") / 4 +SUMIF(AH24:AH24, ">=65") / 4 + SUMIF(AC24:AC24, ">1") / 4 + SUMIF(AE24:AE24, ">1") / 4 + SUMIF(AG24:AG24, ">1") / 4 + SUMIF(AI24:AI24, ">1") / 4 -> 0 | AN24: =AVERAGE(AJ24:AM24) -> 0 | AQ24: =IF(AN24<70, AN24*0.5, "") -> 0 | AS24: =AR24*50% -> 0 | AT24: =IF(AR24<>"", IF(AQ24="","",AQ24+AS24), "") | AU24: =IF(AT24 < 70, AQ24*30%, "") | AW24: =AV24*70% -> 0 | AX24: =IF(AV24<>"", IF(AU24="", "", AU24+AW24), "") | AY24: =IF(AND(AT24<70, AX24<70), AN24, "") | BA24: =IF(AV24<>"", IF(AX24>=70, AX24, IF(AY24+AZ24>=70, AY24+AZ24, "")), IF(AR24<>"", IF(AT24>=70, AT24, ""), IF(AN24>=70, AN24, ""))) | BB24: =IF(AV24<>"", IF(AX24<70, IF(AY24+AZ24<70, AY24+AZ24, ""), ""), IF(AR24<>"", IF(AT24<70, AT24, ""), IF(AN24<70, AN24, ""))) -> 0 | BD24: =IF(AND(NOT(ISBLANK(AY24)), NOT(ISBLANK(AZ24))), AY24 + AZ24, "")
A25: 15 | B25: GOIN HIPPOLYTE | C25: ABIGAELLE | D25: 84 | F25: 86 | H25: 82 | J25: 88 | L25: 85 | N25: 89 | P25: 86 | R25: 88 | T25: 86 | V25: 90 | X25: 87 | Z25: 89 | AB25: 90 | AD25: 94 | AF25: 91 | AH25: 93 | AJ25: =SUMIF(D25:D25, ">=70") / 4 +SUMIF(F25:F25, ">=70") / 4 +SUMIF(H25:H25, ">=70") / 4 +SUMIF(J25:J25, ">=70") / 4 + SUMIF(E25:E25, ">1") / 4 + SUMIF(G25:G25, ">1") / 4 + SUMIF(I25:I25, ">1") / 4 + SUMIF(K25:K25, ">1") / 4 -> 85 | AK25: =SUMIF(L25:L25, ">=70") / 4 +SUMIF(N25:N25, ">=70") / 4 +SUMIF(P25:P25, ">=70") / 4 +SUMIF(R25:R25, ">=70") / 4 + SUMIF(M25:M25, ">1") / 4 + SUMIF(O25:O25, ">1") / 4 + SUMIF(Q25:Q25, ">1") / 4 + SUMIF(S25:S25, ">1") / 4 -> 87 | AL25: =SUMIF(T25:T25, ">=70") / 4 +SUMIF(V25:V25, ">=70") / 4 +SUMIF(X25:X25, ">=70") / 4 +SUMIF(Z25:Z25, ">=70") / 4 + SUMIF(U25:U25, ">1") / 4 + SUMIF(W25:W25, ">1") / 4 + SUMIF(Y25:Y25, ">1") / 4 + SUMIF(AA25:AA25, ">1") / 4 -> 88 | AM25: =SUMIF(AB25:AB25, ">=65") / 4 +SUMIF(AD25:AD25, ">=65") / 4 +SUMIF(AF25:AF25, ">=65") / 4 +SUMIF(AH25:AH25, ">=65") / 4 + SUMIF(AC25:AC25, ">1") / 4 + SUMIF(AE25:AE25, ">1") / 4 + SUMIF(AG25:AG25, ">1") / 4 + SUMIF(AI25:AI25, ">1") / 4 -> 92 | AN25: =AVERAGE(AJ25:AM25) -> 88 | AQ25: =IF(AN25<70, AN25*0.5, "") | AS25: =AR25*50% -> 0 | AT25: =IF(AR25<>"", IF(AQ25="","",AQ25+AS25), "") | AU25: =IF(AT25 < 70, AQ25*30%, "") | AW25: =AV25*70% -> 0 | AX25: =IF(AV25<>"", IF(AU25="", "", AU25+AW25), "") | AY25: =IF(AND(AT25<70, AX25<70), AN25, "") | BA25: =IF(AV25<>"", IF(AX25>=70, AX25, IF(AY25+AZ25>=70, AY25+AZ25, "")), IF(AR25<>"", IF(AT25>=70, AT25, ""), IF(AN25>=70, AN25, ""))) -> 88 | BB25: =IF(AV25<>"", IF(AX25<70, IF(AY25+AZ25<70, AY25+AZ25, ""), ""), IF(AR25<>"", IF(AT25<70, AT25, ""), IF(AN25<70, AN25, ""))) | BD25: =IF(AND(NOT(ISBLANK(AY25)), NOT(ISBLANK(AZ25))), AY25 + AZ25, "")
A26: 16 | B26: HERNANDEZ SORIANO | C26: ELIAN | AJ26: =SUMIF(D26:D26, ">=70") / 4 +SUMIF(F26:F26, ">=70") / 4 +SUMIF(H26:H26, ">=70") / 4 +SUMIF(J26:J26, ">=70") / 4 + SUMIF(E26:E26, ">1") / 4 + SUMIF(G26:G26, ">1") / 4 + SUMIF(I26:I26, ">1") / 4 + SUMIF(K26:K26, ">1") / 4 -> 0 | AK26: =SUMIF(L26:L26, ">=70") / 4 +SUMIF(N26:N26, ">=70") / 4 +SUMIF(P26:P26, ">=70") / 4 +SUMIF(R26:R26, ">=70") / 4 + SUMIF(M26:M26, ">1") / 4 + SUMIF(O26:O26, ">1") / 4 + SUMIF(Q26:Q26, ">1") / 4 + SUMIF(S26:S26, ">1") / 4 -> 0 | AL26: =SUMIF(T26:T26, ">=70") / 4 +SUMIF(V26:V26, ">=70") / 4 +SUMIF(X26:X26, ">=70") / 4 +SUMIF(Z26:Z26, ">=70") / 4 + SUMIF(U26:U26, ">1") / 4 + SUMIF(W26:W26, ">1") / 4 + SUMIF(Y26:Y26, ">1") / 4 + SUMIF(AA26:AA26, ">1") / 4 -> 0 | AM26: =SUMIF(AB26:AB26, ">=65") / 4 +SUMIF(AD26:AD26, ">=65") / 4 +SUMIF(AF26:AF26, ">=65") / 4 +SUMIF(AH26:AH26, ">=65") / 4 + SUMIF(AC26:AC26, ">1") / 4 + SUMIF(AE26:AE26, ">1") / 4 + SUMIF(AG26:AG26, ">1") / 4 + SUMIF(AI26:AI26, ">1") / 4 -> 0 | AN26: =AVERAGE(AJ26:AM26) -> 0 | AQ26: =IF(AN26<70, AN26*0.5, "") -> 0 | AS26: =AR26*50% -> 0 | AT26: =IF(AR26<>"", IF(AQ26="","",AQ26+AS26), "") | AU26: =IF(AT26 < 70, AQ26*30%, "") | AW26: =AV26*70% -> 0 | AX26: =IF(AV26<>"", IF(AU26="", "", AU26+AW26), "") | AY26: =IF(AND(AT26<70, AX26<70), AN26, "") | BA26: =IF(AV26<>"", IF(AX26>=70, AX26, IF(AY26+AZ26>=70, AY26+AZ26, "")), IF(AR26<>"", IF(AT26>=70, AT26, ""), IF(AN26>=70, AN26, ""))) | BB26: =IF(AV26<>"", IF(AX26<70, IF(AY26+AZ26<70, AY26+AZ26, ""), ""), IF(AR26<>"", IF(AT26<70, AT26, ""), IF(AN26<70, AN26, ""))) -> 0 | BD26: =IF(AND(NOT(ISBLANK(AY26)), NOT(ISBLANK(AZ26))), AY26 + AZ26, "")
A27: 17 | B27: JANVIER CORASME | C27: GISELENE | AJ27: =SUMIF(D27:D27, ">=70") / 4 +SUMIF(F27:F27, ">=70") / 4 +SUMIF(H27:H27, ">=70") / 4 +SUMIF(J27:J27, ">=70") / 4 + SUMIF(E27:E27, ">1") / 4 + SUMIF(G27:G27, ">1") / 4 + SUMIF(I27:I27, ">1") / 4 + SUMIF(K27:K27, ">1") / 4 -> 0 | AK27: =SUMIF(L27:L27, ">=70") / 4 +SUMIF(N27:N27, ">=70") / 4 +SUMIF(P27:P27, ">=70") / 4 +SUMIF(R27:R27, ">=70") / 4 + SUMIF(M27:M27, ">1") / 4 + SUMIF(O27:O27, ">1") / 4 + SUMIF(Q27:Q27, ">1") / 4 + SUMIF(S27:S27, ">1") / 4 -> 0 | AL27: =SUMIF(T27:T27, ">=70") / 4 +SUMIF(V27:V27, ">=70") / 4 +SUMIF(X27:X27, ">=70") / 4 +SUMIF(Z27:Z27, ">=70") / 4 + SUMIF(U27:U27, ">1") / 4 + SUMIF(W27:W27, ">1") / 4 + SUMIF(Y27:Y27, ">1") / 4 + SUMIF(AA27:AA27, ">1") / 4 -> 0 | AM27: =SUMIF(AB27:AB27, ">=65") / 4 +SUMIF(AD27:AD27, ">=65") / 4 +SUMIF(AF27:AF27, ">=65") / 4 +SUMIF(AH27:AH27, ">=65") / 4 + SUMIF(AC27:AC27, ">1") / 4 + SUMIF(AE27:AE27, ">1") / 4 + SUMIF(AG27:AG27, ">1") / 4 + SUMIF(AI27:AI27, ">1") / 4 -> 0 | AN27: =AVERAGE(AJ27:AM27) -> 0 | AQ27: =IF(AN27<70, AN27*0.5, "") -> 0 | AS27: =AR27*50% -> 0 | AT27: =IF(AR27<>"", IF(AQ27="","",AQ27+AS27), "") | AU27: =IF(AT27 < 70, AQ27*30%, "") | AW27: =AV27*70% -> 0 | AX27: =IF(AV27<>"", IF(AU27="", "", AU27+AW27), "") | AY27: =IF(AND(AT27<70, AX27<70), AN27, "") | BA27: =IF(AV27<>"", IF(AX27>=70, AX27, IF(AY27+AZ27>=70, AY27+AZ27, "")), IF(AR27<>"", IF(AT27>=70, AT27, ""), IF(AN27>=70, AN27, ""))) | BB27: =IF(AV27<>"", IF(AX27<70, IF(AY27+AZ27<70, AY27+AZ27, ""), ""), IF(AR27<>"", IF(AT27<70, AT27, ""), IF(AN27<70, AN27, ""))) -> 0 | BD27: =IF(AND(NOT(ISBLANK(AY27)), NOT(ISBLANK(AZ27))), AY27 + AZ27, "")
A28: 18 | B28: JEAN BAPTISTE | C28: ESTEICI | D28: 77 | F28: 79 | H28: 76 | J28: 80 | L28: 81 | N28: 83 | P28: 80 | R28: 84 | T28: 86 | V28: 88 | X28: 85 | Z28: 89 | AB28: 88 | AD28: 90 | AF28: 88 | AH28: 90 | AJ28: =SUMIF(D28:D28, ">=70") / 4 +SUMIF(F28:F28, ">=70") / 4 +SUMIF(H28:H28, ">=70") / 4 +SUMIF(J28:J28, ">=70") / 4 + SUMIF(E28:E28, ">1") / 4 + SUMIF(G28:G28, ">1") / 4 + SUMIF(I28:I28, ">1") / 4 + SUMIF(K28:K28, ">1") / 4 -> 78 | AK28: =SUMIF(L28:L28, ">=70") / 4 +SUMIF(N28:N28, ">=70") / 4 +SUMIF(P28:P28, ">=70") / 4 +SUMIF(R28:R28, ">=70") / 4 + SUMIF(M28:M28, ">1") / 4 + SUMIF(O28:O28, ">1") / 4 + SUMIF(Q28:Q28, ">1") / 4 + SUMIF(S28:S28, ">1") / 4 -> 82 | AL28: =SUMIF(T28:T28, ">=70") / 4 +SUMIF(V28:V28, ">=70") / 4 +SUMIF(X28:X28, ">=70") / 4 +SUMIF(Z28:Z28, ">=70") / 4 + SUMIF(U28:U28, ">1") / 4 + SUMIF(W28:W28, ">1") / 4 + SUMIF(Y28:Y28, ">1") / 4 + SUMIF(AA28:AA28, ">1") / 4 -> 87 | AM28: =SUMIF(AB28:AB28, ">=65") / 4 +SUMIF(AD28:AD28, ">=65") / 4 +SUMIF(AF28:AF28, ">=65") / 4 +SUMIF(AH28:AH28, ">=65") / 4 + SUMIF(AC28:AC28, ">1") / 4 + SUMIF(AE28:AE28, ">1") / 4 + SUMIF(AG28:AG28, ">1") / 4 + SUMIF(AI28:AI28, ">1") / 4 -> 89 | AN28: =AVERAGE(AJ28:AM28) -> 84 | AQ28: =IF(AN28<70, AN28*0.5, "") | AS28: =AR28*50% -> 0 | AT28: =IF(AR28<>"", IF(AQ28="","",AQ28+AS28), "") | AU28: =IF(AT28 < 70, AQ28*30%, "") | AW28: =AV28*70% -> 0 | AX28: =IF(AV28<>"", IF(AU28="", "", AU28+AW28), "") | AY28: =IF(AND(AT28<70, AX28<70), AN28, "") | BA28: =IF(AV28<>"", IF(AX28>=70, AX28, IF(AY28+AZ28>=70, AY28+AZ28, "")), IF(AR28<>"", IF(AT28>=70, AT28, ""), IF(AN28>=70, AN28, ""))) -> 84 | BB28: =IF(AV28<>"", IF(AX28<70, IF(AY28+AZ28<70, AY28+AZ28, ""), ""), IF(AR28<>"", IF(AT28<70, AT28, ""), IF(AN28<70, AN28, ""))) | BD28: =IF(AND(NOT(ISBLANK(AY28)), NOT(ISBLANK(AZ28))), AY28 + AZ28, "")
A29: 19 | B29: JIMENEZ PAYANO | C29: ANDY JUNIOR | AJ29: =SUMIF(D29:D29, ">=70") / 4 +SUMIF(F29:F29, ">=70") / 4 +SUMIF(H29:H29, ">=70") / 4 +SUMIF(J29:J29, ">=70") / 4 + SUMIF(E29:E29, ">1") / 4 + SUMIF(G29:G29, ">1") / 4 + SUMIF(I29:I29, ">1") / 4 + SUMIF(K29:K29, ">1") / 4 -> 0 | AK29: =SUMIF(L29:L29, ">=70") / 4 +SUMIF(N29:N29, ">=70") / 4 +SUMIF(P29:P29, ">=70") / 4 +SUMIF(R29:R29, ">=70") / 4 + SUMIF(M29:M29, ">1") / 4 + SUMIF(O29:O29, ">1") / 4 + SUMIF(Q29:Q29, ">1") / 4 + SUMIF(S29:S29, ">1") / 4 -> 0 | AL29: =SUMIF(T29:T29, ">=70") / 4 +SUMIF(V29:V29, ">=70") / 4 +SUMIF(X29:X29, ">=70") / 4 +SUMIF(Z29:Z29, ">=70") / 4 + SUMIF(U29:U29, ">1") / 4 + SUMIF(W29:W29, ">1") / 4 + SUMIF(Y29:Y29, ">1") / 4 + SUMIF(AA29:AA29, ">1") / 4 -> 0 | AM29: =SUMIF(AB29:AB29, ">=65") / 4 +SUMIF(AD29:AD29, ">=65") / 4 +SUMIF(AF29:AF29, ">=65") / 4 +SUMIF(AH29:AH29, ">=65") / 4 + SUMIF(AC29:AC29, ">1") / 4 + SUMIF(AE29:AE29, ">1") / 4 + SUMIF(AG29:AG29, ">1") / 4 + SUMIF(AI29:AI29, ">1") / 4 -> 0 | AN29: =AVERAGE(AJ29:AM29) -> 0 | AQ29: =IF(AN29<70, AN29*0.5, "") -> 0 | AS29: =AR29*50% -> 0 | AT29: =IF(AR29<>"", IF(AQ29="","",AQ29+AS29), "") | AU29: =IF(AT29 < 70, AQ29*30%, "") | AW29: =AV29*70% -> 0 | AX29: =IF(AV29<>"", IF(AU29="", "", AU29+AW29), "") | AY29: =IF(AND(AT29<70, AX29<70), AN29, "") | BA29: =IF(AV29<>"", IF(AX29>=70, AX29, IF(AY29+AZ29>=70, AY29+AZ29, "")), IF(AR29<>"", IF(AT29>=70, AT29, ""), IF(AN29>=70, AN29, ""))) | BB29: =IF(AV29<>"", IF(AX29<70, IF(AY29+AZ29<70, AY29+AZ29, ""), ""), IF(AR29<>"", IF(AT29<70, AT29, ""), IF(AN29<70, AN29, ""))) -> 0 | BD29: =IF(AND(NOT(ISBLANK(AY29)), NOT(ISBLANK(AZ29))), AY29 + AZ29, "")
A30: 20 | B30: MONTAS LOPEZ | C30: EDUARDO AUGUSTO | AJ30: =SUMIF(D30:D30, ">=70") / 4 +SUMIF(F30:F30, ">=70") / 4 +SUMIF(H30:H30, ">=70") / 4 +SUMIF(J30:J30, ">=70") / 4 + SUMIF(E30:E30, ">1") / 4 + SUMIF(G30:G30, ">1") / 4 + SUMIF(I30:I30, ">1") / 4 + SUMIF(K30:K30, ">1") / 4 -> 0 | AK30: =SUMIF(L30:L30, ">=70") / 4 +SUMIF(N30:N30, ">=70") / 4 +SUMIF(P30:P30, ">=70") / 4 +SUMIF(R30:R30, ">=70") / 4 + SUMIF(M30:M30, ">1") / 4 + SUMIF(O30:O30, ">1") / 4 + SUMIF(Q30:Q30, ">1") / 4 + SUMIF(S30:S30, ">1") / 4 -> 0 | AL30: =SUMIF(T30:T30, ">=70") / 4 +SUMIF(V30:V30, ">=70") / 4 +SUMIF(X30:X30, ">=70") / 4 +SUMIF(Z30:Z30, ">=70") / 4 + SUMIF(U30:U30, ">1") / 4 + SUMIF(W30:W30, ">1") / 4 + SUMIF(Y30:Y30, ">1") / 4 + SUMIF(AA30:AA30, ">1") / 4 -> 0 | AM30: =SUMIF(AB30:AB30, ">=65") / 4 +SUMIF(AD30:AD30, ">=65") / 4 +SUMIF(AF30:AF30, ">=65") / 4 +SUMIF(AH30:AH30, ">=65") / 4 + SUMIF(AC30:AC30, ">1") / 4 + SUMIF(AE30:AE30, ">1") / 4 + SUMIF(AG30:AG30, ">1") / 4 + SUMIF(AI30:AI30, ">1") / 4 -> 0 | AN30: =AVERAGE(AJ30:AM30) -> 0 | AQ30: =IF(AN30<70, AN30*0.5, "") -> 0 | AS30: =AR30*50% -> 0 | AT30: =IF(AR30<>"", IF(AQ30="","",AQ30+AS30), "") | AU30: =IF(AT30 < 70, AQ30*30%, "") | AW30: =AV30*70% -> 0 | AX30: =IF(AV30<>"", IF(AU30="", "", AU30+AW30), "") | AY30: =IF(AND(AT30<70, AX30<70), AN30, "") | BA30: =IF(AV30<>"", IF(AX30>=70, AX30, IF(AY30+AZ30>=70, AY30+AZ30, "")), IF(AR30<>"", IF(AT30>=70, AT30, ""), IF(AN30>=70, AN30, ""))) | BB30: =IF(AV30<>"", IF(AX30<70, IF(AY30+AZ30<70, AY30+AZ30, ""), ""), IF(AR30<>"", IF(AT30<70, AT30, ""), IF(AN30<70, AN30, ""))) -> 0 | BD30: =IF(AND(NOT(ISBLANK(AY30)), NOT(ISBLANK(AZ30))), AY30 + AZ30, "")
A31: 21 | B31: MORALES DE LA CRUZ | C31: FREDELIN NATANAEL | AJ31: =SUMIF(D31:D31, ">=70") / 4 +SUMIF(F31:F31, ">=70") / 4 +SUMIF(H31:H31, ">=70") / 4 +SUMIF(J31:J31, ">=70") / 4 + SUMIF(E31:E31, ">1") / 4 + SUMIF(G31:G31, ">1") / 4 + SUMIF(I31:I31, ">1") / 4 + SUMIF(K31:K31, ">1") / 4 -> 0 | AK31: =SUMIF(L31:L31, ">=70") / 4 +SUMIF(N31:N31, ">=70") / 4 +SUMIF(P31:P31, ">=70") / 4 +SUMIF(R31:R31, ">=70") / 4 + SUMIF(M31:M31, ">1") / 4 + SUMIF(O31:O31, ">1") / 4 + SUMIF(Q31:Q31, ">1") / 4 + SUMIF(S31:S31, ">1") / 4 -> 0 | AL31: =SUMIF(T31:T31, ">=70") / 4 +SUMIF(V31:V31, ">=70") / 4 +SUMIF(X31:X31, ">=70") / 4 +SUMIF(Z31:Z31, ">=70") / 4 + SUMIF(U31:U31, ">1") / 4 + SUMIF(W31:W31, ">1") / 4 + SUMIF(Y31:Y31, ">1") / 4 + SUMIF(AA31:AA31, ">1") / 4 -> 0 | AM31: =SUMIF(AB31:AB31, ">=65") / 4 +SUMIF(AD31:AD31, ">=65") / 4 +SUMIF(AF31:AF31, ">=65") / 4 +SUMIF(AH31:AH31, ">=65") / 4 + SUMIF(AC31:AC31, ">1") / 4 + SUMIF(AE31:AE31, ">1") / 4 + SUMIF(AG31:AG31, ">1") / 4 + SUMIF(AI31:AI31, ">1") / 4 -> 0 | AN31: =AVERAGE(AJ31:AM31) -> 0 | AQ31: =IF(AN31<70, AN31*0.5, "") -> 0 | AS31: =AR31*50% -> 0 | AT31: =IF(AR31<>"", IF(AQ31="","",AQ31+AS31), "") | AU31: =IF(AT31 < 70, AQ31*30%, "") | AW31: =AV31*70% -> 0 | AX31: =IF(AV31<>"", IF(AU31="", "", AU31+AW31), "") | AY31: =IF(AND(AT31<70, AX31<70), AN31, "") | BA31: =IF(AV31<>"", IF(AX31>=70, AX31, IF(AY31+AZ31>=70, AY31+AZ31, "")), IF(AR31<>"", IF(AT31>=70, AT31, ""), IF(AN31>=70, AN31, ""))) | BB31: =IF(AV31<>"", IF(AX31<70, IF(AY31+AZ31<70, AY31+AZ31, ""), ""), IF(AR31<>"", IF(AT31<70, AT31, ""), IF(AN31<70, AN31, ""))) -> 0 | BD31: =IF(AND(NOT(ISBLANK(AY31)), NOT(ISBLANK(AZ31))), AY31 + AZ31, "")
A32: 22 | B32: ORTIZ | C32: GERMAYORI | D32: 80 | F32: 81 | H32: 82 | J32: 81 | L32: 82 | N32: 84 | P32: 80 | R32: 86 | T32: 79 | V32: 80 | X32: 81 | Z32: 80 | AB32: 83 | AD32: 85 | AF32: 82 | AH32: 86 | AJ32: =SUMIF(D32:D32, ">=70") / 4 +SUMIF(F32:F32, ">=70") / 4 +SUMIF(H32:H32, ">=70") / 4 +SUMIF(J32:J32, ">=70") / 4 + SUMIF(E32:E32, ">1") / 4 + SUMIF(G32:G32, ">1") / 4 + SUMIF(I32:I32, ">1") / 4 + SUMIF(K32:K32, ">1") / 4 -> 81 | AK32: =SUMIF(L32:L32, ">=70") / 4 +SUMIF(N32:N32, ">=70") / 4 +SUMIF(P32:P32, ">=70") / 4 +SUMIF(R32:R32, ">=70") / 4 + SUMIF(M32:M32, ">1") / 4 + SUMIF(O32:O32, ">1") / 4 + SUMIF(Q32:Q32, ">1") / 4 + SUMIF(S32:S32, ">1") / 4 -> 83 | AL32: =SUMIF(T32:T32, ">=70") / 4 +SUMIF(V32:V32, ">=70") / 4 +SUMIF(X32:X32, ">=70") / 4 +SUMIF(Z32:Z32, ">=70") / 4 + SUMIF(U32:U32, ">1") / 4 + SUMIF(W32:W32, ">1") / 4 + SUMIF(Y32:Y32, ">1") / 4 + SUMIF(AA32:AA32, ">1") / 4 -> 80 | AM32: =SUMIF(AB32:AB32, ">=65") / 4 +SUMIF(AD32:AD32, ">=65") / 4 +SUMIF(AF32:AF32, ">=65") / 4 +SUMIF(AH32:AH32, ">=65") / 4 + SUMIF(AC32:AC32, ">1") / 4 + SUMIF(AE32:AE32, ">1") / 4 + SUMIF(AG32:AG32, ">1") / 4 + SUMIF(AI32:AI32, ">1") / 4 -> 84 | AN32: =AVERAGE(AJ32:AM32) -> 82 | AQ32: =IF(AN32<70, AN32*0.5, "") | AS32: =AR32*50% -> 0 | AT32: =IF(AR32<>"", IF(AQ32="","",AQ32+AS32), "") | AU32: =IF(AT32 < 70, AQ32*30%, "") | AW32: =AV32*70% -> 0 | AX32: =IF(AV32<>"", IF(AU32="", "", AU32+AW32), "") | AY32: =IF(AND(AT32<70, AX32<70), AN32, "") | BA32: =IF(AV32<>"", IF(AX32>=70, AX32, IF(AY32+AZ32>=70, AY32+AZ32, "")), IF(AR32<>"", IF(AT32>=70, AT32, ""), IF(AN32>=70, AN32, ""))) -> 82 | BB32: =IF(AV32<>"", IF(AX32<70, IF(AY32+AZ32<70, AY32+AZ32, ""), ""), IF(AR32<>"", IF(AT32<70, AT32, ""), IF(AN32<70, AN32, ""))) | BD32: =IF(AND(NOT(ISBLANK(AY32)), NOT(ISBLANK(AZ32))), AY32 + AZ32, "")
A33: 23 | B33: PAYANO BURGOS | C33: JONAS | AJ33: =SUMIF(D33:D33, ">=70") / 4 +SUMIF(F33:F33, ">=70") / 4 +SUMIF(H33:H33, ">=70") / 4 +SUMIF(J33:J33, ">=70") / 4 + SUMIF(E33:E33, ">1") / 4 + SUMIF(G33:G33, ">1") / 4 + SUMIF(I33:I33, ">1") / 4 + SUMIF(K33:K33, ">1") / 4 -> 0 | AK33: =SUMIF(L33:L33, ">=70") / 4 +SUMIF(N33:N33, ">=70") / 4 +SUMIF(P33:P33, ">=70") / 4 +SUMIF(R33:R33, ">=70") / 4 + SUMIF(M33:M33, ">1") / 4 + SUMIF(O33:O33, ">1") / 4 + SUMIF(Q33:Q33, ">1") / 4 + SUMIF(S33:S33, ">1") / 4 -> 0 | AL33: =SUMIF(T33:T33, ">=70") / 4 +SUMIF(V33:V33, ">=70") / 4 +SUMIF(X33:X33, ">=70") / 4 +SUMIF(Z33:Z33, ">=70") / 4 + SUMIF(U33:U33, ">1") / 4 + SUMIF(W33:W33, ">1") / 4 + SUMIF(Y33:Y33, ">1") / 4 + SUMIF(AA33:AA33, ">1") / 4 -> 0 | AM33: =SUMIF(AB33:AB33, ">=65") / 4 +SUMIF(AD33:AD33, ">=65") / 4 +SUMIF(AF33:AF33, ">=65") / 4 +SUMIF(AH33:AH33, ">=65") / 4 + SUMIF(AC33:AC33, ">1") / 4 + SUMIF(AE33:AE33, ">1") / 4 + SUMIF(AG33:AG33, ">1") / 4 + SUMIF(AI33:AI33, ">1") / 4 -> 0 | AN33: =AVERAGE(AJ33:AM33) -> 0 | AQ33: =IF(AN33<70, AN33*0.5, "") -> 0 | AS33: =AR33*50% -> 0 | AT33: =IF(AR33<>"", IF(AQ33="","",AQ33+AS33), "") | AU33: =IF(AT33 < 70, AQ33*30%, "") | AW33: =AV33*70% -> 0 | AX33: =IF(AV33<>"", IF(AU33="", "", AU33+AW33), "") | AY33: =IF(AND(AT33<70, AX33<70), AN33, "") | BA33: =IF(AV33<>"", IF(AX33>=70, AX33, IF(AY33+AZ33>=70, AY33+AZ33, "")), IF(AR33<>"", IF(AT33>=70, AT33, ""), IF(AN33>=70, AN33, ""))) | BB33: =IF(AV33<>"", IF(AX33<70, IF(AY33+AZ33<70, AY33+AZ33, ""), ""), IF(AR33<>"", IF(AT33<70, AT33, ""), IF(AN33<70, AN33, ""))) -> 0 | BD33: =IF(AND(NOT(ISBLANK(AY33)), NOT(ISBLANK(AZ33))), AY33 + AZ33, "")
A34: 24 | B34: PEREZ ROSARIO | C34: HANSEL JUAN | AJ34: =SUMIF(D34:D34, ">=70") / 4 +SUMIF(F34:F34, ">=70") / 4 +SUMIF(H34:H34, ">=70") / 4 +SUMIF(J34:J34, ">=70") / 4 + SUMIF(E34:E34, ">1") / 4 + SUMIF(G34:G34, ">1") / 4 + SUMIF(I34:I34, ">1") / 4 + SUMIF(K34:K34, ">1") / 4 -> 0 | AK34: =SUMIF(L34:L34, ">=70") / 4 +SUMIF(N34:N34, ">=70") / 4 +SUMIF(P34:P34, ">=70") / 4 +SUMIF(R34:R34, ">=70") / 4 + SUMIF(M34:M34, ">1") / 4 + SUMIF(O34:O34, ">1") / 4 + SUMIF(Q34:Q34, ">1") / 4 + SUMIF(S34:S34, ">1") / 4 -> 0 | AL34: =SUMIF(T34:T34, ">=70") / 4 +SUMIF(V34:V34, ">=70") / 4 +SUMIF(X34:X34, ">=70") / 4 +SUMIF(Z34:Z34, ">=70") / 4 + SUMIF(U34:U34, ">1") / 4 + SUMIF(W34:W34, ">1") / 4 + SUMIF(Y34:Y34, ">1") / 4 + SUMIF(AA34:AA34, ">1") / 4 -> 0 | AM34: =SUMIF(AB34:AB34, ">=65") / 4 +SUMIF(AD34:AD34, ">=65") / 4 +SUMIF(AF34:AF34, ">=65") / 4 +SUMIF(AH34:AH34, ">=65") / 4 + SUMIF(AC34:AC34, ">1") / 4 + SUMIF(AE34:AE34, ">1") / 4 + SUMIF(AG34:AG34, ">1") / 4 + SUMIF(AI34:AI34, ">1") / 4 -> 0 | AN34: =AVERAGE(AJ34:AM34) -> 0 | AQ34: =IF(AN34<70, AN34*0.5, "") -> 0 | AS34: =AR34*50% -> 0 | AT34: =IF(AR34<>"", IF(AQ34="","",AQ34+AS34), "") | AU34: =IF(AT34 < 70, AQ34*30%, "") | AW34: =AV34*70% -> 0 | AX34: =IF(AV34<>"", IF(AU34="", "", AU34+AW34), "") | AY34: =IF(AND(AT34<70, AX34<70), AN34, "") | BA34: =IF(AV34<>"", IF(AX34>=70, AX34, IF(AY34+AZ34>=70, AY34+AZ34, "")), IF(AR34<>"", IF(AT34>=70, AT34, ""), IF(AN34>=70, AN34, ""))) | BB34: =IF(AV34<>"", IF(AX34<70, IF(AY34+AZ34<70, AY34+AZ34, ""), ""), IF(AR34<>"", IF(AT34<70, AT34, ""), IF(AN34<70, AN34, ""))) -> 0 | BD34: =IF(AND(NOT(ISBLANK(AY34)), NOT(ISBLANK(AZ34))), AY34 + AZ34, "")
A35: 25 | B35: PIERRE | C35: MALAIKA | D35: 78 | F35: 80 | H35: 77 | J35: 81 | L35: 80 | N35: 81 | P35: 82 | R35: 81 | T35: 84 | V35: 86 | X35: 83 | Z35: 87 | AB35: 86 | AD35: 88 | AF35: 85 | AH35: 88 | AJ35: =SUMIF(D35:D35, ">=70") / 4 +SUMIF(F35:F35, ">=70") / 4 +SUMIF(H35:H35, ">=70") / 4 +SUMIF(J35:J35, ">=70") / 4 + SUMIF(E35:E35, ">1") / 4 + SUMIF(G35:G35, ">1") / 4 + SUMIF(I35:I35, ">1") / 4 + SUMIF(K35:K35, ">1") / 4 -> 79 | AK35: =SUMIF(L35:L35, ">=70") / 4 +SUMIF(N35:N35, ">=70") / 4 +SUMIF(P35:P35, ">=70") / 4 +SUMIF(R35:R35, ">=70") / 4 + SUMIF(M35:M35, ">1") / 4 + SUMIF(O35:O35, ">1") / 4 + SUMIF(Q35:Q35, ">1") / 4 + SUMIF(S35:S35, ">1") / 4 -> 81 | AL35: =SUMIF(T35:T35, ">=70") / 4 +SUMIF(V35:V35, ">=70") / 4 +SUMIF(X35:X35, ">=70") / 4 +SUMIF(Z35:Z35, ">=70") / 4 + SUMIF(U35:U35, ">1") / 4 + SUMIF(W35:W35, ">1") / 4 + SUMIF(Y35:Y35, ">1") / 4 + SUMIF(AA35:AA35, ">1") / 4 -> 85 | AM35: =SUMIF(AB35:AB35, ">=65") / 4 +SUMIF(AD35:AD35, ">=65") / 4 +SUMIF(AF35:AF35, ">=65") / 4 +SUMIF(AH35:AH35, ">=65") / 4 + SUMIF(AC35:AC35, ">1") / 4 + SUMIF(AE35:AE35, ">1") / 4 + SUMIF(AG35:AG35, ">1") / 4 + SUMIF(AI35:AI35, ">1") / 4 -> 86.75 | AN35: =AVERAGE(AJ35:AM35) -> 82.9375 | AQ35: =IF(AN35<70, AN35*0.5, "") | AS35: =AR35*50% -> 0 | AT35: =IF(AR35<>"", IF(AQ35="","",AQ35+AS35), "") | AU35: =IF(AT35 < 70, AQ35*30%, "") | AW35: =AV35*70% -> 0 | AX35: =IF(AV35<>"", IF(AU35="", "", AU35+AW35), "") | AY35: =IF(AND(AT35<70, AX35<70), AN35, "") | BA35: =IF(AV35<>"", IF(AX35>=70, AX35, IF(AY35+AZ35>=70, AY35+AZ35, "")), IF(AR35<>"", IF(AT35>=70, AT35, ""), IF(AN35>=70, AN35, ""))) -> 82.9375 | BB35: =IF(AV35<>"", IF(AX35<70, IF(AY35+AZ35<70, AY35+AZ35, ""), ""), IF(AR35<>"", IF(AT35<70, AT35, ""), IF(AN35<70, AN35, ""))) | BD35: =IF(AND(NOT(ISBLANK(AY35)), NOT(ISBLANK(AZ35))), AY35 + AZ35, "")
A36: 26 | B36: PIERRE | C36: WILMELISA | AJ36: =SUMIF(D36:D36, ">=70") / 4 +SUMIF(F36:F36, ">=70") / 4 +SUMIF(H36:H36, ">=70") / 4 +SUMIF(J36:J36, ">=70") / 4 + SUMIF(E36:E36, ">1") / 4 + SUMIF(G36:G36, ">1") / 4 + SUMIF(I36:I36, ">1") / 4 + SUMIF(K36:K36, ">1") / 4 -> 0 | AK36: =SUMIF(L36:L36, ">=70") / 4 +SUMIF(N36:N36, ">=70") / 4 +SUMIF(P36:P36, ">=70") / 4 +SUMIF(R36:R36, ">=70") / 4 + SUMIF(M36:M36, ">1") / 4 + SUMIF(O36:O36, ">1") / 4 + SUMIF(Q36:Q36, ">1") / 4 + SUMIF(S36:S36, ">1") / 4 -> 0 | AL36: =SUMIF(T36:T36, ">=70") / 4 +SUMIF(V36:V36, ">=70") / 4 +SUMIF(X36:X36, ">=70") / 4 +SUMIF(Z36:Z36, ">=70") / 4 + SUMIF(U36:U36, ">1") / 4 + SUMIF(W36:W36, ">1") / 4 + SUMIF(Y36:Y36, ">1") / 4 + SUMIF(AA36:AA36, ">1") / 4 -> 0 | AM36: =SUMIF(AB36:AB36, ">=65") / 4 +SUMIF(AD36:AD36, ">=65") / 4 +SUMIF(AF36:AF36, ">=65") / 4 +SUMIF(AH36:AH36, ">=65") / 4 + SUMIF(AC36:AC36, ">1") / 4 + SUMIF(AE36:AE36, ">1") / 4 + SUMIF(AG36:AG36, ">1") / 4 + SUMIF(AI36:AI36, ">1") / 4 -> 0 | AN36: =AVERAGE(AJ36:AM36) -> 0 | AQ36: =IF(AN36<70, AN36*0.5, "") -> 0 | AS36: =AR36*50% -> 0 | AT36: =IF(AR36<>"", IF(AQ36="","",AQ36+AS36), "") | AU36: =IF(AT36 < 70, AQ36*30%, "") | AW36: =AV36*70% -> 0 | AX36: =IF(AV36<>"", IF(AU36="", "", AU36+AW36), "") | AY36: =IF(AND(AT36<70, AX36<70), AN36, "") | BA36: =IF(AV36<>"", IF(AX36>=70, AX36, IF(AY36+AZ36>=70, AY36+AZ36, "")), IF(AR36<>"", IF(AT36>=70, AT36, ""), IF(AN36>=70, AN36, ""))) | BB36: =IF(AV36<>"", IF(AX36<70, IF(AY36+AZ36<70, AY36+AZ36, ""), ""), IF(AR36<>"", IF(AT36<70, AT36, ""), IF(AN36<70, AN36, ""))) -> 0 | BD36: =IF(AND(NOT(ISBLANK(AY36)), NOT(ISBLANK(AZ36))), AY36 + AZ36, "")
A37: 27 | B37: POZO PEREZ | C37: YAFREISY | D37: 91 | F37: 93 | H37: 90 | J37: 94 | L37: 95 | N37: 97 | P37: 94 | R37: 98 | T37: 92 | V37: 94 | X37: 91 | Z37: 95 | AB37: 94 | AD37: 96 | AF37: 93 | AH37: 97 | AJ37: =SUMIF(D37:D37, ">=70") / 4 +SUMIF(F37:F37, ">=70") / 4 +SUMIF(H37:H37, ">=70") / 4 +SUMIF(J37:J37, ">=70") / 4 + SUMIF(E37:E37, ">1") / 4 + SUMIF(G37:G37, ">1") / 4 + SUMIF(I37:I37, ">1") / 4 + SUMIF(K37:K37, ">1") / 4 -> 92 | AK37: =SUMIF(L37:L37, ">=70") / 4 +SUMIF(N37:N37, ">=70") / 4 +SUMIF(P37:P37, ">=70") / 4 +SUMIF(R37:R37, ">=70") / 4 + SUMIF(M37:M37, ">1") / 4 + SUMIF(O37:O37, ">1") / 4 + SUMIF(Q37:Q37, ">1") / 4 + SUMIF(S37:S37, ">1") / 4 -> 96 | AL37: =SUMIF(T37:T37, ">=70") / 4 +SUMIF(V37:V37, ">=70") / 4 +SUMIF(X37:X37, ">=70") / 4 +SUMIF(Z37:Z37, ">=70") / 4 + SUMIF(U37:U37, ">1") / 4 + SUMIF(W37:W37, ">1") / 4 + SUMIF(Y37:Y37, ">1") / 4 + SUMIF(AA37:AA37, ">1") / 4 -> 93 | AM37: =SUMIF(AB37:AB37, ">=65") / 4 +SUMIF(AD37:AD37, ">=65") / 4 +SUMIF(AF37:AF37, ">=65") / 4 +SUMIF(AH37:AH37, ">=65") / 4 + SUMIF(AC37:AC37, ">1") / 4 + SUMIF(AE37:AE37, ">1") / 4 + SUMIF(AG37:AG37, ">1") / 4 + SUMIF(AI37:AI37, ">1") / 4 -> 95 | AN37: =AVERAGE(AJ37:AM37) -> 94 | AQ37: =IF(AN37<70, AN37*0.5, "") | AS37: =AR37*50% -> 0 | AT37: =IF(AR37<>"", IF(AQ37="","",AQ37+AS37), "") | AU37: =IF(AT37 < 70, AQ37*30%, "") | AW37: =AV37*70% -> 0 | AX37: =IF(AV37<>"", IF(AU37="", "", AU37+AW37), "") | AY37: =IF(AND(AT37<70, AX37<70), AN37, "") | BA37: =IF(AV37<>"", IF(AX37>=70, AX37, IF(AY37+AZ37>=70, AY37+AZ37, "")), IF(AR37<>"", IF(AT37>=70, AT37, ""), IF(AN37>=70, AN37, ""))) -> 94 | BB37: =IF(AV37<>"", IF(AX37<70, IF(AY37+AZ37<70, AY37+AZ37, ""), ""), IF(AR37<>"", IF(AT37<70, AT37, ""), IF(AN37<70, AN37, ""))) | BD37: =IF(AND(NOT(ISBLANK(AY37)), NOT(ISBLANK(AZ37))), AY37 + AZ37, "")
A38: 28 | B38: RAMIREZ MATOS | C38: ANA DANIELA | D38: 90 | F38: 94 | H38: 91 | J38: 93 | L38: 94 | N38: 96 | P38: 93 | R38: 97 | T38: 92 | V38: 94 | X38: 91 | Z38: 95 | AB38: 95 | AD38: 97 | AF38: 94 | AH38: 98 | AJ38: =SUMIF(D38:D38, ">=70") / 4 +SUMIF(F38:F38, ">=70") / 4 +SUMIF(H38:H38, ">=70") / 4 +SUMIF(J38:J38, ">=70") / 4 + SUMIF(E38:E38, ">1") / 4 + SUMIF(G38:G38, ">1") / 4 + SUMIF(I38:I38, ">1") / 4 + SUMIF(K38:K38, ">1") / 4 -> 92 | AK38: =SUMIF(L38:L38, ">=70") / 4 +SUMIF(N38:N38, ">=70") / 4 +SUMIF(P38:P38, ">=70") / 4 +SUMIF(R38:R38, ">=70") / 4 + SUMIF(M38:M38, ">1") / 4 + SUMIF(O38:O38, ">1") / 4 + SUMIF(Q38:Q38, ">1") / 4 + SUMIF(S38:S38, ">1") / 4 -> 95 | AL38: =SUMIF(T38:T38, ">=70") / 4 +SUMIF(V38:V38, ">=70") / 4 +SUMIF(X38:X38, ">=70") / 4 +SUMIF(Z38:Z38, ">=70") / 4 + SUMIF(U38:U38, ">1") / 4 + SUMIF(W38:W38, ">1") / 4 + SUMIF(Y38:Y38, ">1") / 4 + SUMIF(AA38:AA38, ">1") / 4 -> 93 | AM38: =SUMIF(AB38:AB38, ">=65") / 4 +SUMIF(AD38:AD38, ">=65") / 4 +SUMIF(AF38:AF38, ">=65") / 4 +SUMIF(AH38:AH38, ">=65") / 4 + SUMIF(AC38:AC38, ">1") / 4 + SUMIF(AE38:AE38, ">1") / 4 + SUMIF(AG38:AG38, ">1") / 4 + SUMIF(AI38:AI38, ">1") / 4 -> 96 | AN38: =AVERAGE(AJ38:AM38) -> 94 | AQ38: =IF(AN38<70, AN38*0.5, "") | AS38: =AR38*50% -> 0 | AT38: =IF(AR38<>"", IF(AQ38="","",AQ38+AS38), "") | AU38: =IF(AT38 < 70, AQ38*30%, "") | AW38: =AV38*70% -> 0 | AX38: =IF(AV38<>"", IF(AU38="", "", AU38+AW38), "") | AY38: =IF(AND(AT38<70, AX38<70), AN38, "") | BA38: =IF(AV38<>"", IF(AX38>=70, AX38, IF(AY38+AZ38>=70, AY38+AZ38, "")), IF(AR38<>"", IF(AT38>=70, AT38, ""), IF(AN38>=70, AN38, ""))) -> 94 | BB38: =IF(AV38<>"", IF(AX38<70, IF(AY38+AZ38<70, AY38+AZ38, ""), ""), IF(AR38<>"", IF(AT38<70, AT38, ""), IF(AN38<70, AN38, ""))) | BD38: =IF(AND(NOT(ISBLANK(AY38)), NOT(ISBLANK(AZ38))), AY38 + AZ38, "")
A39: 29 | B39: REGALADO | C39: LEONELI | AJ39: =SUMIF(D39:D39, ">=70") / 4 +SUMIF(F39:F39, ">=70") / 4 +SUMIF(H39:H39, ">=70") / 4 +SUMIF(J39:J39, ">=70") / 4 + SUMIF(E39:E39, ">1") / 4 + SUMIF(G39:G39, ">1") / 4 + SUMIF(I39:I39, ">1") / 4 + SUMIF(K39:K39, ">1") / 4 -> 0 | AK39: =SUMIF(L39:L39, ">=70") / 4 +SUMIF(N39:N39, ">=70") / 4 +SUMIF(P39:P39, ">=70") / 4 +SUMIF(R39:R39, ">=70") / 4 + SUMIF(M39:M39, ">1") / 4 + SUMIF(O39:O39, ">1") / 4 + SUMIF(Q39:Q39, ">1") / 4 + SUMIF(S39:S39, ">1") / 4 -> 0 | AL39: =SUMIF(T39:T39, ">=70") / 4 +SUMIF(V39:V39, ">=70") / 4 +SUMIF(X39:X39, ">=70") / 4 +SUMIF(Z39:Z39, ">=70") / 4 + SUMIF(U39:U39, ">1") / 4 + SUMIF(W39:W39, ">1") / 4 + SUMIF(Y39:Y39, ">1") / 4 + SUMIF(AA39:AA39, ">1") / 4 -> 0 | AM39: =SUMIF(AB39:AB39, ">=65") / 4 +SUMIF(AD39:AD39, ">=65") / 4 +SUMIF(AF39:AF39, ">=65") / 4 +SUMIF(AH39:AH39, ">=65") / 4 + SUMIF(AC39:AC39, ">1") / 4 + SUMIF(AE39:AE39, ">1") / 4 + SUMIF(AG39:AG39, ">1") / 4 + SUMIF(AI39:AI39, ">1") / 4 -> 0 | AN39: =AVERAGE(AJ39:AM39) -> 0 | AQ39: =IF(AN39<70, AN39*0.5, "") -> 0 | AS39: =AR39*50% -> 0 | AT39: =IF(AR39<>"", IF(AQ39="","",AQ39+AS39), "") | AU39: =IF(AT39 < 70, AQ39*30%, "") | AW39: =AV39*70% -> 0 | AX39: =IF(AV39<>"", IF(AU39="", "", AU39+AW39), "") | AY39: =IF(AND(AT39<70, AX39<70), AN39, "") | BA39: =IF(AV39<>"", IF(AX39>=70, AX39, IF(AY39+AZ39>=70, AY39+AZ39, "")), IF(AR39<>"", IF(AT39>=70, AT39, ""), IF(AN39>=70, AN39, ""))) | BB39: =IF(AV39<>"", IF(AX39<70, IF(AY39+AZ39<70, AY39+AZ39, ""), ""), IF(AR39<>"", IF(AT39<70, AT39, ""), IF(AN39<70, AN39, ""))) -> 0 | BD39: =IF(AND(NOT(ISBLANK(AY39)), NOT(ISBLANK(AZ39))), AY39 + AZ39, "")
A40: 30 | B40: RIVERAS CASTOR | C40: JUAN JESUS | AJ40: =SUMIF(D40:D40, ">=70") / 4 +SUMIF(F40:F40, ">=70") / 4 +SUMIF(H40:H40, ">=70") / 4 +SUMIF(J40:J40, ">=70") / 4 + SUMIF(E40:E40, ">1") / 4 + SUMIF(G40:G40, ">1") / 4 + SUMIF(I40:I40, ">1") / 4 + SUMIF(K40:K40, ">1") / 4 -> 0 | AK40: =SUMIF(L40:L40, ">=70") / 4 +SUMIF(N40:N40, ">=70") / 4 +SUMIF(P40:P40, ">=70") / 4 +SUMIF(R40:R40, ">=70") / 4 + SUMIF(M40:M40, ">1") / 4 + SUMIF(O40:O40, ">1") / 4 + SUMIF(Q40:Q40, ">1") / 4 + SUMIF(S40:S40, ">1") / 4 -> 0 | AL40: =SUMIF(T40:T40, ">=70") / 4 +SUMIF(V40:V40, ">=70") / 4 +SUMIF(X40:X40, ">=70") / 4 +SUMIF(Z40:Z40, ">=70") / 4 + SUMIF(U40:U40, ">1") / 4 + SUMIF(W40:W40, ">1") / 4 + SUMIF(Y40:Y40, ">1") / 4 + SUMIF(AA40:AA40, ">1") / 4 -> 0 | AM40: =SUMIF(AB40:AB40, ">=65") / 4 +SUMIF(AD40:AD40, ">=65") / 4 +SUMIF(AF40:AF40, ">=65") / 4 +SUMIF(AH40:AH40, ">=65") / 4 + SUMIF(AC40:AC40, ">1") / 4 + SUMIF(AE40:AE40, ">1") / 4 + SUMIF(AG40:AG40, ">1") / 4 + SUMIF(AI40:AI40, ">1") / 4 -> 0 | AN40: =AVERAGE(AJ40:AM40) -> 0 | AQ40: =IF(AN40<70, AN40*0.5, "") -> 0 | AS40: =AR40*50% -> 0 | AT40: =IF(AR40<>"", IF(AQ40="","",AQ40+AS40), "") | AU40: =IF(AT40 < 70, AQ40*30%, "") | AW40: =AV40*70% -> 0 | AX40: =IF(AV40<>"", IF(AU40="", "", AU40+AW40), "") | AY40: =IF(AND(AT40<70, AX40<70), AN40, "") | BA40: =IF(AV40<>"", IF(AX40>=70, AX40, IF(AY40+AZ40>=70, AY40+AZ40, "")), IF(AR40<>"", IF(AT40>=70, AT40, ""), IF(AN40>=70, AN40, ""))) | BB40: =IF(AV40<>"", IF(AX40<70, IF(AY40+AZ40<70, AY40+AZ40, ""), ""), IF(AR40<>"", IF(AT40<70, AT40, ""), IF(AN40<70, AN40, ""))) -> 0 | BD40: =IF(AND(NOT(ISBLANK(AY40)), NOT(ISBLANK(AZ40))), AY40 + AZ40, "")
A41: 31 | B41: SAINLOT | C41: MILOVE | D41: 75 | F41: 79 | H41: 76 | J41: 78 | L41: 78 | N41: 80 | P41: 77 | R41: 81 | T41: 80 | V41: 81 | X41: 82 | Z41: 81 | AB41: 82 | AD41: 84 | AF41: 81 | AH41: 85 | AJ41: =SUMIF(D41:D41, ">=70") / 4 +SUMIF(F41:F41, ">=70") / 4 +SUMIF(H41:H41, ">=70") / 4 +SUMIF(J41:J41, ">=70") / 4 + SUMIF(E41:E41, ">1") / 4 + SUMIF(G41:G41, ">1") / 4 + SUMIF(I41:I41, ">1") / 4 + SUMIF(K41:K41, ">1") / 4 -> 77 | AK41: =SUMIF(L41:L41, ">=70") / 4 +SUMIF(N41:N41, ">=70") / 4 +SUMIF(P41:P41, ">=70") / 4 +SUMIF(R41:R41, ">=70") / 4 + SUMIF(M41:M41, ">1") / 4 + SUMIF(O41:O41, ">1") / 4 + SUMIF(Q41:Q41, ">1") / 4 + SUMIF(S41:S41, ">1") / 4 -> 79 | AL41: =SUMIF(T41:T41, ">=70") / 4 +SUMIF(V41:V41, ">=70") / 4 +SUMIF(X41:X41, ">=70") / 4 +SUMIF(Z41:Z41, ">=70") / 4 + SUMIF(U41:U41, ">1") / 4 + SUMIF(W41:W41, ">1") / 4 + SUMIF(Y41:Y41, ">1") / 4 + SUMIF(AA41:AA41, ">1") / 4 -> 81 | AM41: =SUMIF(AB41:AB41, ">=65") / 4 +SUMIF(AD41:AD41, ">=65") / 4 +SUMIF(AF41:AF41, ">=65") / 4 +SUMIF(AH41:AH41, ">=65") / 4 + SUMIF(AC41:AC41, ">1") / 4 + SUMIF(AE41:AE41, ">1") / 4 + SUMIF(AG41:AG41, ">1") / 4 + SUMIF(AI41:AI41, ">1") / 4 -> 83 | AN41: =AVERAGE(AJ41:AM41) -> 80 | AQ41: =IF(AN41<70, AN41*0.5, "") | AS41: =AR41*50% -> 0 | AT41: =IF(AR41<>"", IF(AQ41="","",AQ41+AS41), "") | AU41: =IF(AT41 < 70, AQ41*30%, "") | AW41: =AV41*70% -> 0 | AX41: =IF(AV41<>"", IF(AU41="", "", AU41+AW41), "") | AY41: =IF(AND(AT41<70, AX41<70), AN41, "") | BA41: =IF(AV41<>"", IF(AX41>=70, AX41, IF(AY41+AZ41>=70, AY41+AZ41, "")), IF(AR41<>"", IF(AT41>=70, AT41, ""), IF(AN41>=70, AN41, ""))) -> 80 | BB41: =IF(AV41<>"", IF(AX41<70, IF(AY41+AZ41<70, AY41+AZ41, ""), ""), IF(AR41<>"", IF(AT41<70, AT41, ""), IF(AN41<70, AN41, ""))) | BD41: =IF(AND(NOT(ISBLANK(AY41)), NOT(ISBLANK(AZ41))), AY41 + AZ41, "")
A42: 32 | B42: SELMO | C42: VLADIMIR | AJ42: =SUMIF(D42:D42, ">=70") / 4 +SUMIF(F42:F42, ">=70") / 4 +SUMIF(H42:H42, ">=70") / 4 +SUMIF(J42:J42, ">=70") / 4 + SUMIF(E42:E42, ">1") / 4 + SUMIF(G42:G42, ">1") / 4 + SUMIF(I42:I42, ">1") / 4 + SUMIF(K42:K42, ">1") / 4 -> 0 | AK42: =SUMIF(L42:L42, ">=70") / 4 +SUMIF(N42:N42, ">=70") / 4 +SUMIF(P42:P42, ">=70") / 4 +SUMIF(R42:R42, ">=70") / 4 + SUMIF(M42:M42, ">1") / 4 + SUMIF(O42:O42, ">1") / 4 + SUMIF(Q42:Q42, ">1") / 4 + SUMIF(S42:S42, ">1") / 4 -> 0 | AL42: =SUMIF(T42:T42, ">=70") / 4 +SUMIF(V42:V42, ">=70") / 4 +SUMIF(X42:X42, ">=70") / 4 +SUMIF(Z42:Z42, ">=70") / 4 + SUMIF(U42:U42, ">1") / 4 + SUMIF(W42:W42, ">1") / 4 + SUMIF(Y42:Y42, ">1") / 4 + SUMIF(AA42:AA42, ">1") / 4 -> 0 | AM42: =SUMIF(AB42:AB42, ">=65") / 4 +SUMIF(AD42:AD42, ">=65") / 4 +SUMIF(AF42:AF42, ">=65") / 4 +SUMIF(AH42:AH42, ">=65") / 4 + SUMIF(AC42:AC42, ">1") / 4 + SUMIF(AE42:AE42, ">1") / 4 + SUMIF(AG42:AG42, ">1") / 4 + SUMIF(AI42:AI42, ">1") / 4 -> 0 | AN42: =AVERAGE(AJ42:AM42) -> 0 | AQ42: =IF(AN42<70, AN42*0.5, "") -> 0 | AS42: =AR42*50% -> 0 | AT42: =IF(AR42<>"", IF(AQ42="","",AQ42+AS42), "") | AU42: =IF(AT42 < 70, AQ42*30%, "") | AW42: =AV42*70% -> 0 | AX42: =IF(AV42<>"", IF(AU42="", "", AU42+AW42), "") | AY42: =IF(AND(AT42<70, AX42<70), AN42, "") | BA42: =IF(AV42<>"", IF(AX42>=70, AX42, IF(AY42+AZ42>=70, AY42+AZ42, "")), IF(AR42<>"", IF(AT42>=70, AT42, ""), IF(AN42>=70, AN42, ""))) | BB42: =IF(AV42<>"", IF(AX42<70, IF(AY42+AZ42<70, AY42+AZ42, ""), ""), IF(AR42<>"", IF(AT42<70, AT42, ""), IF(AN42<70, AN42, ""))) -> 0 | BD42: =IF(AND(NOT(ISBLANK(AY42)), NOT(ISBLANK(AZ42))), AY42 + AZ42, "")
A43: 33 | B43: SEPTIMO MARTINEZ | C43: ANDY | AJ43: =SUMIF(D43:D43, ">=70") / 4 +SUMIF(F43:F43, ">=70") / 4 +SUMIF(H43:H43, ">=70") / 4 +SUMIF(J43:J43, ">=70") / 4 + SUMIF(E43:E43, ">1") / 4 + SUMIF(G43:G43, ">1") / 4 + SUMIF(I43:I43, ">1") / 4 + SUMIF(K43:K43, ">1") / 4 -> 0 | AK43: =SUMIF(L43:L43, ">=70") / 4 +SUMIF(N43:N43, ">=70") / 4 +SUMIF(P43:P43, ">=70") / 4 +SUMIF(R43:R43, ">=70") / 4 + SUMIF(M43:M43, ">1") / 4 + SUMIF(O43:O43, ">1") / 4 + SUMIF(Q43:Q43, ">1") / 4 + SUMIF(S43:S43, ">1") / 4 -> 0 | AL43: =SUMIF(T43:T43, ">=70") / 4 +SUMIF(V43:V43, ">=70") / 4 +SUMIF(X43:X43, ">=70") / 4 +SUMIF(Z43:Z43, ">=70") / 4 + SUMIF(U43:U43, ">1") / 4 + SUMIF(W43:W43, ">1") / 4 + SUMIF(Y43:Y43, ">1") / 4 + SUMIF(AA43:AA43, ">1") / 4 -> 0 | AM43: =SUMIF(AB43:AB43, ">=65") / 4 +SUMIF(AD43:AD43, ">=65") / 4 +SUMIF(AF43:AF43, ">=65") / 4 +SUMIF(AH43:AH43, ">=65") / 4 + SUMIF(AC43:AC43, ">1") / 4 + SUMIF(AE43:AE43, ">1") / 4 + SUMIF(AG43:AG43, ">1") / 4 + SUMIF(AI43:AI43, ">1") / 4 -> 0 | AN43: =AVERAGE(AJ43:AM43) -> 0 | AQ43: =IF(AN43<70, AN43*0.5, "") -> 0 | AS43: =AR43*50% -> 0 | AT43: =IF(AR43<>"", IF(AQ43="","",AQ43+AS43), "") | AU43: =IF(AT43 < 70, AQ43*30%, "") | AW43: =AV43*70% -> 0 | AX43: =IF(AV43<>"", IF(AU43="", "", AU43+AW43), "") | AY43: =IF(AND(AT43<70, AX43<70), AN43, "") | BA43: =IF(AV43<>"", IF(AX43>=70, AX43, IF(AY43+AZ43>=70, AY43+AZ43, "")), IF(AR43<>"", IF(AT43>=70, AT43, ""), IF(AN43>=70, AN43, ""))) | BB43: =IF(AV43<>"", IF(AX43<70, IF(AY43+AZ43<70, AY43+AZ43, ""), ""), IF(AR43<>"", IF(AT43<70, AT43, ""), IF(AN43<70, AN43, ""))) -> 0 | BD43: =IF(AND(NOT(ISBLANK(AY43)), NOT(ISBLANK(AZ43))), AY43 + AZ43, "")
A44: 34 | B44: SEPULVEDA | C44: JONATHAN JOSE | AJ44: =SUMIF(D44:D44, ">=70") / 4 +SUMIF(F44:F44, ">=70") / 4 +SUMIF(H44:H44, ">=70") / 4 +SUMIF(J44:J44, ">=70") / 4 + SUMIF(E44:E44, ">1") / 4 + SUMIF(G44:G44, ">1") / 4 + SUMIF(I44:I44, ">1") / 4 + SUMIF(K44:K44, ">1") / 4 -> 0 | AK44: =SUMIF(L44:L44, ">=70") / 4 +SUMIF(N44:N44, ">=70") / 4 +SUMIF(P44:P44, ">=70") / 4 +SUMIF(R44:R44, ">=70") / 4 + SUMIF(M44:M44, ">1") / 4 + SUMIF(O44:O44, ">1") / 4 + SUMIF(Q44:Q44, ">1") / 4 + SUMIF(S44:S44, ">1") / 4 -> 0 | AL44: =SUMIF(T44:T44, ">=70") / 4 +SUMIF(V44:V44, ">=70") / 4 +SUMIF(X44:X44, ">=70") / 4 +SUMIF(Z44:Z44, ">=70") / 4 + SUMIF(U44:U44, ">1") / 4 + SUMIF(W44:W44, ">1") / 4 + SUMIF(Y44:Y44, ">1") / 4 + SUMIF(AA44:AA44, ">1") / 4 -> 0 | AM44: =SUMIF(AB44:AB44, ">=65") / 4 +SUMIF(AD44:AD44, ">=65") / 4 +SUMIF(AF44:AF44, ">=65") / 4 +SUMIF(AH44:AH44, ">=65") / 4 + SUMIF(AC44:AC44, ">1") / 4 + SUMIF(AE44:AE44, ">1") / 4 + SUMIF(AG44:AG44, ">1") / 4 + SUMIF(AI44:AI44, ">1") / 4 -> 0 | AN44: =AVERAGE(AJ44:AM44) -> 0 | AQ44: =IF(AN44<70, AN44*0.5, "") -> 0 | AS44: =AR44*50% -> 0 | AT44: =IF(AR44<>"", IF(AQ44="","",AQ44+AS44), "") | AU44: =IF(AT44 < 70, AQ44*30%, "") | AW44: =AV44*70% -> 0 | AX44: =IF(AV44<>"", IF(AU44="", "", AU44+AW44), "") | AY44: =IF(AND(AT44<70, AX44<70), AN44, "") | BA44: =IF(AV44<>"", IF(AX44>=70, AX44, IF(AY44+AZ44>=70, AY44+AZ44, "")), IF(AR44<>"", IF(AT44>=70, AT44, ""), IF(AN44>=70, AN44, ""))) | BB44: =IF(AV44<>"", IF(AX44<70, IF(AY44+AZ44<70, AY44+AZ44, ""), ""), IF(AR44<>"", IF(AT44<70, AT44, ""), IF(AN44<70, AN44, ""))) -> 0 | BD44: =IF(AND(NOT(ISBLANK(AY44)), NOT(ISBLANK(AZ44))), AY44 + AZ44, "")
A45: 35 | B45: SIME PEREZ | C45: REY RIOOBERHT | D45: 75 | F45: 79 | H45: 76 | J45: 78 | L45: 78 | N45: 80 | P45: 77 | R45: 81 | T45: 82 | V45: 84 | X45: 81 | Z45: 85 | AB45: 80 | AD45: 81 | AF45: 82 | AH45: 81 | AJ45: =SUMIF(D45:D45, ">=70") / 4 +SUMIF(F45:F45, ">=70") / 4 +SUMIF(H45:H45, ">=70") / 4 +SUMIF(J45:J45, ">=70") / 4 + SUMIF(E45:E45, ">1") / 4 + SUMIF(G45:G45, ">1") / 4 + SUMIF(I45:I45, ">1") / 4 + SUMIF(K45:K45, ">1") / 4 -> 77 | AK45: =SUMIF(L45:L45, ">=70") / 4 +SUMIF(N45:N45, ">=70") / 4 +SUMIF(P45:P45, ">=70") / 4 +SUMIF(R45:R45, ">=70") / 4 + SUMIF(M45:M45, ">1") / 4 + SUMIF(O45:O45, ">1") / 4 + SUMIF(Q45:Q45, ">1") / 4 + SUMIF(S45:S45, ">1") / 4 -> 79 | AL45: =SUMIF(T45:T45, ">=70") / 4 +SUMIF(V45:V45, ">=70") / 4 +SUMIF(X45:X45, ">=70") / 4 +SUMIF(Z45:Z45, ">=70") / 4 + SUMIF(U45:U45, ">1") / 4 + SUMIF(W45:W45, ">1") / 4 + SUMIF(Y45:Y45, ">1") / 4 + SUMIF(AA45:AA45, ">1") / 4 -> 83 | AM45: =SUMIF(AB45:AB45, ">=65") / 4 +SUMIF(AD45:AD45, ">=65") / 4 +SUMIF(AF45:AF45, ">=65") / 4 +SUMIF(AH45:AH45, ">=65") / 4 + SUMIF(AC45:AC45, ">1") / 4 + SUMIF(AE45:AE45, ">1") / 4 + SUMIF(AG45:AG45, ">1") / 4 + SUMIF(AI45:AI45, ">1") / 4 -> 81 | AN45: =AVERAGE(AJ45:AM45) -> 80 | AQ45: =IF(AN45<70, AN45*0.5, "") | AS45: =AR45*50% -> 0 | AT45: =IF(AR45<>"", IF(AQ45="","",AQ45+AS45), "") | AU45: =IF(AT45 < 70, AQ45*30%, "") | AW45: =AV45*70% -> 0 | AX45: =IF(AV45<>"", IF(AU45="", "", AU45+AW45), "") | AY45: =IF(AND(AT45<70, AX45<70), AN45, "") | BA45: =IF(AV45<>"", IF(AX45>=70, AX45, IF(AY45+AZ45>=70, AY45+AZ45, "")), IF(AR45<>"", IF(AT45>=70, AT45, ""), IF(AN45>=70, AN45, ""))) -> 80 | BB45: =IF(AV45<>"", IF(AX45<70, IF(AY45+AZ45<70, AY45+AZ45, ""), ""), IF(AR45<>"", IF(AT45<70, AT45, ""), IF(AN45<70, AN45, ""))) | BD45: =IF(AND(NOT(ISBLANK(AY45)), NOT(ISBLANK(AZ45))), AY45 + AZ45, "")
A46: 36 | B46: THIBAUD | C46: DUKENS | D46: 84 | F46: 86 | H46: 83 | J46: 87 | L46: 87 | N46: 89 | P46: 86 | R46: 90 | T46: 85 | V46: 89 | X46: 86 | Z46: 88 | AB46: 91 | AD46: 93 | AF46: 90 | AH46: 94 | AJ46: =SUMIF(D46:D46, ">=70") / 4 +SUMIF(F46:F46, ">=70") / 4 +SUMIF(H46:H46, ">=70") / 4 +SUMIF(J46:J46, ">=70") / 4 + SUMIF(E46:E46, ">1") / 4 + SUMIF(G46:G46, ">1") / 4 + SUMIF(I46:I46, ">1") / 4 + SUMIF(K46:K46, ">1") / 4 -> 85 | AK46: =SUMIF(L46:L46, ">=70") / 4 +SUMIF(N46:N46, ">=70") / 4 +SUMIF(P46:P46, ">=70") / 4 +SUMIF(R46:R46, ">=70") / 4 + SUMIF(M46:M46, ">1") / 4 + SUMIF(O46:O46, ">1") / 4 + SUMIF(Q46:Q46, ">1") / 4 + SUMIF(S46:S46, ">1") / 4 -> 88 | AL46: =SUMIF(T46:T46, ">=70") / 4 +SUMIF(V46:V46, ">=70") / 4 +SUMIF(X46:X46, ">=70") / 4 +SUMIF(Z46:Z46, ">=70") / 4 + SUMIF(U46:U46, ">1") / 4 + SUMIF(W46:W46, ">1") / 4 + SUMIF(Y46:Y46, ">1") / 4 + SUMIF(AA46:AA46, ">1") / 4 -> 87 | AM46: =SUMIF(AB46:AB46, ">=65") / 4 +SUMIF(AD46:AD46, ">=65") / 4 +SUMIF(AF46:AF46, ">=65") / 4 +SUMIF(AH46:AH46, ">=65") / 4 + SUMIF(AC46:AC46, ">1") / 4 + SUMIF(AE46:AE46, ">1") / 4 + SUMIF(AG46:AG46, ">1") / 4 + SUMIF(AI46:AI46, ">1") / 4 -> 92 | AN46: =AVERAGE(AJ46:AM46) -> 88 | AQ46: =IF(AN46<70, AN46*0.5, "") | AS46: =AR46*50% -> 0 | AT46: =IF(AR46<>"", IF(AQ46="","",AQ46+AS46), "") | AU46: =IF(AT46 < 70, AQ46*30%, "") | AW46: =AV46*70% -> 0 | AX46: =IF(AV46<>"", IF(AU46="", "", AU46+AW46), "") | AY46: =IF(AND(AT46<70, AX46<70), AN46, "") | BA46: =IF(AV46<>"", IF(AX46>=70, AX46, IF(AY46+AZ46>=70, AY46+AZ46, "")), IF(AR46<>"", IF(AT46>=70, AT46, ""), IF(AN46>=70, AN46, ""))) -> 88 | BB46: =IF(AV46<>"", IF(AX46<70, IF(AY46+AZ46<70, AY46+AZ46, ""), ""), IF(AR46<>"", IF(AT46<70, AT46, ""), IF(AN46<70, AN46, ""))) | BD46: =IF(AND(NOT(ISBLANK(AY46)), NOT(ISBLANK(AZ46))), AY46 + AZ46, "")
A47: 37 | B47: AMADIS BRAZOBAN | C47: ALLISON ELIEZER | AJ47: =SUMIF(D47:D47, ">=70") / 4 +SUMIF(F47:F47, ">=70") / 4 +SUMIF(H47:H47, ">=70") / 4 +SUMIF(J47:J47, ">=70") / 4 + SUMIF(E47:E47, ">1") / 4 + SUMIF(G47:G47, ">1") / 4 + SUMIF(I47:I47, ">1") / 4 + SUMIF(K47:K47, ">1") / 4 -> 0 | AK47: =SUMIF(L47:L47, ">=70") / 4 +SUMIF(N47:N47, ">=70") / 4 +SUMIF(P47:P47, ">=70") / 4 +SUMIF(R47:R47, ">=70") / 4 + SUMIF(M47:M47, ">1") / 4 + SUMIF(O47:O47, ">1") / 4 + SUMIF(Q47:Q47, ">1") / 4 + SUMIF(S47:S47, ">1") / 4 -> 0 | AL47: =SUMIF(T47:T47, ">=70") / 4 +SUMIF(V47:V47, ">=70") / 4 +SUMIF(X47:X47, ">=70") / 4 +SUMIF(Z47:Z47, ">=70") / 4 + SUMIF(U47:U47, ">1") / 4 + SUMIF(W47:W47, ">1") / 4 + SUMIF(Y47:Y47, ">1") / 4 + SUMIF(AA47:AA47, ">1") / 4 -> 0 | AM47: =SUMIF(AB47:AB47, ">=65") / 4 +SUMIF(AD47:AD47, ">=65") / 4 +SUMIF(AF47:AF47, ">=65") / 4 +SUMIF(AH47:AH47, ">=65") / 4 + SUMIF(AC47:AC47, ">1") / 4 + SUMIF(AE47:AE47, ">1") / 4 + SUMIF(AG47:AG47, ">1") / 4 + SUMIF(AI47:AI47, ">1") / 4 -> 0 | AN47: =AVERAGE(AJ47:AM47) -> 0 | AQ47: =IF(AN47<70, AN47*0.5, "") -> 0 | AS47: =AR47*50% -> 0 | AT47: =IF(AR47<>"", IF(AQ47="","",AQ47+AS47), "") | AU47: =IF(AT47 < 70, AQ47*30%, "") | AW47: =AV47*70% -> 0 | AX47: =IF(AV47<>"", IF(AU47="", "", AU47+AW47), "") | AY47: =IF(AND(AT47<70, AX47<70), AN47, "") | BA47: =IF(AV47<>"", IF(AX47>=70, AX47, IF(AY47+AZ47>=70, AY47+AZ47, "")), IF(AR47<>"", IF(AT47>=70, AT47, ""), IF(AN47>=70, AN47, ""))) | BB47: =IF(AV47<>"", IF(AX47<70, IF(AY47+AZ47<70, AY47+AZ47, ""), ""), IF(AR47<>"", IF(AT47<70, AT47, ""), IF(AN47<70, AN47, ""))) -> 0 | BD47: =IF(AND(NOT(ISBLANK(AY47)), NOT(ISBLANK(AZ47))), AY47 + AZ47, "")
A48: 38 | B48: MARTINEZ MARTINEZ | C48: TEICHER DARIEL | AJ48: =SUMIF(D48:D48, ">=70") / 4 +SUMIF(F48:F48, ">=70") / 4 +SUMIF(H48:H48, ">=70") / 4 +SUMIF(J48:J48, ">=70") / 4 + SUMIF(E48:E48, ">1") / 4 + SUMIF(G48:G48, ">1") / 4 + SUMIF(I48:I48, ">1") / 4 + SUMIF(K48:K48, ">1") / 4 -> 0 | AK48: =SUMIF(L48:L48, ">=70") / 4 +SUMIF(N48:N48, ">=70") / 4 +SUMIF(P48:P48, ">=70") / 4 +SUMIF(R48:R48, ">=70") / 4 + SUMIF(M48:M48, ">1") / 4 + SUMIF(O48:O48, ">1") / 4 + SUMIF(Q48:Q48, ">1") / 4 + SUMIF(S48:S48, ">1") / 4 -> 0 | AL48: =SUMIF(T48:T48, ">=70") / 4 +SUMIF(V48:V48, ">=70") / 4 +SUMIF(X48:X48, ">=70") / 4 +SUMIF(Z48:Z48, ">=70") / 4 + SUMIF(U48:U48, ">1") / 4 + SUMIF(W48:W48, ">1") / 4 + SUMIF(Y48:Y48, ">1") / 4 + SUMIF(AA48:AA48, ">1") / 4 -> 0 | AM48: =SUMIF(AB48:AB48, ">=65") / 4 +SUMIF(AD48:AD48, ">=65") / 4 +SUMIF(AF48:AF48, ">=65") / 4 +SUMIF(AH48:AH48, ">=65") / 4 + SUMIF(AC48:AC48, ">1") / 4 + SUMIF(AE48:AE48, ">1") / 4 + SUMIF(AG48:AG48, ">1") / 4 + SUMIF(AI48:AI48, ">1") / 4 -> 0 | AN48: =AVERAGE(AJ48:AM48) -> 0 | AQ48: =IF(AN48<70, AN48*0.5, "") -> 0 | AS48: =AR48*50% -> 0 | AT48: =IF(AR48<>"", IF(AQ48="","",AQ48+AS48), "") | AU48: =IF(AT48 < 70, AQ48*30%, "") | AW48: =AV48*70% -> 0 | AX48: =IF(AV48<>"", IF(AU48="", "", AU48+AW48), "") | AY48: =IF(AND(AT48<70, AX48<70), AN48, "") | BA48: =IF(AV48<>"", IF(AX48>=70, AX48, IF(AY48+AZ48>=70, AY48+AZ48, "")), IF(AR48<>"", IF(AT48>=70, AT48, ""), IF(AN48>=70, AN48, ""))) | BB48: =IF(AV48<>"", IF(AX48<70, IF(AY48+AZ48<70, AY48+AZ48, ""), ""), IF(AR48<>"", IF(AT48<70, AT48, ""), IF(AN48<70, AN48, ""))) -> 0 | BD48: =IF(AND(NOT(ISBLANK(AY48)), NOT(ISBLANK(AZ48))), AY48 + AZ48, "")
A49: 39 | B49: MADE MATEO | C49: LEURY | AJ49: =SUMIF(D49:D49, ">=70") / 4 +SUMIF(F49:F49, ">=70") / 4 +SUMIF(H49:H49, ">=70") / 4 +SUMIF(J49:J49, ">=70") / 4 + SUMIF(E49:E49, ">1") / 4 + SUMIF(G49:G49, ">1") / 4 + SUMIF(I49:I49, ">1") / 4 + SUMIF(K49:K49, ">1") / 4 -> 0 | AK49: =SUMIF(L49:L49, ">=70") / 4 +SUMIF(N49:N49, ">=70") / 4 +SUMIF(P49:P49, ">=70") / 4 +SUMIF(R49:R49, ">=70") / 4 + SUMIF(M49:M49, ">1") / 4 + SUMIF(O49:O49, ">1") / 4 + SUMIF(Q49:Q49, ">1") / 4 + SUMIF(S49:S49, ">1") / 4 -> 0 | AL49: =SUMIF(T49:T49, ">=70") / 4 +SUMIF(V49:V49, ">=70") / 4 +SUMIF(X49:X49, ">=70") / 4 +SUMIF(Z49:Z49, ">=70") / 4 + SUMIF(U49:U49, ">1") / 4 + SUMIF(W49:W49, ">1") / 4 + SUMIF(Y49:Y49, ">1") / 4 + SUMIF(AA49:AA49, ">1") / 4 -> 0 | AM49: =SUMIF(AB49:AB49, ">=65") / 4 +SUMIF(AD49:AD49, ">=65") / 4 +SUMIF(AF49:AF49, ">=65") / 4 +SUMIF(AH49:AH49, ">=65") / 4 + SUMIF(AC49:AC49, ">1") / 4 + SUMIF(AE49:AE49, ">1") / 4 + SUMIF(AG49:AG49, ">1") / 4 + SUMIF(AI49:AI49, ">1") / 4 -> 0 | AN49: =AVERAGE(AJ49:AM49) -> 0 | AQ49: =IF(AN49<70, AN49*0.5, "") -> 0 | AS49: =AR49*50% -> 0 | AT49: =IF(AR49<>"", IF(AQ49="","",AQ49+AS49), "") | AU49: =IF(AT49 < 70, AQ49*30%, "") | AW49: =AV49*70% -> 0 | AX49: =IF(AV49<>"", IF(AU49="", "", AU49+AW49), "") | AY49: =IF(AND(AT49<70, AX49<70), AN49, "") | BA49: =IF(AV49<>"", IF(AX49>=70, AX49, IF(AY49+AZ49>=70, AY49+AZ49, "")), IF(AR49<>"", IF(AT49>=70, AT49, ""), IF(AN49>=70, AN49, ""))) | BB49: =IF(AV49<>"", IF(AX49<70, IF(AY49+AZ49<70, AY49+AZ49, ""), ""), IF(AR49<>"", IF(AT49<70, AT49, ""), IF(AN49<70, AN49, ""))) -> 0 | BD49: =IF(AND(NOT(ISBLANK(AY49)), NOT(ISBLANK(AZ49))), AY49 + AZ49, "")
A50: 40 | B50: DE JESUS HERNANDEZ | C50: MIGUEL ANGEL | AJ50: =SUMIF(D50:D50, ">=70") / 4 +SUMIF(F50:F50, ">=70") / 4 +SUMIF(H50:H50, ">=70") / 4 +SUMIF(J50:J50, ">=70") / 4 + SUMIF(E50:E50, ">1") / 4 + SUMIF(G50:G50, ">1") / 4 + SUMIF(I50:I50, ">1") / 4 + SUMIF(K50:K50, ">1") / 4 -> 0 | AK50: =SUMIF(L50:L50, ">=70") / 4 +SUMIF(N50:N50, ">=70") / 4 +SUMIF(P50:P50, ">=70") / 4 +SUMIF(R50:R50, ">=70") / 4 + SUMIF(M50:M50, ">1") / 4 + SUMIF(O50:O50, ">1") / 4 + SUMIF(Q50:Q50, ">1") / 4 + SUMIF(S50:S50, ">1") / 4 -> 0 | AL50: =SUMIF(T50:T50, ">=70") / 4 +SUMIF(V50:V50, ">=70") / 4 +SUMIF(X50:X50, ">=70") / 4 +SUMIF(Z50:Z50, ">=70") / 4 + SUMIF(U50:U50, ">1") / 4 + SUMIF(W50:W50, ">1") / 4 + SUMIF(Y50:Y50, ">1") / 4 + SUMIF(AA50:AA50, ">1") / 4 -> 0 | AM50: =SUMIF(AB50:AB50, ">=65") / 4 +SUMIF(AD50:AD50, ">=65") / 4 +SUMIF(AF50:AF50, ">=65") / 4 +SUMIF(AH50:AH50, ">=65") / 4 + SUMIF(AC50:AC50, ">1") / 4 + SUMIF(AE50:AE50, ">1") / 4 + SUMIF(AG50:AG50, ">1") / 4 + SUMIF(AI50:AI50, ">1") / 4 -> 0 | AN50: =AVERAGE(AJ50:AM50) -> 0 | AQ50: =IF(AN50<70, AN50*0.5, "") -> 0 | AS50: =AR50*50% -> 0 | AT50: =IF(AR50<>"", IF(AQ50="","",AQ50+AS50), "") | AU50: =IF(AT50 < 70, AQ50*30%, "") | AW50: =AV50*70% -> 0 | AX50: =IF(AV50<>"", IF(AU50="", "", AU50+AW50), "") | AY50: =IF(AND(AT50<70, AX50<70), AN50, "") | BA50: =IF(AV50<>"", IF(AX50>=70, AX50, IF(AY50+AZ50>=70, AY50+AZ50, "")), IF(AR50<>"", IF(AT50>=70, AT50, ""), IF(AN50>=70, AN50, ""))) | BB50: =IF(AV50<>"", IF(AX50<70, IF(AY50+AZ50<70, AY50+AZ50, ""), ""), IF(AR50<>"", IF(AT50<70, AT50, ""), IF(AN50<70, AN50, ""))) -> 0 | BD50: =IF(AND(NOT(ISBLANK(AY50)), NOT(ISBLANK(AZ50))), AY50 + AZ50, "")
A51: 41 | B51: LENDOF SANTANA | C51: ARLING STERLING | AJ51: =SUMIF(D51:D51, ">=70") / 4 +SUMIF(F51:F51, ">=70") / 4 +SUMIF(H51:H51, ">=70") / 4 +SUMIF(J51:J51, ">=70") / 4 + SUMIF(E51:E51, ">1") / 4 + SUMIF(G51:G51, ">1") / 4 + SUMIF(I51:I51, ">1") / 4 + SUMIF(K51:K51, ">1") / 4 -> 0 | AK51: =SUMIF(L51:L51, ">=70") / 4 +SUMIF(N51:N51, ">=70") / 4 +SUMIF(P51:P51, ">=70") / 4 +SUMIF(R51:R51, ">=70") / 4 + SUMIF(M51:M51, ">1") / 4 + SUMIF(O51:O51, ">1") / 4 + SUMIF(Q51:Q51, ">1") / 4 + SUMIF(S51:S51, ">1") / 4 -> 0 | AL51: =SUMIF(T51:T51, ">=70") / 4 +SUMIF(V51:V51, ">=70") / 4 +SUMIF(X51:X51, ">=70") / 4 +SUMIF(Z51:Z51, ">=70") / 4 + SUMIF(U51:U51, ">1") / 4 + SUMIF(W51:W51, ">1") / 4 + SUMIF(Y51:Y51, ">1") / 4 + SUMIF(AA51:AA51, ">1") / 4 -> 0 | AM51: =SUMIF(AB51:AB51, ">=65") / 4 +SUMIF(AD51:AD51, ">=65") / 4 +SUMIF(AF51:AF51, ">=65") / 4 +SUMIF(AH51:AH51, ">=65") / 4 + SUMIF(AC51:AC51, ">1") / 4 + SUMIF(AE51:AE51, ">1") / 4 + SUMIF(AG51:AG51, ">1") / 4 + SUMIF(AI51:AI51, ">1") / 4 -> 0 | AN51: =AVERAGE(AJ51:AM51) -> 0 | AQ51: =IF(AN51<70, AN51*0.5, "") -> 0 | AS51: =AR51*50% -> 0 | AT51: =IF(AR51<>"", IF(AQ51="","",AQ51+AS51), "") | AU51: =IF(AT51 < 70, AQ51*30%, "") | AW51: =AV51*70% -> 0 | AX51: =IF(AV51<>"", IF(AU51="", "", AU51+AW51), "") | AY51: =IF(AND(AT51<70, AX51<70), AN51, "") | BA51: =IF(AV51<>"", IF(AX51>=70, AX51, IF(AY51+AZ51>=70, AY51+AZ51, "")), IF(AR51<>"", IF(AT51>=70, AT51, ""), IF(AN51>=70, AN51, ""))) | BB51: =IF(AV51<>"", IF(AX51<70, IF(AY51+AZ51<70, AY51+AZ51, ""), ""), IF(AR51<>"", IF(AT51<70, AT51, ""), IF(AN51<70, AN51, ""))) -> 0 | BD51: =IF(AND(NOT(ISBLANK(AY51)), NOT(ISBLANK(AZ51))), AY51 + AZ51, "")
A52: 42 | B52: DE JESUS DE LA CRUZ | C52: SEBASTIAN | AJ52: =SUMIF(D52:D52, ">=70") / 4 +SUMIF(F52:F52, ">=70") / 4 +SUMIF(H52:H52, ">=70") / 4 +SUMIF(J52:J52, ">=70") / 4 + SUMIF(E52:E52, ">1") / 4 + SUMIF(G52:G52, ">1") / 4 + SUMIF(I52:I52, ">1") / 4 + SUMIF(K52:K52, ">1") / 4 -> 0 | AK52: =SUMIF(L52:L52, ">=70") / 4 +SUMIF(N52:N52, ">=70") / 4 +SUMIF(P52:P52, ">=70") / 4 +SUMIF(R52:R52, ">=70") / 4 + SUMIF(M52:M52, ">1") / 4 + SUMIF(O52:O52, ">1") / 4 + SUMIF(Q52:Q52, ">1") / 4 + SUMIF(S52:S52, ">1") / 4 -> 0 | AL52: =SUMIF(T52:T52, ">=70") / 4 +SUMIF(V52:V52, ">=70") / 4 +SUMIF(X52:X52, ">=70") / 4 +SUMIF(Z52:Z52, ">=70") / 4 + SUMIF(U52:U52, ">1") / 4 + SUMIF(W52:W52, ">1") / 4 + SUMIF(Y52:Y52, ">1") / 4 + SUMIF(AA52:AA52, ">1") / 4 -> 0 | AM52: =SUMIF(AB52:AB52, ">=65") / 4 +SUMIF(AD52:AD52, ">=65") / 4 +SUMIF(AF52:AF52, ">=65") / 4 +SUMIF(AH52:AH52, ">=65") / 4 + SUMIF(AC52:AC52, ">1") / 4 + SUMIF(AE52:AE52, ">1") / 4 + SUMIF(AG52:AG52, ">1") / 4 + SUMIF(AI52:AI52, ">1") / 4 -> 0 | AN52: =AVERAGE(AJ52:AM52) -> 0 | AQ52: =IF(AN52<70, AN52*0.5, "") -> 0 | AS52: =AR52*50% -> 0 | AT52: =IF(AR52<>"", IF(AQ52="","",AQ52+AS52), "") | AU52: =IF(AT52 < 70, AQ52*30%, "") | AW52: =AV52*70% -> 0 | AX52: =IF(AV52<>"", IF(AU52="", "", AU52+AW52), "") | AY52: =IF(AND(AT52<70, AX52<70), AN52, "") | BA52: =IF(AV52<>"", IF(AX52>=70, AX52, IF(AY52+AZ52>=70, AY52+AZ52, "")), IF(AR52<>"", IF(AT52>=70, AT52, ""), IF(AN52>=70, AN52, ""))) | BB52: =IF(AV52<>"", IF(AX52<70, IF(AY52+AZ52<70, AY52+AZ52, ""), ""), IF(AR52<>"", IF(AT52<70, AT52, ""), IF(AN52<70, AN52, ""))) -> 0 | BD52: =IF(AND(NOT(ISBLANK(AY52)), NOT(ISBLANK(AZ52))), AY52 + AZ52, "")
A53: 43 | AJ53: =SUMIF(D53:D53, ">=70") / 4 +SUMIF(F53:F53, ">=70") / 4 +SUMIF(H53:H53, ">=70") / 4 +SUMIF(J53:J53, ">=70") / 4 + SUMIF(E53:E53, ">1") / 4 + SUMIF(G53:G53, ">1") / 4 + SUMIF(I53:I53, ">1") / 4 + SUMIF(K53:K53, ">1") / 4 -> 0 | AK53: =SUMIF(L53:L53, ">=70") / 4 +SUMIF(N53:N53, ">=70") / 4 +SUMIF(P53:P53, ">=70") / 4 +SUMIF(R53:R53, ">=70") / 4 + SUMIF(M53:M53, ">1") / 4 + SUMIF(O53:O53, ">1") / 4 + SUMIF(Q53:Q53, ">1") / 4 + SUMIF(S53:S53, ">1") / 4 -> 0 | AL53: =SUMIF(T53:T53, ">=70") / 4 +SUMIF(V53:V53, ">=70") / 4 +SUMIF(X53:X53, ">=70") / 4 +SUMIF(Z53:Z53, ">=70") / 4 + SUMIF(U53:U53, ">1") / 4 + SUMIF(W53:W53, ">1") / 4 + SUMIF(Y53:Y53, ">1") / 4 + SUMIF(AA53:AA53, ">1") / 4 -> 0 | AM53: =SUMIF(AB53:AB53, ">=65") / 4 +SUMIF(AD53:AD53, ">=65") / 4 +SUMIF(AF53:AF53, ">=65") / 4 +SUMIF(AH53:AH53, ">=65") / 4 + SUMIF(AC53:AC53, ">1") / 4 + SUMIF(AE53:AE53, ">1") / 4 + SUMIF(AG53:AG53, ">1") / 4 + SUMIF(AI53:AI53, ">1") / 4 -> 0 | AN53: =AVERAGE(AJ53:AM53) -> 0 | AQ53: =IF(AN53<70, AN53*0.5, "") -> 0 | AS53: =AR53*50% -> 0 | AT53: =IF(AR53<>"", IF(AQ53="","",AQ53+AS53), "") | AU53: =IF(AT53 < 70, AQ53*30%, "") | AW53: =AV53*70% -> 0 | AX53: =IF(AV53<>"", IF(AU53="", "", AU53+AW53), "") | AY53: =IF(AND(AT53<70, AX53<70), AN53, "") | BA53: =IF(AV53<>"", IF(AX53>=70, AX53, IF(AY53+AZ53>=70, AY53+AZ53, "")), IF(AR53<>"", IF(AT53>=70, AT53, ""), IF(AN53>=70, AN53, ""))) | BB53: =IF(AV53<>"", IF(AX53<70, IF(AY53+AZ53<70, AY53+AZ53, ""), ""), IF(AR53<>"", IF(AT53<70, AT53, ""), IF(AN53<70, AN53, ""))) -> 0 | BD53: =IF(AND(NOT(ISBLANK(AY53)), NOT(ISBLANK(AZ53))), AY53 + AZ53, "")
A54: 44 | AJ54: =SUMIF(D54:D54, ">=70") / 4 +SUMIF(F54:F54, ">=70") / 4 +SUMIF(H54:H54, ">=70") / 4 +SUMIF(J54:J54, ">=70") / 4 + SUMIF(E54:E54, ">1") / 4 + SUMIF(G54:G54, ">1") / 4 + SUMIF(I54:I54, ">1") / 4 + SUMIF(K54:K54, ">1") / 4 -> 0 | AK54: =SUMIF(L54:L54, ">=70") / 4 +SUMIF(N54:N54, ">=70") / 4 +SUMIF(P54:P54, ">=70") / 4 +SUMIF(R54:R54, ">=70") / 4 + SUMIF(M54:M54, ">1") / 4 + SUMIF(O54:O54, ">1") / 4 + SUMIF(Q54:Q54, ">1") / 4 + SUMIF(S54:S54, ">1") / 4 -> 0 | AL54: =SUMIF(T54:T54, ">=70") / 4 +SUMIF(V54:V54, ">=70") / 4 +SUMIF(X54:X54, ">=70") / 4 +SUMIF(Z54:Z54, ">=70") / 4 + SUMIF(U54:U54, ">1") / 4 + SUMIF(W54:W54, ">1") / 4 + SUMIF(Y54:Y54, ">1") / 4 + SUMIF(AA54:AA54, ">1") / 4 -> 0 | AM54: =SUMIF(AB54:AB54, ">=65") / 4 +SUMIF(AD54:AD54, ">=65") / 4 +SUMIF(AF54:AF54, ">=65") / 4 +SUMIF(AH54:AH54, ">=65") / 4 + SUMIF(AC54:AC54, ">1") / 4 + SUMIF(AE54:AE54, ">1") / 4 + SUMIF(AG54:AG54, ">1") / 4 + SUMIF(AI54:AI54, ">1") / 4 -> 0 | AN54: =AVERAGE(AJ54:AM54) -> 0 | AQ54: =IF(AN54<70, AN54*0.5, "") -> 0 | AS54: =AR54*50% -> 0 | AT54: =IF(AR54<>"", IF(AQ54="","",AQ54+AS54), "") | AU54: =IF(AT54 < 70, AQ54*30%, "") | AW54: =AV54*70% -> 0 | AX54: =IF(AV54<>"", IF(AU54="", "", AU54+AW54), "") | AY54: =IF(AND(AT54<70, AX54<70), AN54, "") | BA54: =IF(AV54<>"", IF(AX54>=70, AX54, IF(AY54+AZ54>=70, AY54+AZ54, "")), IF(AR54<>"", IF(AT54>=70, AT54, ""), IF(AN54>=70, AN54, ""))) | BB54: =IF(AV54<>"", IF(AX54<70, IF(AY54+AZ54<70, AY54+AZ54, ""), ""), IF(AR54<>"", IF(AT54<70, AT54, ""), IF(AN54<70, AN54, ""))) -> 0 | BD54: =IF(AND(NOT(ISBLANK(AY54)), NOT(ISBLANK(AZ54))), AY54 + AZ54, "")
A55: 45 | AJ55: =SUMIF(D55:D55, ">=70") / 4 +SUMIF(F55:F55, ">=70") / 4 +SUMIF(H55:H55, ">=70") / 4 +SUMIF(J55:J55, ">=70") / 4 + SUMIF(E55:E55, ">1") / 4 + SUMIF(G55:G55, ">1") / 4 + SUMIF(I55:I55, ">1") / 4 + SUMIF(K55:K55, ">1") / 4 -> 0 | AK55: =SUMIF(L55:L55, ">=70") / 4 +SUMIF(N55:N55, ">=70") / 4 +SUMIF(P55:P55, ">=70") / 4 +SUMIF(R55:R55, ">=70") / 4 + SUMIF(M55:M55, ">1") / 4 + SUMIF(O55:O55, ">1") / 4 + SUMIF(Q55:Q55, ">1") / 4 + SUMIF(S55:S55, ">1") / 4 -> 0 | AL55: =SUMIF(T55:T55, ">=70") / 4 +SUMIF(V55:V55, ">=70") / 4 +SUMIF(X55:X55, ">=70") / 4 +SUMIF(Z55:Z55, ">=70") / 4 + SUMIF(U55:U55, ">1") / 4 + SUMIF(W55:W55, ">1") / 4 + SUMIF(Y55:Y55, ">1") / 4 + SUMIF(AA55:AA55, ">1") / 4 -> 0 | AM55: =SUMIF(AB55:AB55, ">=65") / 4 +SUMIF(AD55:AD55, ">=65") / 4 +SUMIF(AF55:AF55, ">=65") / 4 +SUMIF(AH55:AH55, ">=65") / 4 + SUMIF(AC55:AC55, ">1") / 4 + SUMIF(AE55:AE55, ">1") / 4 + SUMIF(AG55:AG55, ">1") / 4 + SUMIF(AI55:AI55, ">1") / 4 -> 0 | AN55: =AVERAGE(AJ55:AM55) -> 0 | AQ55: =IF(AN55<70, AN55*0.5, "") -> 0 | AS55: =AR55*50% -> 0 | AT55: =IF(AR55<>"", IF(AQ55="","",AQ55+AS55), "") | AU55: =IF(AT55 < 70, AQ55*30%, "") | AW55: =AV55*70% -> 0 | AX55: =IF(AV55<>"", IF(AU55="", "", AU55+AW55), "") | AY55: =IF(AND(AT55<70, AX55<70), AN55, "") | BA55: =IF(AV55<>"", IF(AX55>=70, AX55, IF(AY55+AZ55>=70, AY55+AZ55, "")), IF(AR55<>"", IF(AT55>=70, AT55, ""), IF(AN55>=70, AN55, ""))) | BB55: =IF(AV55<>"", IF(AX55<70, IF(AY55+AZ55<70, AY55+AZ55, ""), ""), IF(AR55<>"", IF(AT55<70, AT55, ""), IF(AN55<70, AN55, ""))) -> 0 | BD55: =IF(AND(NOT(ISBLANK(AY55)), NOT(ISBLANK(AZ55))), AY55 + AZ55, "")

Sheet MATEMATICA
D7: CALCULO DE NOTAS | AN7: Calificacion Final | AO7: % DE ASISTENCIA ANUAL | AQ7: CALIFICACION COMPLETIVA | AU7: CALIFICACION EXTRAORDINARIA | AY7: EVALUACION ESPECIAL | BA7: SITUACIONFINAL EN LA ASIGNATURA | BD7: PARA HOJA PERIODO C.F.
A9: NO | B9: NOMBRES | C9: APELLIDOS | D9: CE - LE1 | L9: CE - LE2, LE3 | T9: CE - LE4, LE6 | AB9: CE - LE5, LE7 | AJ9: PCP 1 | AK9: PCP 2 | AL9: PCP 3 | AM9: PCP 4 | AQ9: 50% C.F | AR9: C.E.C. | AS9: 50% C.E.C. | AT9: C.C.F | AU9: 30% C.F. | AV9: C.E.EX | AW9: 70% C.E.EX | AX9: C.EX.F | AY9: C.F. | AZ9: C.E. | BA9: A | BB9: R
D10: P1 | E10: RP1 | F10: P2 | G10: RP2 | H10: P3 | I10: RP3 | J10: P4 | K10: RP4 | L10: P1 | M10: RP1 | N10: P2 | O10: RP2 | P10: P3 | Q10: RP3 | R10: P4 | S10: RP4 | T10: P1 | U10: RP1 | V10: P2 | W10: RP3 | X10: P3 | Y10: RP4 | Z10: P4 | AA10: RP4 | AB10: P1 | AC10: RP1 | AD10: P2 | AE10: RP3 | AF10: P3 | AG10: RP4 | AH10: P4 | AI10: RP4
A11: 1 | B11: AMADOR | C11: ABEL JOHAN | D11: 70 | F11: 80 | H11: 70 | J11: 71 | L11: 69 | N11: 73 | P11: 75 | R11: 71 | T11: 71 | V11: 85 | X11: 70 | Z11: 69 | AB11: 50 | AC11: 60 | AD11: 75 | AF11: 78 | AH11: 80 | AJ11: =SUMIF(D11:D11, ">=70") / 4 +SUMIF(F11:F11, ">=70") / 4 +SUMIF(H11:H11, ">=70") / 4 +SUMIF(J11:J11, ">=70") / 4 + SUMIF(E11:E11, ">1") / 4 + SUMIF(G11:G11, ">1") / 4 + SUMIF(I11:I11, ">1") / 4 + SUMIF(K11:K11, ">1") / 4 -> 72.75 | AK11: =SUMIF(L11:L11, ">=70") / 4 +SUMIF(N11:N11, ">=70") / 4 +SUMIF(P11:P11, ">=70") / 4 +SUMIF(R11:R11, ">=70") / 4 + SUMIF(M11:M11, ">1") / 4 + SUMIF(O11:O11, ">1") / 4 + SUMIF(Q11:Q11, ">1") / 4 + SUMIF(S11:S11, ">1") / 4 -> 54.75 | AL11: =SUMIF(T11:T11, ">=70") / 4 +SUMIF(V11:V11, ">=70") / 4 +SUMIF(X11:X11, ">=70") / 4 +SUMIF(Z11:Z11, ">=70") / 4 + SUMIF(U11:U11, ">1") / 4 + SUMIF(W11:W11, ">1") / 4 + SUMIF(Y11:Y11, ">1") / 4 + SUMIF(AA11:AA11, ">1") / 4 -> 56.5 | AM11: =SUMIF(AB11:AB11, ">=70") / 4 +SUMIF(AD11:AD11, ">=70") / 4 +SUMIF(AF11:AF11, ">=70") / 4 +SUMIF(AH11:AH11, ">=70") / 4 + SUMIF(AC11:AC11, ">1") / 4 + SUMIF(AE11:AE11, ">1") / 4 + SUMIF(AG11:AG11, ">1") / 4 + SUMIF(AI11:AI11, ">1") / 4 -> 73.25 | AN11: =AVERAGE(AJ11:AM11) -> 64.3125 | AQ11: =IF(AN11<70, AN11*0.5, "") -> 32.15625 | AS11: =AR11*50% -> 0 | AT11: =IF(AR11<>"", IF(AQ11="","",AQ11+AS11), "") | AU11: =IF(AT11 < 70, AQ11*30%, "") | AW11: =AV11*70% -> 0 | AX11: =IF(AV11<>"", IF(AU11="", "", AU11+AW11), "") | AY11: =IF(AND(AT11<70, AX11<70), AN11, "") | BA11: =IF(AV11<>"", IF(AX11>=70, AX11, IF(AY11+AZ11>=70, AY11+AZ11, "")), IF(AR11<>"", IF(AT11>=70, AT11, ""), IF(AN11>=70, AN11, ""))) | BB11: =IF(AV11<>"", IF(AX11<70, IF(AY11+AZ11<70, AY11+AZ11, ""), ""), IF(AR11<>"", IF(AT11<70, AT11, ""), IF(AN11<70, AN11, ""))) -> 64.3125 | BD11: =IF(AND(NOT(ISBLANK(AY11)), NOT(ISBLANK(AZ11))), AY11 + AZ11, "")
A12: 2 | B12: AMPARO RODRIGUEZ | C12: ANGEL LUCIANO | D12: 90 | F12: 89 | H12: 89 | J12: 89 | L12: 91 | N12: 90 | P12: 90 | R12: 90 | T12: 89 | V12: 88 | X12: 90 | Z12: 89 | AB12: 92 | AD12: 92 | AF12: 90 | AH12: 90 | AJ12: =SUMIF(D12:D12, ">=70") / 4 +SUMIF(F12:F12, ">=70") / 4 +SUMIF(H12:H12, ">=70") / 4 +SUMIF(J12:J12, ">=70") / 4 + SUMIF(E12:E12, ">1") / 4 + SUMIF(G12:G12, ">1") / 4 + SUMIF(I12:I12, ">1") / 4 + SUMIF(K12:K12, ">1") / 4 -> 89.25 | AK12: =SUMIF(L12:L12, ">=70") / 4 +SUMIF(N12:N12, ">=70") / 4 +SUMIF(P12:P12, ">=70") / 4 +SUMIF(R12:R12, ">=70") / 4 + SUMIF(M12:M12, ">1") / 4 + SUMIF(O12:O12, ">1") / 4 + SUMIF(Q12:Q12, ">1") / 4 + SUMIF(S12:S12, ">1") / 4 -> 90.25 | AL12: =SUMIF(T12:T12, ">=70") / 4 +SUMIF(V12:V12, ">=70") / 4 +SUMIF(X12:X12, ">=70") / 4 +SUMIF(Z12:Z12, ">=70") / 4 + SUMIF(U12:U12, ">1") / 4 + SUMIF(W12:W12, ">1") / 4 + SUMIF(Y12:Y12, ">1") / 4 + SUMIF(AA12:AA12, ">1") / 4 -> 89 | AM12: =SUMIF(AB12:AB12, ">=65") / 4 +SUMIF(AD12:AD12, ">=65") / 4 +SUMIF(AF12:AF12, ">=65") / 4 +SUMIF(AH12:AH12, ">=65") / 4 + SUMIF(AC12:AC12, ">1") / 4 + SUMIF(AE12:AE12, ">1") / 4 + SUMIF(AG12:AG12, ">1") / 4 + SUMIF(AI12:AI12, ">1") / 4 -> 91 | AN12: =AVERAGE(AJ12:AM12) -> 89.875 | AQ12: =IF(AN12<70, AN12*0.5, "") | AS12: =AR12*50% -> 0 | AT12: =IF(AR12<>"", IF(AQ12="","",AQ12+AS12), "") | AU12: =IF(AT12 < 70, AQ12*30%, "") | AW12: =AV12*70% -> 0 | AX12: =IF(AV12<>"", IF(AU12="", "", AU12+AW12), "") | AY12: =IF(AND(AT12<70, AX12<70), AN12, "") | BA12: =IF(AV12<>"", IF(AX12>=70, AX12, IF(AY12+AZ12>=70, AY12+AZ12, "")), IF(AR12<>"", IF(AT12>=70, AT12, ""), IF(AN12>=70, AN12, ""))) -> 89.875 | BB12: =IF(AV12<>"", IF(AX12<70, IF(AY12+AZ12<70, AY12+AZ12, ""), ""), IF(AR12<>"", IF(AT12<70, AT12, ""), IF(AN12<70, AN12, ""))) | BD12: =IF(AND(NOT(ISBLANK(AY12)), NOT(ISBLANK(AZ12))), AY12 + AZ12, "")
A13: 3 | B13: BISCAINO | C13: STEPHANIE | D13: 80 | F13: 82 | H13: 92 | J13: 90 | L13: 79 | N13: 80 | P13: 90 | R13: 89 | T13: 81 | V13: 80 | X13: 90 | Z13: 90 | AB13: 86 | AD13: 88 | AF13: 89 | AH13: 85 | AJ13: =SUMIF(D13:D13, ">=70") / 4 +SUMIF(F13:F13, ">=70") / 4 +SUMIF(H13:H13, ">=70") / 4 +SUMIF(J13:J13, ">=70") / 4 + SUMIF(E13:E13, ">1") / 4 + SUMIF(G13:G13, ">1") / 4 + SUMIF(I13:I13, ">1") / 4 + SUMIF(K13:K13, ">1") / 4 -> 86 | AK13: =SUMIF(L13:L13, ">=70") / 4 +SUMIF(N13:N13, ">=70") / 4 +SUMIF(P13:P13, ">=70") / 4 +SUMIF(R13:R13, ">=70") / 4 + SUMIF(M13:M13, ">1") / 4 + SUMIF(O13:O13, ">1") / 4 + SUMIF(Q13:Q13, ">1") / 4 + SUMIF(S13:S13, ">1") / 4 -> 84.5 | AL13: =SUMIF(T13:T13, ">=70") / 4 +SUMIF(V13:V13, ">=70") / 4 +SUMIF(X13:X13, ">=70") / 4 +SUMIF(Z13:Z13, ">=70") / 4 + SUMIF(U13:U13, ">1") / 4 + SUMIF(W13:W13, ">1") / 4 + SUMIF(Y13:Y13, ">1") / 4 + SUMIF(AA13:AA13, ">1") / 4 -> 85.25 | AM13: =SUMIF(AB13:AB13, ">=65") / 4 +SUMIF(AD13:AD13, ">=65") / 4 +SUMIF(AF13:AF13, ">=65") / 4 +SUMIF(AH13:AH13, ">=65") / 4 + SUMIF(AC13:AC13, ">1") / 4 + SUMIF(AE13:AE13, ">1") / 4 + SUMIF(AG13:AG13, ">1") / 4 + SUMIF(AI13:AI13, ">1") / 4 -> 87 | AN13: =AVERAGE(AJ13:AM13) -> 85.6875 | AQ13: =IF(AN13<70, AN13*0.5, "") | AS13: =AR13*50% -> 0 | AT13: =IF(AR13<>"", IF(AQ13="","",AQ13+AS13), "") | AU13: =IF(AT13 < 70, AQ13*30%, "") | AW13: =AV13*70% -> 0 | AX13: =IF(AV13<>"", IF(AU13="", "", AU13+AW13), "") | AY13: =IF(AND(AT13<70, AX13<70), AN13, "") | BA13: =IF(AV13<>"", IF(AX13>=70, AX13, IF(AY13+AZ13>=70, AY13+AZ13, "")), IF(AR13<>"", IF(AT13>=70, AT13, ""), IF(AN13>=70, AN13, ""))) -> 85.6875 | BB13: =IF(AV13<>"", IF(AX13<70, IF(AY13+AZ13<70, AY13+AZ13, ""), ""), IF(AR13<>"", IF(AT13<70, AT13, ""), IF(AN13<70, AN13, ""))) | BD13: =IF(AND(NOT(ISBLANK(AY13)), NOT(ISBLANK(AZ13))), AY13 + AZ13, "")
A14: 4 | B14: BOZIER CASSENAC | C14: JOEL ENRIQUE | D14: 92 | F14: 85 | H14: 83 | J14: 85 | L14: 89 | N14: 84 | P14: 82 | R14: 80 | T14: 91 | V14: 83 | X14: 80 | Z14: 86 | AB14: 78 | AD14: 78 | AF14: 70 | AH14: 72 | AJ14: =SUMIF(D14:D14, ">=70") / 4 +SUMIF(F14:F14, ">=70") / 4 +SUMIF(H14:H14, ">=70") / 4 +SUMIF(J14:J14, ">=70") / 4 + SUMIF(E14:E14, ">1") / 4 + SUMIF(G14:G14, ">1") / 4 + SUMIF(I14:I14, ">1") / 4 + SUMIF(K14:K14, ">1") / 4 -> 86.25 | AK14: =SUMIF(L14:L14, ">=70") / 4 +SUMIF(N14:N14, ">=70") / 4 +SUMIF(P14:P14, ">=70") / 4 +SUMIF(R14:R14, ">=70") / 4 + SUMIF(M14:M14, ">1") / 4 + SUMIF(O14:O14, ">1") / 4 + SUMIF(Q14:Q14, ">1") / 4 + SUMIF(S14:S14, ">1") / 4 -> 83.75 | AL14: =SUMIF(T14:T14, ">=70") / 4 +SUMIF(V14:V14, ">=70") / 4 +SUMIF(X14:X14, ">=70") / 4 +SUMIF(Z14:Z14, ">=70") / 4 + SUMIF(U14:U14, ">1") / 4 + SUMIF(W14:W14, ">1") / 4 + SUMIF(Y14:Y14, ">1") / 4 + SUMIF(AA14:AA14, ">1") / 4 -> 85 | AM14: =SUMIF(AB14:AB14, ">=65") / 4 +SUMIF(AD14:AD14, ">=65") / 4 +SUMIF(AF14:AF14, ">=65") / 4 +SUMIF(AH14:AH14, ">=65") / 4 + SUMIF(AC14:AC14, ">1") / 4 + SUMIF(AE14:AE14, ">1") / 4 + SUMIF(AG14:AG14, ">1") / 4 + SUMIF(AI14:AI14, ">1") / 4 -> 74.5 | AN14: =AVERAGE(AJ14:AM14) -> 82.375 | AQ14: =IF(AN14<70, AN14*0.5, "") | AS14: =AR14*50% -> 0 | AT14: =IF(AR14<>"", IF(AQ14="","",AQ14+AS14), "") | AU14: =IF(AT14 < 70, AQ14*30%, "") | AW14: =AV14*70% -> 0 | AX14: =IF(AV14<>"", IF(AU14="", "", AU14+AW14), "") | AY14: =IF(AND(AT14<70, AX14<70), AN14, "") | BA14: =IF(AV14<>"", IF(AX14>=70, AX14, IF(AY14+AZ14>=70, AY14+AZ14, "")), IF(AR14<>"", IF(AT14>=70, AT14, ""), IF(AN14>=70, AN14, ""))) -> 82.375 | BB14: =IF(AV14<>"", IF(AX14<70, IF(AY14+AZ14<70, AY14+AZ14, ""), ""), IF(AR14<>"", IF(AT14<70, AT14, ""), IF(AN14<70, AN14, ""))) | BD14: =IF(AND(NOT(ISBLANK(AY14)), NOT(ISBLANK(AZ14))), AY14 + AZ14, "")
A15: 5 | B15: BRAZOBAN LORENZO | C15: ROSA IRIS | D15: 93 | F15: 94 | H15: 85 | J15: 86 | L15: 90 | N15: 95 | P15: 89 | R15: 90 | T15: 94 | V15: 96 | X15: 90 | Z15: 89 | AB15: 72 | AD15: 80 | AF15: 82 | AH15: 80 | AJ15: =SUMIF(D15:D15, ">=70") / 4 +SUMIF(F15:F15, ">=70") / 4 +SUMIF(H15:H15, ">=70") / 4 +SUMIF(J15:J15, ">=70") / 4 + SUMIF(E15:E15, ">1") / 4 + SUMIF(G15:G15, ">1") / 4 + SUMIF(I15:I15, ">1") / 4 + SUMIF(K15:K15, ">1") / 4 -> 89.5 | AK15: =SUMIF(L15:L15, ">=70") / 4 +SUMIF(N15:N15, ">=70") / 4 +SUMIF(P15:P15, ">=70") / 4 +SUMIF(R15:R15, ">=70") / 4 + SUMIF(M15:M15, ">1") / 4 + SUMIF(O15:O15, ">1") / 4 + SUMIF(Q15:Q15, ">1") / 4 + SUMIF(S15:S15, ">1") / 4 -> 91 | AL15: =SUMIF(T15:T15, ">=70") / 4 +SUMIF(V15:V15, ">=70") / 4 +SUMIF(X15:X15, ">=70") / 4 +SUMIF(Z15:Z15, ">=70") / 4 + SUMIF(U15:U15, ">1") / 4 + SUMIF(W15:W15, ">1") / 4 + SUMIF(Y15:Y15, ">1") / 4 + SUMIF(AA15:AA15, ">1") / 4 -> 92.25 | AM15: =SUMIF(AB15:AB15, ">=65") / 4 +SUMIF(AD15:AD15, ">=65") / 4 +SUMIF(AF15:AF15, ">=65") / 4 +SUMIF(AH15:AH15, ">=65") / 4 + SUMIF(AC15:AC15, ">1") / 4 + SUMIF(AE15:AE15, ">1") / 4 + SUMIF(AG15:AG15, ">1") / 4 + SUMIF(AI15:AI15, ">1") / 4 -> 78.5 | AN15: =AVERAGE(AJ15:AM15) -> 87.8125 | AQ15: =IF(AN15<70, AN15*0.5, "") | AS15: =AR15*50% -> 0 | AT15: =IF(AR15<>"", IF(AQ15="","",AQ15+AS15), "") | AU15: =IF(AT15 < 70, AQ15*30%, "") | AW15: =AV15*70% -> 0 | AX15: =IF(AV15<>"", IF(AU15="", "", AU15+AW15), "") | AY15: =IF(AND(AT15<70, AX15<70), AN15, "") | BA15: =IF(AV15<>"", IF(AX15>=70, AX15, IF(AY15+AZ15>=70, AY15+AZ15, "")), IF(AR15<>"", IF(AT15>=70, AT15, ""), IF(AN15>=70, AN15, ""))) -> 87.8125 | BB15: =IF(AV15<>"", IF(AX15<70, IF(AY15+AZ15<70, AY15+AZ15, ""), ""), IF(AR15<>"", IF(AT15<70, AT15, ""), IF(AN15<70, AN15, ""))) | BD15: =IF(AND(NOT(ISBLANK(AY15)), NOT(ISBLANK(AZ15))), AY15 + AZ15, "")
A16: 6 | B16: DE JESUS DE LEON | C16: VICTOR MANUEL | D16: 71 | F16: 70 | H16: 69 | J16: 65 | L16: 69 | N16: 69 | P16: 65 | R16: 60 | S16: 68 | T16: 70 | V16: 70 | X16: 64 | Y16: 69 | Z16: 62 | AA16: 70 | AB16: 88 | AD16: 88 | AF16: 90 | AH16: 92 | AJ16: =SUMIF(D16:D16, ">=70") / 4 +SUMIF(F16:F16, ">=70") / 4 +SUMIF(H16:H16, ">=70") / 4 +SUMIF(J16:J16, ">=70") / 4 + SUMIF(E16:E16, ">1") / 4 + SUMIF(G16:G16, ">1") / 4 + SUMIF(I16:I16, ">1") / 4 + SUMIF(K16:K16, ">1") / 4 -> 35.25 | AK16: =SUMIF(L16:L16, ">=70") / 4 +SUMIF(N16:N16, ">=70") / 4 +SUMIF(P16:P16, ">=70") / 4 +SUMIF(R16:R16, ">=70") / 4 + SUMIF(M16:M16, ">1") / 4 + SUMIF(O16:O16, ">1") / 4 + SUMIF(Q16:Q16, ">1") / 4 + SUMIF(S16:S16, ">1") / 4 -> 17 | AL16: =SUMIF(T16:T16, ">=70") / 4 +SUMIF(V16:V16, ">=70") / 4 +SUMIF(X16:X16, ">=70") / 4 +SUMIF(Z16:Z16, ">=70") / 4 + SUMIF(U16:U16, ">1") / 4 + SUMIF(W16:W16, ">1") / 4 + SUMIF(Y16:Y16, ">1") / 4 + SUMIF(AA16:AA16, ">1") / 4 -> 69.75 | AM16: =SUMIF(AB16:AB16, ">=65") / 4 +SUMIF(AD16:AD16, ">=65") / 4 +SUMIF(AF16:AF16, ">=65") / 4 +SUMIF(AH16:AH16, ">=65") / 4 + SUMIF(AC16:AC16, ">1") / 4 + SUMIF(AE16:AE16, ">1") / 4 + SUMIF(AG16:AG16, ">1") / 4 + SUMIF(AI16:AI16, ">1") / 4 -> 89.5 | AN16: =AVERAGE(AJ16:AM16) -> 52.875 | AQ16: =IF(AN16<70, AN16*0.5, "") -> 26.4375 | AS16: =AR16*50% -> 0 | AT16: =IF(AR16<>"", IF(AQ16="","",AQ16+AS16), "") | AU16: =IF(AT16 < 70, AQ16*30%, "") | AW16: =AV16*70% -> 0 | AX16: =IF(AV16<>"", IF(AU16="", "", AU16+AW16), "") | AY16: =IF(AND(AT16<70, AX16<70), AN16, "") | BA16: =IF(AV16<>"", IF(AX16>=70, AX16, IF(AY16+AZ16>=70, AY16+AZ16, "")), IF(AR16<>"", IF(AT16>=70, AT16, ""), IF(AN16>=70, AN16, ""))) | BB16: =IF(AV16<>"", IF(AX16<70, IF(AY16+AZ16<70, AY16+AZ16, ""), ""), IF(AR16<>"", IF(AT16<70, AT16, ""), IF(AN16<70, AN16, ""))) -> 52.875 | BD16: =IF(AND(NOT(ISBLANK(AY16)), NOT(ISBLANK(AZ16))), AY16 + AZ16, "")
A17: 7 | B17: DE LA CRUZ SELMO | C17: ROSALBA | D17: 70 | F17: 70 | H17: 71 | J17: 69 | L17: 70 | N17: 69 | P17: 70 | R17: 70 | T17: 69 | V17: 70 | X17: 70 | Z17: 62 | AA17: 68 | AB17: 78 | AD17: 78 | AF17: 68 | AH17: 70 | AJ17: =SUMIF(D17:D17, ">=70") / 4 +SUMIF(F17:F17, ">=70") / 4 +SUMIF(H17:H17, ">=70") / 4 +SUMIF(J17:J17, ">=70") / 4 + SUMIF(E17:E17, ">1") / 4 + SUMIF(G17:G17, ">1") / 4 + SUMIF(I17:I17, ">1") / 4 + SUMIF(K17:K17, ">1") / 4 -> 52.75 | AK17: =SUMIF(L17:L17, ">=70") / 4 +SUMIF(N17:N17, ">=70") / 4 +SUMIF(P17:P17, ">=70") / 4 +SUMIF(R17:R17, ">=70") / 4 + SUMIF(M17:M17, ">1") / 4 + SUMIF(O17:O17, ">1") / 4 + SUMIF(Q17:Q17, ">1") / 4 + SUMIF(S17:S17, ">1") / 4 -> 52.5 | AL17: =SUMIF(T17:T17, ">=70") / 4 +SUMIF(V17:V17, ">=70") / 4 +SUMIF(X17:X17, ">=70") / 4 +SUMIF(Z17:Z17, ">=70") / 4 + SUMIF(U17:U17, ">1") / 4 + SUMIF(W17:W17, ">1") / 4 + SUMIF(Y17:Y17, ">1") / 4 + SUMIF(AA17:AA17, ">1") / 4 -> 52 | AM17: =SUMIF(AB17:AB17, ">=65") / 4 +SUMIF(AD17:AD17, ">=65") / 4 +SUMIF(AF17:AF17, ">=65") / 4 +SUMIF(AH17:AH17, ">=65") / 4 + SUMIF(AC17:AC17, ">1") / 4 + SUMIF(AE17:AE17, ">1") / 4 + SUMIF(AG17:AG17, ">1") / 4 + SUMIF(AI17:AI17, ">1") / 4 -> 73.5 | AN17: =AVERAGE(AJ17:AM17) -> 57.6875 | AQ17: =IF(AN17<70, AN17*0.5, "") -> 28.84375 | AS17: =AR17*50% -> 0 | AT17: =IF(AR17<>"", IF(AQ17="","",AQ17+AS17), "") | AU17: =IF(AT17 < 70, AQ17*30%, "") | AW17: =AV17*70% -> 0 | AX17: =IF(AV17<>"", IF(AU17="", "", AU17+AW17), "") | AY17: =IF(AND(AT17<70, AX17<70), AN17, "") | BA17: =IF(AV17<>"", IF(AX17>=70, AX17, IF(AY17+AZ17>=70, AY17+AZ17, "")), IF(AR17<>"", IF(AT17>=70, AT17, ""), IF(AN17>=70, AN17, ""))) | BB17: =IF(AV17<>"", IF(AX17<70, IF(AY17+AZ17<70, AY17+AZ17, ""), ""), IF(AR17<>"", IF(AT17<70, AT17, ""), IF(AN17<70, AN17, ""))) -> 57.6875 | BD17: =IF(AND(NOT(ISBLANK(AY17)), NOT(ISBLANK(AZ17))), AY17 + AZ17, "")
A18: 8 | B18: DE LA CRUZ | C18: JUAN MANUEL | D18: 81 | F18: 86 | H18: 87 | J18: 86 | L18: 79 | N18: 88 | P18: 88 | R18: 90 | T18: 81 | V18: 89 | X18: 87 | Z18: 89 | AB18: 86 | AD18: 90 | AF18: 92 | AH18: 90 | AJ18: =SUMIF(D18:D18, ">=70") / 4 +SUMIF(F18:F18, ">=70") / 4 +SUMIF(H18:H18, ">=70") / 4 +SUMIF(J18:J18, ">=70") / 4 + SUMIF(E18:E18, ">1") / 4 + SUMIF(G18:G18, ">1") / 4 + SUMIF(I18:I18, ">1") / 4 + SUMIF(K18:K18, ">1") / 4 -> 85 | AK18: =SUMIF(L18:L18, ">=70") / 4 +SUMIF(N18:N18, ">=70") / 4 +SUMIF(P18:P18, ">=70") / 4 +SUMIF(R18:R18, ">=70") / 4 + SUMIF(M18:M18, ">1") / 4 + SUMIF(O18:O18, ">1") / 4 + SUMIF(Q18:Q18, ">1") / 4 + SUMIF(S18:S18, ">1") / 4 -> 86.25 | AL18: =SUMIF(T18:T18, ">=70") / 4 +SUMIF(V18:V18, ">=70") / 4 +SUMIF(X18:X18, ">=70") / 4 +SUMIF(Z18:Z18, ">=70") / 4 + SUMIF(U18:U18, ">1") / 4 + SUMIF(W18:W18, ">1") / 4 + SUMIF(Y18:Y18, ">1") / 4 + SUMIF(AA18:AA18, ">1") / 4 -> 86.5 | AM18: =SUMIF(AB18:AB18, ">=65") / 4 +SUMIF(AD18:AD18, ">=65") / 4 +SUMIF(AF18:AF18, ">=65") / 4 +SUMIF(AH18:AH18, ">=65") / 4 + SUMIF(AC18:AC18, ">1") / 4 + SUMIF(AE18:AE18, ">1") / 4 + SUMIF(AG18:AG18, ">1") / 4 + SUMIF(AI18:AI18, ">1") / 4 -> 89.5 | AN18: =AVERAGE(AJ18:AM18) -> 86.8125 | AQ18: =IF(AN18<70, AN18*0.5, "") | AS18: =AR18*50% -> 0 | AT18: =IF(AR18<>"", IF(AQ18="","",AQ18+AS18), "") | AU18: =IF(AT18 < 70, AQ18*30%, "") | AW18: =AV18*70% -> 0 | AX18: =IF(AV18<>"", IF(AU18="", "", AU18+AW18), "") | AY18: =IF(AND(AT18<70, AX18<70), AN18, "") | BA18: =IF(AV18<>"", IF(AX18>=70, AX18, IF(AY18+AZ18>=70, AY18+AZ18, "")), IF(AR18<>"", IF(AT18>=70, AT18, ""), IF(AN18>=70, AN18, ""))) -> 86.8125 | BB18: =IF(AV18<>"", IF(AX18<70, IF(AY18+AZ18<70, AY18+AZ18, ""), ""), IF(AR18<>"", IF(AT18<70, AT18, ""), IF(AN18<70, AN18, ""))) | BD18: =IF(AND(NOT(ISBLANK(AY18)), NOT(ISBLANK(AZ18))), AY18 + AZ18, "")
A19: 9 | B19: DE LA NIEVE | C19: DANIEL OMAR | D19: 97 | F19: 96 | H19: 95 | J19: 96 | L19: 96 | N19: 95 | P19: 98 | R19: 95 | T19: 98 | V19: 96 | X19: 95 | Z19: 96 | AB19: 84 | AD19: 88 | AF19: 90 | AH19: 85 | AJ19: =SUMIF(D19:D19, ">=70") / 4 +SUMIF(F19:F19, ">=70") / 4 +SUMIF(H19:H19, ">=70") / 4 +SUMIF(J19:J19, ">=70") / 4 + SUMIF(E19:E19, ">1") / 4 + SUMIF(G19:G19, ">1") / 4 + SUMIF(I19:I19, ">1") / 4 + SUMIF(K19:K19, ">1") / 4 -> 96 | AK19: =SUMIF(L19:L19, ">=70") / 4 +SUMIF(N19:N19, ">=70") / 4 +SUMIF(P19:P19, ">=70") / 4 +SUMIF(R19:R19, ">=70") / 4 + SUMIF(M19:M19, ">1") / 4 + SUMIF(O19:O19, ">1") / 4 + SUMIF(Q19:Q19, ">1") / 4 + SUMIF(S19:S19, ">1") / 4 -> 96 | AL19: =SUMIF(T19:T19, ">=70") / 4 +SUMIF(V19:V19, ">=70") / 4 +SUMIF(X19:X19, ">=70") / 4 +SUMIF(Z19:Z19, ">=70") / 4 + SUMIF(U19:U19, ">1") / 4 + SUMIF(W19:W19, ">1") / 4 + SUMIF(Y19:Y19, ">1") / 4 + SUMIF(AA19:AA19, ">1") / 4 -> 96.25 | AM19: =SUMIF(AB19:AB19, ">=65") / 4 +SUMIF(AD19:AD19, ">=65") / 4 +SUMIF(AF19:AF19, ">=65") / 4 +SUMIF(AH19:AH19, ">=65") / 4 + SUMIF(AC19:AC19, ">1") / 4 + SUMIF(AE19:AE19, ">1") / 4 + SUMIF(AG19:AG19, ">1") / 4 + SUMIF(AI19:AI19, ">1") / 4 -> 86.75 | AN19: =AVERAGE(AJ19:AM19) -> 93.75 | AQ19: =IF(AN19<70, AN19*0.5, "") | AS19: =AR19*50% -> 0 | AT19: =IF(AR19<>"", IF(AQ19="","",AQ19+AS19), "") | AU19: =IF(AT19 < 70, AQ19*30%, "") | AW19: =AV19*70% -> 0 | AX19: =IF(AV19<>"", IF(AU19="", "", AU19+AW19), "") | AY19: =IF(AND(AT19<70, AX19<70), AN19, "") | BA19: =IF(AV19<>"", IF(AX19>=70, AX19, IF(AY19+AZ19>=70, AY19+AZ19, "")), IF(AR19<>"", IF(AT19>=70, AT19, ""), IF(AN19>=70, AN19, ""))) -> 93.75 | BB19: =IF(AV19<>"", IF(AX19<70, IF(AY19+AZ19<70, AY19+AZ19, ""), ""), IF(AR19<>"", IF(AT19<70, AT19, ""), IF(AN19<70, AN19, ""))) | BD19: =IF(AND(NOT(ISBLANK(AY19)), NOT(ISBLANK(AZ19))), AY19 + AZ19, "")
A20: 10 | B20: DE LA ROSA ROJAS | C20: EMMANUEL JESUS | D20: 78 | F20: 80 | H20: 85 | J20: 86 | L20: 79 | N20: 82 | P20: 86 | R20: 90 | T20: 77 | V20: 81 | X20: 88 | Z20: 88 | AB20: 88 | AD20: 86 | AF20: 89 | AH20: 82 | AJ20: =SUMIF(D20:D20, ">=70") / 4 +SUMIF(F20:F20, ">=70") / 4 +SUMIF(H20:H20, ">=70") / 4 +SUMIF(J20:J20, ">=70") / 4 + SUMIF(E20:E20, ">1") / 4 + SUMIF(G20:G20, ">1") / 4 + SUMIF(I20:I20, ">1") / 4 + SUMIF(K20:K20, ">1") / 4 -> 82.25 | AK20: =SUMIF(L20:L20, ">=70") / 4 +SUMIF(N20:N20, ">=70") / 4 +SUMIF(P20:P20, ">=70") / 4 +SUMIF(R20:R20, ">=70") / 4 + SUMIF(M20:M20, ">1") / 4 + SUMIF(O20:O20, ">1") / 4 + SUMIF(Q20:Q20, ">1") / 4 + SUMIF(S20:S20, ">1") / 4 -> 84.25 | AL20: =SUMIF(T20:T20, ">=70") / 4 +SUMIF(V20:V20, ">=70") / 4 +SUMIF(X20:X20, ">=70") / 4 +SUMIF(Z20:Z20, ">=70") / 4 + SUMIF(U20:U20, ">1") / 4 + SUMIF(W20:W20, ">1") / 4 + SUMIF(Y20:Y20, ">1") / 4 + SUMIF(AA20:AA20, ">1") / 4 -> 83.5 | AM20: =SUMIF(AB20:AB20, ">=65") / 4 +SUMIF(AD20:AD20, ">=65") / 4 +SUMIF(AF20:AF20, ">=65") / 4 +SUMIF(AH20:AH20, ">=65") / 4 + SUMIF(AC20:AC20, ">1") / 4 + SUMIF(AE20:AE20, ">1") / 4 + SUMIF(AG20:AG20, ">1") / 4 + SUMIF(AI20:AI20, ">1") / 4 -> 86.25 | AN20: =AVERAGE(AJ20:AM20) -> 84.0625 | AQ20: =IF(AN20<70, AN20*0.5, "") | AS20: =AR20*50% -> 0 | AT20: =IF(AR20<>"", IF(AQ20="","",AQ20+AS20), "") | AU20: =IF(AT20 < 70, AQ20*30%, "") | AW20: =AV20*70% -> 0 | AX20: =IF(AV20<>"", IF(AU20="", "", AU20+AW20), "") | AY20: =IF(AND(AT20<70, AX20<70), AN20, "") | BA20: =IF(AV20<>"", IF(AX20>=70, AX20, IF(AY20+AZ20>=70, AY20+AZ20, "")), IF(AR20<>"", IF(AT20>=70, AT20, ""), IF(AN20>=70, AN20, ""))) -> 84.0625 | BB20: =IF(AV20<>"", IF(AX20<70, IF(AY20+AZ20<70, AY20+AZ20, ""), ""), IF(AR20<>"", IF(AT20<70, AT20, ""), IF(AN20<70, AN20, ""))) | BD20: =IF(AND(NOT(ISBLANK(AY20)), NOT(ISBLANK(AZ20))), AY20 + AZ20, "")
A21: 11 | B21: DE LEON | C21: LUIS KENDRY | D21: 70 | F21: 69 | H21: 62 | I21: 65 | J21: 60 | K21: 65 | L21: 69 | N21: 69 | P21: 62 | Q21: 65 | R21: 62 | S21: 65 | T21: 71 | V21: 71 | X21: 63 | Y21: 64 | Z21: 60 | AA21: 65 | AB21: 68 | AD21: 72 | AF21: 65 | AH21: 69 | AJ21: =SUMIF(D21:D21, ">=70") / 4 +SUMIF(F21:F21, ">=70") / 4 +SUMIF(H21:H21, ">=70") / 4 +SUMIF(J21:J21, ">=70") / 4 + SUMIF(E21:E21, ">1") / 4 + SUMIF(G21:G21, ">1") / 4 + SUMIF(I21:I21, ">1") / 4 + SUMIF(K21:K21, ">1") / 4 -> 50 | AK21: =SUMIF(L21:L21, ">=70") / 4 +SUMIF(N21:N21, ">=70") / 4 +SUMIF(P21:P21, ">=70") / 4 +SUMIF(R21:R21, ">=70") / 4 + SUMIF(M21:M21, ">1") / 4 + SUMIF(O21:O21, ">1") / 4 + SUMIF(Q21:Q21, ">1") / 4 + SUMIF(S21:S21, ">1") / 4 -> 32.5 | AL21: =SUMIF(T21:T21, ">=70") / 4 +SUMIF(V21:V21, ">=70") / 4 +SUMIF(X21:X21, ">=70") / 4 +SUMIF(Z21:Z21, ">=70") / 4 + SUMIF(U21:U21, ">1") / 4 + SUMIF(W21:W21, ">1") / 4 + SUMIF(Y21:Y21, ">1") / 4 + SUMIF(AA21:AA21, ">1") / 4 -> 67.75 | AM21: =SUMIF(AB21:AB21, ">=65") / 4 +SUMIF(AD21:AD21, ">=65") / 4 +SUMIF(AF21:AF21, ">=65") / 4 +SUMIF(AH21:AH21, ">=65") / 4 + SUMIF(AC21:AC21, ">1") / 4 + SUMIF(AE21:AE21, ">1") / 4 + SUMIF(AG21:AG21, ">1") / 4 + SUMIF(AI21:AI21, ">1") / 4 -> 68.5 | AN21: =AVERAGE(AJ21:AM21) -> 54.6875 | AQ21: =IF(AN21<70, AN21*0.5, "") -> 27.34375 | AS21: =AR21*50% -> 0 | AT21: =IF(AR21<>"", IF(AQ21="","",AQ21+AS21), "") | AU21: =IF(AT21 < 70, AQ21*30%, "") | AW21: =AV21*70% -> 0 | AX21: =IF(AV21<>"", IF(AU21="", "", AU21+AW21), "") | AY21: =IF(AND(AT21<70, AX21<70), AN21, "") | BA21: =IF(AV21<>"", IF(AX21>=70, AX21, IF(AY21+AZ21>=70, AY21+AZ21, "")), IF(AR21<>"", IF(AT21>=70, AT21, ""), IF(AN21>=70, AN21, ""))) | BB21: =IF(AV21<>"", IF(AX21<70, IF(AY21+AZ21<70, AY21+AZ21, ""), ""), IF(AR21<>"", IF(AT21<70, AT21, ""), IF(AN21<70, AN21, ""))) -> 54.6875 | BD21: =IF(AND(NOT(ISBLANK(AY21)), NOT(ISBLANK(AZ21))), AY21 + AZ21, "")
A22: 12 | B22: DELOSSANTE | C22: MIRDALENE | D22: 85 | F22: 84 | H22: 90 | J22: 91 | L22: 86 | N22: 85 | P22: 89 | R22: 90 | T22: 84 | V22: 87 | X22: 90 | Z22: 90 | AB22: 88 | AD22: 96 | AF22: 96 | AH22: 94 | AJ22: =SUMIF(D22:D22, ">=70") / 4 +SUMIF(F22:F22, ">=70") / 4 +SUMIF(H22:H22, ">=70") / 4 +SUMIF(J22:J22, ">=70") / 4 + SUMIF(E22:E22, ">1") / 4 + SUMIF(G22:G22, ">1") / 4 + SUMIF(I22:I22, ">1") / 4 + SUMIF(K22:K22, ">1") / 4 -> 87.5 | AK22: =SUMIF(L22:L22, ">=70") / 4 +SUMIF(N22:N22, ">=70") / 4 +SUMIF(P22:P22, ">=70") / 4 +SUMIF(R22:R22, ">=70") / 4 + SUMIF(M22:M22, ">1") / 4 + SUMIF(O22:O22, ">1") / 4 + SUMIF(Q22:Q22, ">1") / 4 + SUMIF(S22:S22, ">1") / 4 -> 87.5 | AL22: =SUMIF(T22:T22, ">=70") / 4 +SUMIF(V22:V22, ">=70") / 4 +SUMIF(X22:X22, ">=70") / 4 +SUMIF(Z22:Z22, ">=70") / 4 + SUMIF(U22:U22, ">1") / 4 + SUMIF(W22:W22, ">1") / 4 + SUMIF(Y22:Y22, ">1") / 4 + SUMIF(AA22:AA22, ">1") / 4 -> 87.75 | AM22: =SUMIF(AB22:AB22, ">=65") / 4 +SUMIF(AD22:AD22, ">=65") / 4 +SUMIF(AF22:AF22, ">=65") / 4 +SUMIF(AH22:AH22, ">=65") / 4 + SUMIF(AC22:AC22, ">1") / 4 + SUMIF(AE22:AE22, ">1") / 4 + SUMIF(AG22:AG22, ">1") / 4 + SUMIF(AI22:AI22, ">1") / 4 -> 93.5 | AN22: =AVERAGE(AJ22:AM22) -> 89.0625 | AQ22: =IF(AN22<70, AN22*0.5, "") | AS22: =AR22*50% -> 0 | AT22: =IF(AR22<>"", IF(AQ22="","",AQ22+AS22), "") | AU22: =IF(AT22 < 70, AQ22*30%, "") | AW22: =AV22*70% -> 0 | AX22: =IF(AV22<>"", IF(AU22="", "", AU22+AW22), "") | AY22: =IF(AND(AT22<70, AX22<70), AN22, "") | BA22: =IF(AV22<>"", IF(AX22>=70, AX22, IF(AY22+AZ22>=70, AY22+AZ22, "")), IF(AR22<>"", IF(AT22>=70, AT22, ""), IF(AN22>=70, AN22, ""))) -> 89.0625 | BB22: =IF(AV22<>"", IF(AX22<70, IF(AY22+AZ22<70, AY22+AZ22, ""), ""), IF(AR22<>"", IF(AT22<70, AT22, ""), IF(AN22<70, AN22, ""))) | BD22: =IF(AND(NOT(ISBLANK(AY22)), NOT(ISBLANK(AZ22))), AY22 + AZ22, "")
A23: 13 | B23: DOMINGUEZ MONTERO | C23: JADE YASELY | D23: 91 | F23: 90 | H23: 89 | J23: 89 | L23: 89 | N23: 89 | P23: 90 | R23: 90 | T23: 91 | V23: 90 | X23: 90 | Z23: 92 | AB23: 78 | AD23: 74 | AF23: 72 | AH23: 70 | AJ23: =SUMIF(D23:D23, ">=70") / 4 +SUMIF(F23:F23, ">=70") / 4 +SUMIF(H23:H23, ">=70") / 4 +SUMIF(J23:J23, ">=70") / 4 + SUMIF(E23:E23, ">1") / 4 + SUMIF(G23:G23, ">1") / 4 + SUMIF(I23:I23, ">1") / 4 + SUMIF(K23:K23, ">1") / 4 -> 89.75 | AK23: =SUMIF(L23:L23, ">=70") / 4 +SUMIF(N23:N23, ">=70") / 4 +SUMIF(P23:P23, ">=70") / 4 +SUMIF(R23:R23, ">=70") / 4 + SUMIF(M23:M23, ">1") / 4 + SUMIF(O23:O23, ">1") / 4 + SUMIF(Q23:Q23, ">1") / 4 + SUMIF(S23:S23, ">1") / 4 -> 89.5 | AL23: =SUMIF(T23:T23, ">=70") / 4 +SUMIF(V23:V23, ">=70") / 4 +SUMIF(X23:X23, ">=70") / 4 +SUMIF(Z23:Z23, ">=70") / 4 + SUMIF(U23:U23, ">1") / 4 + SUMIF(W23:W23, ">1") / 4 + SUMIF(Y23:Y23, ">1") / 4 + SUMIF(AA23:AA23, ">1") / 4 -> 90.75 | AM23: =SUMIF(AB23:AB23, ">=65") / 4 +SUMIF(AD23:AD23, ">=65") / 4 +SUMIF(AF23:AF23, ">=65") / 4 +SUMIF(AH23:AH23, ">=65") / 4 + SUMIF(AC23:AC23, ">1") / 4 + SUMIF(AE23:AE23, ">1") / 4 + SUMIF(AG23:AG23, ">1") / 4 + SUMIF(AI23:AI23, ">1") / 4 -> 73.5 | AN23: =AVERAGE(AJ23:AM23) -> 85.875 | AQ23: =IF(AN23<70, AN23*0.5, "") | AS23: =AR23*50% -> 0 | AT23: =IF(AR23<>"", IF(AQ23="","",AQ23+AS23), "") | AU23: =IF(AT23 < 70, AQ23*30%, "") | AW23: =AV23*70% -> 0 | AX23: =IF(AV23<>"", IF(AU23="", "", AU23+AW23), "") | AY23: =IF(AND(AT23<70, AX23<70), AN23, "") | BA23: =IF(AV23<>"", IF(AX23>=70, AX23, IF(AY23+AZ23>=70, AY23+AZ23, "")), IF(AR23<>"", IF(AT23>=70, AT23, ""), IF(AN23>=70, AN23, ""))) -> 85.875 | BB23: =IF(AV23<>"", IF(AX23<70, IF(AY23+AZ23<70, AY23+AZ23, ""), ""), IF(AR23<>"", IF(AT23<70, AT23, ""), IF(AN23<70, AN23, ""))) | BD23: =IF(AND(NOT(ISBLANK(AY23)), NOT(ISBLANK(AZ23))), AY23 + AZ23, "")
A24: 14 | B24: FERNANDEZ CUELLO | C24: JUAN FRANCISCO | D24: 94 | F24: 96 | H24: 98 | J24: 98 | L24: 94 | N24: 95 | P24: 100 | R24: 98 | T24: 96 | V24: 96 | X24: 100 | Z24: 98 | AB24: 80 | AD24: 82 | AF24: 80 | AH24: 78 | AJ24: =SUMIF(D24:D24, ">=70") / 4 +SUMIF(F24:F24, ">=70") / 4 +SUMIF(H24:H24, ">=70") / 4 +SUMIF(J24:J24, ">=70") / 4 + SUMIF(E24:E24, ">1") / 4 + SUMIF(G24:G24, ">1") / 4 + SUMIF(I24:I24, ">1") / 4 + SUMIF(K24:K24, ">1") / 4 -> 96.5 | AK24: =SUMIF(L24:L24, ">=70") / 4 +SUMIF(N24:N24, ">=70") / 4 +SUMIF(P24:P24, ">=70") / 4 +SUMIF(R24:R24, ">=70") / 4 + SUMIF(M24:M24, ">1") / 4 + SUMIF(O24:O24, ">1") / 4 + SUMIF(Q24:Q24, ">1") / 4 + SUMIF(S24:S24, ">1") / 4 -> 96.75 | AL24: =SUMIF(T24:T24, ">=70") / 4 +SUMIF(V24:V24, ">=70") / 4 +SUMIF(X24:X24, ">=70") / 4 +SUMIF(Z24:Z24, ">=70") / 4 + SUMIF(U24:U24, ">1") / 4 + SUMIF(W24:W24, ">1") / 4 + SUMIF(Y24:Y24, ">1") / 4 + SUMIF(AA24:AA24, ">1") / 4 -> 97.5 | AM24: =SUMIF(AB24:AB24, ">=65") / 4 +SUMIF(AD24:AD24, ">=65") / 4 +SUMIF(AF24:AF24, ">=65") / 4 +SUMIF(AH24:AH24, ">=65") / 4 + SUMIF(AC24:AC24, ">1") / 4 + SUMIF(AE24:AE24, ">1") / 4 + SUMIF(AG24:AG24, ">1") / 4 + SUMIF(AI24:AI24, ">1") / 4 -> 80 | AN24: =AVERAGE(AJ24:AM24) -> 92.6875 | AQ24: =IF(AN24<70, AN24*0.5, "") | AS24: =AR24*50% -> 0 | AT24: =IF(AR24<>"", IF(AQ24="","",AQ24+AS24), "") | AU24: =IF(AT24 < 70, AQ24*30%, "") | AW24: =AV24*70% -> 0 | AX24: =IF(AV24<>"", IF(AU24="", "", AU24+AW24), "") | AY24: =IF(AND(AT24<70, AX24<70), AN24, "") | BA24: =IF(AV24<>"", IF(AX24>=70, AX24, IF(AY24+AZ24>=70, AY24+AZ24, "")), IF(AR24<>"", IF(AT24>=70, AT24, ""), IF(AN24>=70, AN24, ""))) -> 92.6875 | BB24: =IF(AV24<>"", IF(AX24<70, IF(AY24+AZ24<70, AY24+AZ24, ""), ""), IF(AR24<>"", IF(AT24<70, AT24, ""), IF(AN24<70, AN24, ""))) | BD24: =IF(AND(NOT(ISBLANK(AY24)), NOT(ISBLANK(AZ24))), AY24 + AZ24, "")
A25: 15 | B25: GOIN HIPPOLYTE | C25: ABIGAELLE | D25: 74 | F25: 75 | H25: 80 | J25: 80 | L25: 76 | N25: 74 | P25: 83 | R25: 80 | T25: 70 | V25: 78 | X25: 85 | Z25: 81 | AB25: 78 | AD25: 78 | AF25: 84 | AH25: 82 | AJ25: =SUMIF(D25:D25, ">=70") / 4 +SUMIF(F25:F25, ">=70") / 4 +SUMIF(H25:H25, ">=70") / 4 +SUMIF(J25:J25, ">=70") / 4 + SUMIF(E25:E25, ">1") / 4 + SUMIF(G25:G25, ">1") / 4 + SUMIF(I25:I25, ">1") / 4 + SUMIF(K25:K25, ">1") / 4 -> 77.25 | AK25: =SUMIF(L25:L25, ">=70") / 4 +SUMIF(N25:N25, ">=70") / 4 +SUMIF(P25:P25, ">=70") / 4 +SUMIF(R25:R25, ">=70") / 4 + SUMIF(M25:M25, ">1") / 4 + SUMIF(O25:O25, ">1") / 4 + SUMIF(Q25:Q25, ">1") / 4 + SUMIF(S25:S25, ">1") / 4 -> 78.25 | AL25: =SUMIF(T25:T25, ">=70") / 4 +SUMIF(V25:V25, ">=70") / 4 +SUMIF(X25:X25, ">=70") / 4 +SUMIF(Z25:Z25, ">=70") / 4 + SUMIF(U25:U25, ">1") / 4 + SUMIF(W25:W25, ">1") / 4 + SUMIF(Y25:Y25, ">1") / 4 + SUMIF(AA25:AA25, ">1") / 4 -> 78.5 | AM25: =SUMIF(AB25:AB25, ">=65") / 4 +SUMIF(AD25:AD25, ">=65") / 4 +SUMIF(AF25:AF25, ">=65") / 4 +SUMIF(AH25:AH25, ">=65") / 4 + SUMIF(AC25:AC25, ">1") / 4 + SUMIF(AE25:AE25, ">1") / 4 + SUMIF(AG25:AG25, ">1") / 4 + SUMIF(AI25:AI25, ">1") / 4 -> 80.5 | AN25: =AVERAGE(AJ25:AM25) -> 78.625 | AQ25: =IF(AN25<70, AN25*0.5, "") | AS25: =AR25*50% -> 0 | AT25: =IF(AR25<>"", IF(AQ25="","",AQ25+AS25), "") | AU25: =IF(AT25 < 70, AQ25*30%, "") | AW25: =AV25*70% -> 0 | AX25: =IF(AV25<>"", IF(AU25="", "", AU25+AW25), "") | AY25: =IF(AND(AT25<70, AX25<70), AN25, "") | BA25: =IF(AV25<>"", IF(AX25>=70, AX25, IF(AY25+AZ25>=70, AY25+AZ25, "")), IF(AR25<>"", IF(AT25>=70, AT25, ""), IF(AN25>=70, AN25, ""))) -> 78.625 | BB25: =IF(AV25<>"", IF(AX25<70, IF(AY25+AZ25<70, AY25+AZ25, ""), ""), IF(AR25<>"", IF(AT25<70, AT25, ""), IF(AN25<70, AN25, ""))) | BD25: =IF(AND(NOT(ISBLANK(AY25)), NOT(ISBLANK(AZ25))), AY25 + AZ25, "")
A26: 16 | B26: HERNANDEZ SORIANO | C26: ELIAN | D26: 75 | F26: 74 | H26: 85 | J26: 82 | L26: 76 | N26: 76 | P26: 87 | R26: 80 | T26: 74 | V26: 77 | X26: 89 | Z26: 85 | AB26: 88 | AD26: 90 | AF26: 90 | AH26: 92 | AJ26: =SUMIF(D26:D26, ">=70") / 4 +SUMIF(F26:F26, ">=70") / 4 +SUMIF(H26:H26, ">=70") / 4 +SUMIF(J26:J26, ">=70") / 4 + SUMIF(E26:E26, ">1") / 4 + SUMIF(G26:G26, ">1") / 4 + SUMIF(I26:I26, ">1") / 4 + SUMIF(K26:K26, ">1") / 4 -> 79 | AK26: =SUMIF(L26:L26, ">=70") / 4 +SUMIF(N26:N26, ">=70") / 4 +SUMIF(P26:P26, ">=70") / 4 +SUMIF(R26:R26, ">=70") / 4 + SUMIF(M26:M26, ">1") / 4 + SUMIF(O26:O26, ">1") / 4 + SUMIF(Q26:Q26, ">1") / 4 + SUMIF(S26:S26, ">1") / 4 -> 79.75 | AL26: =SUMIF(T26:T26, ">=70") / 4 +SUMIF(V26:V26, ">=70") / 4 +SUMIF(X26:X26, ">=70") / 4 +SUMIF(Z26:Z26, ">=70") / 4 + SUMIF(U26:U26, ">1") / 4 + SUMIF(W26:W26, ">1") / 4 + SUMIF(Y26:Y26, ">1") / 4 + SUMIF(AA26:AA26, ">1") / 4 -> 81.25 | AM26: =SUMIF(AB26:AB26, ">=65") / 4 +SUMIF(AD26:AD26, ">=65") / 4 +SUMIF(AF26:AF26, ">=65") / 4 +SUMIF(AH26:AH26, ">=65") / 4 + SUMIF(AC26:AC26, ">1") / 4 + SUMIF(AE26:AE26, ">1") / 4 + SUMIF(AG26:AG26, ">1") / 4 + SUMIF(AI26:AI26, ">1") / 4 -> 90 | AN26: =AVERAGE(AJ26:AM26) -> 82.5 | AQ26: =IF(AN26<70, AN26*0.5, "") | AS26: =AR26*50% -> 0 | AT26: =IF(AR26<>"", IF(AQ26="","",AQ26+AS26), "") | AU26: =IF(AT26 < 70, AQ26*30%, "") | AW26: =AV26*70% -> 0 | AX26: =IF(AV26<>"", IF(AU26="", "", AU26+AW26), "") | AY26: =IF(AND(AT26<70, AX26<70), AN26, "") | BA26: =IF(AV26<>"", IF(AX26>=70, AX26, IF(AY26+AZ26>=70, AY26+AZ26, "")), IF(AR26<>"", IF(AT26>=70, AT26, ""), IF(AN26>=70, AN26, ""))) -> 82.5 | BB26: =IF(AV26<>"", IF(AX26<70, IF(AY26+AZ26<70, AY26+AZ26, ""), ""), IF(AR26<>"", IF(AT26<70, AT26, ""), IF(AN26<70, AN26, ""))) | BD26: =IF(AND(NOT(ISBLANK(AY26)), NOT(ISBLANK(AZ26))), AY26 + AZ26, "")
A27: 17 | B27: JANVIER CORASME | C27: GISELENE | D27: 79 | F27: 78 | H27: 85 | J27: 80 | L27: 78 | N27: 79 | P27: 85 | R27: 81 | T27: 80 | V27: 80 | X27: 89 | Z27: 80 | AB27: 78 | AD27: 62 | AF27: 0 | AH27: 0 | AJ27: =SUMIF(D27:D27, ">=70") / 4 +SUMIF(F27:F27, ">=70") / 4 +SUMIF(H27:H27, ">=70") / 4 +SUMIF(J27:J27, ">=70") / 4 + SUMIF(E27:E27, ">1") / 4 + SUMIF(G27:G27, ">1") / 4 + SUMIF(I27:I27, ">1") / 4 + SUMIF(K27:K27, ">1") / 4 -> 80.5 | AK27: =SUMIF(L27:L27, ">=70") / 4 +SUMIF(N27:N27, ">=70") / 4 +SUMIF(P27:P27, ">=70") / 4 +SUMIF(R27:R27, ">=70") / 4 + SUMIF(M27:M27, ">1") / 4 + SUMIF(O27:O27, ">1") / 4 + SUMIF(Q27:Q27, ">1") / 4 + SUMIF(S27:S27, ">1") / 4 -> 80.75 | AL27: =SUMIF(T27:T27, ">=70") / 4 +SUMIF(V27:V27, ">=70") / 4 +SUMIF(X27:X27, ">=70") / 4 +SUMIF(Z27:Z27, ">=70") / 4 + SUMIF(U27:U27, ">1") / 4 + SUMIF(W27:W27, ">1") / 4 + SUMIF(Y27:Y27, ">1") / 4 + SUMIF(AA27:AA27, ">1") / 4 -> 82.25 | AM27: =SUMIF(AB27:AB27, ">=65") / 4 +SUMIF(AD27:AD27, ">=65") / 4 +SUMIF(AF27:AF27, ">=65") / 4 +SUMIF(AH27:AH27, ">=65") / 4 + SUMIF(AC27:AC27, ">1") / 4 + SUMIF(AE27:AE27, ">1") / 4 + SUMIF(AG27:AG27, ">1") / 4 + SUMIF(AI27:AI27, ">1") / 4 -> 19.5 | AN27: =AVERAGE(AJ27:AM27) -> 65.75 | AQ27: =IF(AN27<70, AN27*0.5, "") -> 32.875 | AS27: =AR27*50% -> 0 | AT27: =IF(AR27<>"", IF(AQ27="","",AQ27+AS27), "") | AU27: =IF(AT27 < 70, AQ27*30%, "") | AW27: =AV27*70% -> 0 | AX27: =IF(AV27<>"", IF(AU27="", "", AU27+AW27), "") | AY27: =IF(AND(AT27<70, AX27<70), AN27, "") | BA27: =IF(AV27<>"", IF(AX27>=70, AX27, IF(AY27+AZ27>=70, AY27+AZ27, "")), IF(AR27<>"", IF(AT27>=70, AT27, ""), IF(AN27>=70, AN27, ""))) | BB27: =IF(AV27<>"", IF(AX27<70, IF(AY27+AZ27<70, AY27+AZ27, ""), ""), IF(AR27<>"", IF(AT27<70, AT27, ""), IF(AN27<70, AN27, ""))) -> 65.75 | BD27: =IF(AND(NOT(ISBLANK(AY27)), NOT(ISBLANK(AZ27))), AY27 + AZ27, "")
A28: 18 | B28: JEAN BAPTISTE | C28: ESTEICI | D28: 75 | F28: 79 | H28: 80 | J28: 80 | L28: 76 | N28: 78 | P28: 82 | R28: 80 | T28: 71 | V28: 80 | X28: 80 | Z28: 79 | AB28: 75 | AD28: 88 | AF28: 86 | AH28: 78 | AJ28: =SUMIF(D28:D28, ">=70") / 4 +SUMIF(F28:F28, ">=70") / 4 +SUMIF(H28:H28, ">=70") / 4 +SUMIF(J28:J28, ">=70") / 4 + SUMIF(E28:E28, ">1") / 4 + SUMIF(G28:G28, ">1") / 4 + SUMIF(I28:I28, ">1") / 4 + SUMIF(K28:K28, ">1") / 4 -> 78.5 | AK28: =SUMIF(L28:L28, ">=70") / 4 +SUMIF(N28:N28, ">=70") / 4 +SUMIF(P28:P28, ">=70") / 4 +SUMIF(R28:R28, ">=70") / 4 + SUMIF(M28:M28, ">1") / 4 + SUMIF(O28:O28, ">1") / 4 + SUMIF(Q28:Q28, ">1") / 4 + SUMIF(S28:S28, ">1") / 4 -> 79 | AL28: =SUMIF(T28:T28, ">=70") / 4 +SUMIF(V28:V28, ">=70") / 4 +SUMIF(X28:X28, ">=70") / 4 +SUMIF(Z28:Z28, ">=70") / 4 + SUMIF(U28:U28, ">1") / 4 + SUMIF(W28:W28, ">1") / 4 + SUMIF(Y28:Y28, ">1") / 4 + SUMIF(AA28:AA28, ">1") / 4 -> 77.5 | AM28: =SUMIF(AB28:AB28, ">=65") / 4 +SUMIF(AD28:AD28, ">=65") / 4 +SUMIF(AF28:AF28, ">=65") / 4 +SUMIF(AH28:AH28, ">=65") / 4 + SUMIF(AC28:AC28, ">1") / 4 + SUMIF(AE28:AE28, ">1") / 4 + SUMIF(AG28:AG28, ">1") / 4 + SUMIF(AI28:AI28, ">1") / 4 -> 81.75 | AN28: =AVERAGE(AJ28:AM28) -> 79.1875 | AQ28: =IF(AN28<70, AN28*0.5, "") | AS28: =AR28*50% -> 0 | AT28: =IF(AR28<>"", IF(AQ28="","",AQ28+AS28), "") | AU28: =IF(AT28 < 70, AQ28*30%, "") | AW28: =AV28*70% -> 0 | AX28: =IF(AV28<>"", IF(AU28="", "", AU28+AW28), "") | AY28: =IF(AND(AT28<70, AX28<70), AN28, "") | BA28: =IF(AV28<>"", IF(AX28>=70, AX28, IF(AY28+AZ28>=70, AY28+AZ28, "")), IF(AR28<>"", IF(AT28>=70, AT28, ""), IF(AN28>=70, AN28, ""))) -> 79.1875 | BB28: =IF(AV28<>"", IF(AX28<70, IF(AY28+AZ28<70, AY28+AZ28, ""), ""), IF(AR28<>"", IF(AT28<70, AT28, ""), IF(AN28<70, AN28, ""))) | BD28: =IF(AND(NOT(ISBLANK(AY28)), NOT(ISBLANK(AZ28))), AY28 + AZ28, "")
A29: 19 | B29: JIMENEZ PAYANO | C29: ANDY JUNIOR | D29: 92 | F29: 94 | H29: 90 | J29: 89 | L29: 91 | N29: 91 | P29: 89 | R29: 90 | T29: 90 | V29: 95 | X29: 89 | Z29: 89 | AB29: 92 | AD29: 90 | AF29: 92 | AH29: 94 | AJ29: =SUMIF(D29:D29, ">=70") / 4 +SUMIF(F29:F29, ">=70") / 4 +SUMIF(H29:H29, ">=70") / 4 +SUMIF(J29:J29, ">=70") / 4 + SUMIF(E29:E29, ">1") / 4 + SUMIF(G29:G29, ">1") / 4 + SUMIF(I29:I29, ">1") / 4 + SUMIF(K29:K29, ">1") / 4 -> 91.25 | AK29: =SUMIF(L29:L29, ">=70") / 4 +SUMIF(N29:N29, ">=70") / 4 +SUMIF(P29:P29, ">=70") / 4 +SUMIF(R29:R29, ">=70") / 4 + SUMIF(M29:M29, ">1") / 4 + SUMIF(O29:O29, ">1") / 4 + SUMIF(Q29:Q29, ">1") / 4 + SUMIF(S29:S29, ">1") / 4 -> 90.25 | AL29: =SUMIF(T29:T29, ">=70") / 4 +SUMIF(V29:V29, ">=70") / 4 +SUMIF(X29:X29, ">=70") / 4 +SUMIF(Z29:Z29, ">=70") / 4 + SUMIF(U29:U29, ">1") / 4 + SUMIF(W29:W29, ">1") / 4 + SUMIF(Y29:Y29, ">1") / 4 + SUMIF(AA29:AA29, ">1") / 4 -> 90.75 | AM29: =SUMIF(AB29:AB29, ">=65") / 4 +SUMIF(AD29:AD29, ">=65") / 4 +SUMIF(AF29:AF29, ">=65") / 4 +SUMIF(AH29:AH29, ">=65") / 4 + SUMIF(AC29:AC29, ">1") / 4 + SUMIF(AE29:AE29, ">1") / 4 + SUMIF(AG29:AG29, ">1") / 4 + SUMIF(AI29:AI29, ">1") / 4 -> 92 | AN29: =AVERAGE(AJ29:AM29) -> 91.0625 | AQ29: =IF(AN29<70, AN29*0.5, "") | AS29: =AR29*50% -> 0 | AT29: =IF(AR29<>"", IF(AQ29="","",AQ29+AS29), "") | AU29: =IF(AT29 < 70, AQ29*30%, "") | AW29: =AV29*70% -> 0 | AX29: =IF(AV29<>"", IF(AU29="", "", AU29+AW29), "") | AY29: =IF(AND(AT29<70, AX29<70), AN29, "") | BA29: =IF(AV29<>"", IF(AX29>=70, AX29, IF(AY29+AZ29>=70, AY29+AZ29, "")), IF(AR29<>"", IF(AT29>=70, AT29, ""), IF(AN29>=70, AN29, ""))) -> 91.0625 | BB29: =IF(AV29<>"", IF(AX29<70, IF(AY29+AZ29<70, AY29+AZ29, ""), ""), IF(AR29<>"", IF(AT29<70, AT29, ""), IF(AN29<70, AN29, ""))) | BD29: =IF(AND(NOT(ISBLANK(AY29)), NOT(ISBLANK(AZ29))), AY29 + AZ29, "")
A30: 20 | B30: MONTAS LOPEZ | C30: EDUARDO AUGUSTO | D30: 72 | F30: 78 | H30: 78 | J30: 80 | L30: 70 | N30: 78 | P30: 80 | R30: 79 | T30: 71 | V30: 80 | X30: 81 | Z30: 80 | AB30: 92 | AD30: 92 | AF30: 90 | AH30: 90 | AJ30: =SUMIF(D30:D30, ">=70") / 4 +SUMIF(F30:F30, ">=70") / 4 +SUMIF(H30:H30, ">=70") / 4 +SUMIF(J30:J30, ">=70") / 4 + SUMIF(E30:E30, ">1") / 4 + SUMIF(G30:G30, ">1") / 4 + SUMIF(I30:I30, ">1") / 4 + SUMIF(K30:K30, ">1") / 4 -> 77 | AK30: =SUMIF(L30:L30, ">=70") / 4 +SUMIF(N30:N30, ">=70") / 4 +SUMIF(P30:P30, ">=70") / 4 +SUMIF(R30:R30, ">=70") / 4 + SUMIF(M30:M30, ">1") / 4 + SUMIF(O30:O30, ">1") / 4 + SUMIF(Q30:Q30, ">1") / 4 + SUMIF(S30:S30, ">1") / 4 -> 76.75 | AL30: =SUMIF(T30:T30, ">=70") / 4 +SUMIF(V30:V30, ">=70") / 4 +SUMIF(X30:X30, ">=70") / 4 +SUMIF(Z30:Z30, ">=70") / 4 + SUMIF(U30:U30, ">1") / 4 + SUMIF(W30:W30, ">1") / 4 + SUMIF(Y30:Y30, ">1") / 4 + SUMIF(AA30:AA30, ">1") / 4 -> 78 | AM30: =SUMIF(AB30:AB30, ">=65") / 4 +SUMIF(AD30:AD30, ">=65") / 4 +SUMIF(AF30:AF30, ">=65") / 4 +SUMIF(AH30:AH30, ">=65") / 4 + SUMIF(AC30:AC30, ">1") / 4 + SUMIF(AE30:AE30, ">1") / 4 + SUMIF(AG30:AG30, ">1") / 4 + SUMIF(AI30:AI30, ">1") / 4 -> 91 | AN30: =AVERAGE(AJ30:AM30) -> 80.6875 | AQ30: =IF(AN30<70, AN30*0.5, "") | AS30: =AR30*50% -> 0 | AT30: =IF(AR30<>"", IF(AQ30="","",AQ30+AS30), "") | AU30: =IF(AT30 < 70, AQ30*30%, "") | AW30: =AV30*70% -> 0 | AX30: =IF(AV30<>"", IF(AU30="", "", AU30+AW30), "") | AY30: =IF(AND(AT30<70, AX30<70), AN30, "") | BA30: =IF(AV30<>"", IF(AX30>=70, AX30, IF(AY30+AZ30>=70, AY30+AZ30, "")), IF(AR30<>"", IF(AT30>=70, AT30, ""), IF(AN30>=70, AN30, ""))) -> 80.6875 | BB30: =IF(AV30<>"", IF(AX30<70, IF(AY30+AZ30<70, AY30+AZ30, ""), ""), IF(AR30<>"", IF(AT30<70, AT30, ""), IF(AN30<70, AN30, ""))) | BD30: =IF(AND(NOT(ISBLANK(AY30)), NOT(ISBLANK(AZ30))), AY30 + AZ30, "")
A31: 21 | B31: MORALES DE LA CRUZ | C31: FREDELIN NATANAEL | D31: 70 | F31: 71 | H31: 72 | J31: 70 | L31: 71 | N31: 72 | P31: 70 | R31: 65 | T31: 70 | V31: 70 | X31: 70 | Z31: 64 | AA31: 68 | AB31: 86 | AD31: 88 | AF31: 89 | AH31: 85 | AJ31: =SUMIF(D31:D31, ">=70") / 4 +SUMIF(F31:F31, ">=70") / 4 +SUMIF(H31:H31, ">=70") / 4 +SUMIF(J31:J31, ">=70") / 4 + SUMIF(E31:E31, ">1") / 4 + SUMIF(G31:G31, ">1") / 4 + SUMIF(I31:I31, ">1") / 4 + SUMIF(K31:K31, ">1") / 4 -> 70.75 | AK31: =SUMIF(L31:L31, ">=70") / 4 +SUMIF(N31:N31, ">=70") / 4 +SUMIF(P31:P31, ">=70") / 4 +SUMIF(R31:R31, ">=70") / 4 + SUMIF(M31:M31, ">1") / 4 + SUMIF(O31:O31, ">1") / 4 + SUMIF(Q31:Q31, ">1") / 4 + SUMIF(S31:S31, ">1") / 4 -> 53.25 | AL31: =SUMIF(T31:T31, ">=70") / 4 +SUMIF(V31:V31, ">=70") / 4 +SUMIF(X31:X31, ">=70") / 4 +SUMIF(Z31:Z31, ">=70") / 4 + SUMIF(U31:U31, ">1") / 4 + SUMIF(W31:W31, ">1") / 4 + SUMIF(Y31:Y31, ">1") / 4 + SUMIF(AA31:AA31, ">1") / 4 -> 69.5 | AM31: =SUMIF(AB31:AB31, ">=65") / 4 +SUMIF(AD31:AD31, ">=65") / 4 +SUMIF(AF31:AF31, ">=65") / 4 +SUMIF(AH31:AH31, ">=65") / 4 + SUMIF(AC31:AC31, ">1") / 4 + SUMIF(AE31:AE31, ">1") / 4 + SUMIF(AG31:AG31, ">1") / 4 + SUMIF(AI31:AI31, ">1") / 4 -> 87 | AN31: =AVERAGE(AJ31:AM31) -> 70.125 | AQ31: =IF(AN31<70, AN31*0.5, "") | AS31: =AR31*50% -> 0 | AT31: =IF(AR31<>"", IF(AQ31="","",AQ31+AS31), "") | AU31: =IF(AT31 < 70, AQ31*30%, "") | AW31: =AV31*70% -> 0 | AX31: =IF(AV31<>"", IF(AU31="", "", AU31+AW31), "") | AY31: =IF(AND(AT31<70, AX31<70), AN31, "") | BA31: =IF(AV31<>"", IF(AX31>=70, AX31, IF(AY31+AZ31>=70, AY31+AZ31, "")), IF(AR31<>"", IF(AT31>=70, AT31, ""), IF(AN31>=70, AN31, ""))) -> 70.125 | BB31: =IF(AV31<>"", IF(AX31<70, IF(AY31+AZ31<70, AY31+AZ31, ""), ""), IF(AR31<>"", IF(AT31<70, AT31, ""), IF(AN31<70, AN31, ""))) | BD31: =IF(AND(NOT(ISBLANK(AY31)), NOT(ISBLANK(AZ31))), AY31 + AZ31, "")
